txn_id,sender_id,receiver_id,amount_inr,timestamp,label,fraud_type
TXN_005720,ACC_0243,ACC_0448,219465.29,2025-01-01 01:09:01.000000,0,CLEAN
TXN_006471,ACC_0480,ACC_0153,33613.62,2025-01-01 01:38:52.000000,0,CLEAN
TXN_004353,ACC_0093,ACC_0020,45402.17,2025-01-01 02:29:51.000000,0,CLEAN
TXN_003447,ACC_0497,ACC_0085,69028.82,2025-01-01 02:31:48.000000,0,CLEAN
TXN_005064,ACC_0338,ACC_0428,38072.11,2025-01-01 02:59:26.000000,0,CLEAN
TXN_000472,ACC_0225,ACC_0234,128151.1,2025-01-01 03:09:00.000000,0,CLEAN
TXN_006391,ACC_0414,ACC_0326,7228794.04,2025-01-01 03:21:46.000000,0,CLEAN
TXN_003444,ACC_0231,ACC_0021,19568.35,2025-01-01 04:39:54.000000,0,CLEAN
TXN_002530,ACC_0360,ACC_0324,869.14,2025-01-01 06:21:18.000000,0,CLEAN
TXN_000609,ACC_0486,ACC_0171,641168.15,2025-01-01 06:48:48.000000,0,CLEAN
TXN_005900,ACC_0256,ACC_0422,59585.69,2025-01-01 07:25:01.000000,0,CLEAN
TXN_004061,ACC_0295,ACC_0378,478571.51,2025-01-01 07:49:20.000000,0,CLEAN
TXN_003514,ACC_0452,ACC_0232,32254.05,2025-01-01 09:06:38.000000,0,CLEAN
TXN_003368,ACC_0378,ACC_0250,44794.06,2025-01-01 09:43:13.000000,0,CLEAN
TXN_001110,ACC_0337,ACC_0113,23441.97,2025-01-01 10:14:18.000000,0,CLEAN
TXN_002667,ACC_0013,ACC_0406,46031.45,2025-01-01 11:24:08.000000,0,CLEAN
TXN_000454,ACC_0167,ACC_0298,32105.2,2025-01-01 11:31:31.000000,0,CLEAN
TXN_000576,ACC_0379,ACC_0260,3516.17,2025-01-01 11:58:12.000000,0,CLEAN
TXN_001026,ACC_0169,ACC_0120,613465.59,2025-01-01 12:45:36.000000,0,CLEAN
TXN_000079,ACC_0130,ACC_0419,201920.85,2025-01-01 14:03:11.000000,0,CLEAN
TXN_004010,ACC_0338,ACC_0096,6121.18,2025-01-01 14:34:57.000000,0,CLEAN
TXN_005791,ACC_0431,ACC_0428,327804.88,2025-01-01 15:01:36.000000,0,CLEAN
TXN_002371,ACC_0276,ACC_0115,72227.78,2025-01-01 15:24:48.000000,0,CLEAN
TXN_006041,ACC_0204,ACC_0147,657.31,2025-01-01 15:33:11.000000,0,CLEAN
TXN_003600,ACC_0112,ACC_0472,3826.35,2025-01-01 17:13:46.000000,0,CLEAN
TXN_002114,ACC_0267,ACC_0059,89160.34,2025-01-01 19:09:12.000000,0,CLEAN
TXN_003083,ACC_0108,ACC_0299,5800.26,2025-01-01 19:13:38.000000,0,CLEAN
TXN_001130,ACC_0493,ACC_0255,75139.32,2025-01-01 20:12:53.000000,0,CLEAN
TXN_000966,ACC_0324,ACC_0029,444567.31,2025-01-01 21:57:59.000000,0,CLEAN
TXN_002509,ACC_0293,ACC_0460,17913.56,2025-01-01 23:39:47.000000,0,CLEAN
TXN_003525,ACC_0229,ACC_0161,22530.92,2025-01-02 00:02:38.000000,0,CLEAN
TXN_005213,ACC_0071,ACC_0458,65977.72,2025-01-02 00:24:10.000000,0,CLEAN
TXN_001455,ACC_0493,ACC_0325,285402.9,2025-01-02 00:39:22.000000,0,CLEAN
TXN_003043,ACC_0414,ACC_0023,7215.13,2025-01-02 00:59:02.000000,0,CLEAN
TXN_005749,ACC_0269,ACC_0099,164375.68,2025-01-02 02:09:56.000000,0,CLEAN
TXN_006225,ACC_0390,ACC_0213,218764.71,2025-01-02 02:26:09.000000,0,CLEAN
TXN_002008,ACC_0278,ACC_0414,4785.7,2025-01-02 02:47:58.000000,0,CLEAN
TXN_005107,ACC_0206,ACC_0344,20581.14,2025-01-02 03:44:32.000000,0,CLEAN
TXN_002436,ACC_0249,ACC_0041,14676.88,2025-01-02 05:35:28.000000,0,CLEAN
TXN_006303,ACC_0294,ACC_0150,446548.06,2025-01-02 05:36:41.000000,0,CLEAN
TXN_003961,ACC_0357,ACC_0157,581893.79,2025-01-02 05:55:14.000000,0,CLEAN
TXN_005125,ACC_0368,ACC_0480,31373.28,2025-01-02 06:03:46.000000,0,CLEAN
TXN_002013,ACC_0307,ACC_0308,24774.4,2025-01-02 06:37:57.000000,0,CLEAN
TXN_003607,ACC_0094,ACC_0423,277860.67,2025-01-02 07:20:33.000000,0,CLEAN
TXN_005934,ACC_0040,ACC_0077,44479.58,2025-01-02 08:25:14.000000,0,CLEAN
TXN_003497,ACC_0310,ACC_0107,22461.39,2025-01-02 09:15:12.000000,0,CLEAN
TXN_003985,ACC_0136,ACC_0385,3320.48,2025-01-02 09:40:43.000000,0,CLEAN
TXN_003988,ACC_0267,ACC_0406,136178.27,2025-01-02 09:50:35.000000,0,CLEAN
TXN_004255,ACC_0425,ACC_0381,56526.07,2025-01-02 09:58:30.000000,0,CLEAN
TXN_001239,ACC_0275,ACC_0273,472560.03,2025-01-02 10:09:46.000000,0,CLEAN
TXN_002239,ACC_0217,ACC_0310,130739.75,2025-01-02 10:37:34.000000,0,CLEAN
TXN_003752,ACC_0141,ACC_0103,49726.9,2025-01-02 10:41:17.000000,0,CLEAN
TXN_003191,ACC_0026,ACC_0171,127925.43,2025-01-02 12:41:48.000000,0,CLEAN
TXN_004657,ACC_0420,ACC_0287,2891425.91,2025-01-02 13:01:00.000000,0,CLEAN
TXN_000596,ACC_0283,ACC_0233,40861.88,2025-01-02 13:08:20.000000,0,CLEAN
TXN_000488,ACC_0227,ACC_0004,26070.34,2025-01-02 13:34:27.000000,0,CLEAN
TXN_003583,ACC_0149,ACC_0189,2064.28,2025-01-02 13:39:50.000000,0,CLEAN
TXN_002208,ACC_0045,ACC_0299,21437.11,2025-01-02 13:50:18.000000,0,CLEAN
TXN_001637,ACC_0240,ACC_0274,370841.57,2025-01-02 14:45:37.000000,0,CLEAN
TXN_001878,ACC_0335,ACC_0484,19531.86,2025-01-02 14:50:24.000000,0,CLEAN
TXN_005052,ACC_0056,ACC_0497,28030.72,2025-01-02 14:50:36.000000,0,CLEAN
TXN_000901,ACC_0307,ACC_0411,81225.06,2025-01-02 15:26:37.000000,0,CLEAN
TXN_004598,ACC_0483,ACC_0158,11495.42,2025-01-02 15:30:49.000000,0,CLEAN
TXN_004287,ACC_0205,ACC_0181,13684.38,2025-01-02 17:18:28.000000,0,CLEAN
TXN_004069,ACC_0054,ACC_0203,37094.5,2025-01-02 18:49:17.000000,0,CLEAN
TXN_005671,ACC_0214,ACC_0204,44300.26,2025-01-02 19:08:52.000000,0,CLEAN
TXN_004466,ACC_0006,ACC_0406,8873.33,2025-01-02 19:47:21.000000,0,CLEAN
TXN_003471,ACC_0002,ACC_0462,6950.68,2025-01-02 20:38:22.000000,0,CLEAN
TXN_000397,ACC_0183,ACC_0488,45255.09,2025-01-02 20:39:43.000000,0,CLEAN
TXN_000608,ACC_0355,ACC_0450,14247.64,2025-01-02 20:42:54.000000,0,CLEAN
TXN_001506,ACC_0264,ACC_0275,36381.23,2025-01-02 21:18:48.000000,0,CLEAN
TXN_005686,ACC_0424,ACC_0242,67860.02,2025-01-02 21:46:12.000000,0,CLEAN
TXN_004206,ACC_0115,ACC_0141,299659.5,2025-01-02 21:57:59.000000,0,CLEAN
TXN_004821,ACC_0092,ACC_0153,6017.41,2025-01-02 23:15:25.000000,0,CLEAN
TXN_002737,ACC_0154,ACC_0342,5528.19,2025-01-02 23:52:22.000000,0,CLEAN
TXN_004911,ACC_0024,ACC_0423,16558.19,2025-01-03 00:26:56.000000,0,CLEAN
TXN_010520,ACC_0259,ACC_0366,1611959.57,2025-01-03 00:36:21.000000,1,SHELL_LAYERING
TXN_000335,ACC_0220,ACC_0054,51602.33,2025-01-03 01:09:22.000000,0,CLEAN
TXN_002320,ACC_0160,ACC_0281,23900.98,2025-01-03 01:17:49.000000,0,CLEAN
TXN_005747,ACC_0477,ACC_0382,95173.03,2025-01-03 01:44:13.000000,0,CLEAN
TXN_004247,ACC_0413,ACC_0448,7121.05,2025-01-03 01:50:26.000000,0,CLEAN
TXN_001467,ACC_0253,ACC_0224,28943.19,2025-01-03 01:54:50.000000,0,CLEAN
TXN_003789,ACC_0203,ACC_0019,90076.03,2025-01-03 02:02:23.000000,0,CLEAN
TXN_006490,ACC_0389,ACC_0167,87738.41,2025-01-03 02:11:14.000000,0,CLEAN
TXN_004564,ACC_0257,ACC_0082,110799.51,2025-01-03 02:38:47.000000,0,CLEAN
TXN_003738,ACC_0188,ACC_0266,321230.18,2025-01-03 03:28:59.000000,0,CLEAN
TXN_001277,ACC_0191,ACC_0491,34353.01,2025-01-03 03:57:49.000000,0,CLEAN
TXN_001821,ACC_0308,ACC_0476,116821.77,2025-01-03 05:17:17.000000,0,CLEAN
TXN_004790,ACC_0013,ACC_0224,384847.07,2025-01-03 05:46:17.000000,0,CLEAN
TXN_006421,ACC_0203,ACC_0165,14097.18,2025-01-03 06:35:03.000000,0,CLEAN
TXN_001542,ACC_0352,ACC_0004,16545.47,2025-01-03 07:05:06.000000,0,CLEAN
TXN_000202,ACC_0282,ACC_0210,12625.63,2025-01-03 07:13:46.000000,0,CLEAN
TXN_003834,ACC_0334,ACC_0161,73832.73,2025-01-03 07:50:14.000000,0,CLEAN
TXN_006123,ACC_0075,ACC_0300,34243.66,2025-01-03 08:14:05.000000,0,CLEAN
TXN_002641,ACC_0197,ACC_0190,1493.92,2025-01-03 08:48:47.000000,0,CLEAN
TXN_003567,ACC_0055,ACC_0052,56719.11,2025-01-03 09:16:08.000000,0,CLEAN
TXN_003942,ACC_0430,ACC_0082,83102.41,2025-01-03 09:29:47.000000,0,CLEAN
TXN_000275,ACC_0442,ACC_0197,3444.94,2025-01-03 09:30:41.000000,0,CLEAN
TXN_000834,ACC_0469,ACC_0447,45387.92,2025-01-03 09:37:10.000000,0,CLEAN
TXN_002517,ACC_0285,ACC_0386,518.93,2025-01-03 09:53:43.000000,0,CLEAN
TXN_006000,ACC_0476,ACC_0285,228870.3,2025-01-03 10:34:03.000000,0,CLEAN
TXN_002778,ACC_0188,ACC_0091,40920.92,2025-01-03 11:35:10.000000,0,CLEAN
TXN_001751,ACC_0367,ACC_0036,350365.58,2025-01-03 12:59:08.000000,0,CLEAN
TXN_020245,ACC_0452,ACC_0259,197073.87,2025-01-03 13:50:17.000000,1,THRESHOLD_SPLIT
TXN_020246,ACC_0452,ACC_0259,196682.61,2025-01-03 14:12:17.000000,1,THRESHOLD_SPLIT
TXN_020247,ACC_0452,ACC_0259,196421.48,2025-01-03 15:00:17.000000,1,THRESHOLD_SPLIT
TXN_005597,ACC_0127,ACC_0482,41407.22,2025-01-03 15:34:16.000000,0,CLEAN
TXN_004253,ACC_0063,ACC_0208,19725.59,2025-01-03 16:46:47.000000,0,CLEAN
TXN_000029,ACC_0367,ACC_0095,9353.68,2025-01-03 17:38:13.000000,0,CLEAN
TXN_004708,ACC_0375,ACC_0162,7794.69,2025-01-03 18:06:54.000000,0,CLEAN
TXN_006135,ACC_0459,ACC_0194,20122.27,2025-01-03 18:19:43.000000,0,CLEAN
TXN_002410,ACC_0332,ACC_0066,16268.68,2025-01-03 18:56:48.000000,0,CLEAN
TXN_004724,ACC_0295,ACC_0490,2968261.11,2025-01-03 18:58:25.000000,0,CLEAN
TXN_002503,ACC_0236,ACC_0142,616326.1,2025-01-03 19:35:34.000000,0,CLEAN
TXN_010523,ACC_0395,ACC_0267,1613773.86,2025-01-03 19:51:36.316685,1,SHELL_LAYERING
TXN_004630,ACC_0049,ACC_0413,69843.25,2025-01-03 21:38:01.000000,0,CLEAN
TXN_001945,ACC_0391,ACC_0497,53918.6,2025-01-03 21:58:17.000000,0,CLEAN
TXN_010521,ACC_0366,ACC_0155,1623354.65,2025-01-03 22:42:53.492126,1,SHELL_LAYERING
TXN_005349,ACC_0067,ACC_0465,15551.47,2025-01-03 22:45:35.000000,0,CLEAN
TXN_002128,ACC_0140,ACC_0058,18684.21,2025-01-03 23:06:05.000000,0,CLEAN
TXN_010522,ACC_0155,ACC_0395,1617934.93,2025-01-03 23:33:55.601758,1,SHELL_LAYERING
TXN_001479,ACC_0102,ACC_0266,66874.86,2025-01-03 23:36:47.000000,0,CLEAN
TXN_005445,ACC_0448,ACC_0232,126804.88,2025-01-04 00:17:32.000000,0,CLEAN
TXN_004429,ACC_0131,ACC_0498,29293.23,2025-01-04 00:52:50.000000,0,CLEAN
TXN_002521,ACC_0331,ACC_0046,18128.82,2025-01-04 02:14:23.000000,0,CLEAN
TXN_005382,ACC_0132,ACC_0131,99552.47,2025-01-04 03:06:58.000000,0,CLEAN
TXN_004898,ACC_0172,ACC_0331,2123.58,2025-01-04 03:50:03.000000,0,CLEAN
TXN_001790,ACC_0145,ACC_0306,493041.93,2025-01-04 03:58:29.000000,0,CLEAN
TXN_002396,ACC_0230,ACC_0495,1593.73,2025-01-04 04:30:53.000000,0,CLEAN
TXN_004744,ACC_0045,ACC_0333,156073.99,2025-01-04 04:33:10.000000,0,CLEAN
TXN_001401,ACC_0067,ACC_0055,22010.41,2025-01-04 05:11:14.000000,0,CLEAN
TXN_005012,ACC_0023,ACC_0420,94505.07,2025-01-04 09:02:49.000000,0,CLEAN
TXN_005948,ACC_0182,ACC_0214,1237.45,2025-01-04 09:38:39.000000,0,CLEAN
TXN_002683,ACC_0375,ACC_0294,22110.68,2025-01-04 09:45:57.000000,0,CLEAN
TXN_003852,ACC_0034,ACC_0172,24994.03,2025-01-04 10:14:57.000000,0,CLEAN
TXN_004891,ACC_0010,ACC_0146,46283.82,2025-01-04 11:07:23.000000,0,CLEAN
TXN_003162,ACC_0222,ACC_0274,63578.0,2025-01-04 11:29:27.000000,0,CLEAN
TXN_000979,ACC_0271,ACC_0097,18841.41,2025-01-04 11:29:42.000000,0,CLEAN
TXN_003798,ACC_0087,ACC_0430,8291.76,2025-01-04 12:11:39.000000,0,CLEAN
TXN_005271,ACC_0350,ACC_0378,28385.59,2025-01-04 12:19:41.000000,0,CLEAN
TXN_003230,ACC_0285,ACC_0024,131534.08,2025-01-04 12:29:40.000000,0,CLEAN
TXN_001894,ACC_0381,ACC_0080,32043.29,2025-01-04 13:37:14.000000,0,CLEAN
TXN_003432,ACC_0467,ACC_0453,137483.05,2025-01-04 14:47:19.000000,0,CLEAN
TXN_001322,ACC_0038,ACC_0457,25918.6,2025-01-04 14:49:24.000000,0,CLEAN
TXN_003202,ACC_0031,ACC_0271,9186.76,2025-01-04 16:38:16.000000,0,CLEAN
TXN_001882,ACC_0442,ACC_0055,60820.48,2025-01-04 16:54:41.000000,0,CLEAN
TXN_001661,ACC_0096,ACC_0165,52562.44,2025-01-04 18:23:20.000000,0,CLEAN
TXN_004147,ACC_0416,ACC_0358,34481.36,2025-01-04 20:01:29.000000,0,CLEAN
TXN_001576,ACC_0131,ACC_0177,91459.98,2025-01-04 20:26:21.000000,0,CLEAN
TXN_002917,ACC_0248,ACC_0401,49597.9,2025-01-04 20:46:53.000000,0,CLEAN
TXN_005583,ACC_0309,ACC_0276,44397.46,2025-01-04 20:50:00.000000,0,CLEAN
TXN_005598,ACC_0018,ACC_0433,51511.71,2025-01-04 21:20:20.000000,0,CLEAN
TXN_005800,ACC_0320,ACC_0495,26045.5,2025-01-04 21:42:25.000000,0,CLEAN
TXN_000855,ACC_0459,ACC_0190,745.04,2025-01-04 22:17:31.000000,0,CLEAN
TXN_003110,ACC_0204,ACC_0045,38217.21,2025-01-04 23:35:34.000000,0,CLEAN
TXN_005029,ACC_0372,ACC_0327,30791.43,2025-01-05 00:35:46.000000,0,CLEAN
TXN_010100,ACC_0292,ACC_0376,1605746.13,2025-01-05 00:48:49.000000,1,SHELL_LAYERING
TXN_004449,ACC_0331,ACC_0144,69685.95,2025-01-05 02:05:15.000000,0,CLEAN
TXN_005584,ACC_0486,ACC_0369,31487.08,2025-01-05 02:24:56.000000,0,CLEAN
TXN_003857,ACC_0006,ACC_0120,22334.72,2025-01-05 02:51:41.000000,0,CLEAN
TXN_005266,ACC_0497,ACC_0116,92934.67,2025-01-05 03:55:58.000000,0,CLEAN
TXN_002578,ACC_0377,ACC_0330,51587.6,2025-01-05 04:06:53.000000,0,CLEAN
TXN_004093,ACC_0434,ACC_0081,1397.78,2025-01-05 04:30:14.000000,0,CLEAN
TXN_005141,ACC_0074,ACC_0326,15688.46,2025-01-05 04:55:58.000000,0,CLEAN
TXN_000721,ACC_0165,ACC_0030,57799.25,2025-01-05 06:07:17.000000,0,CLEAN
TXN_002855,ACC_0240,ACC_0302,28326.5,2025-01-05 07:37:45.000000,0,CLEAN
TXN_002631,ACC_0142,ACC_0100,34325.51,2025-01-05 09:05:03.000000,0,CLEAN
TXN_000354,ACC_0363,ACC_0058,305821.35,2025-01-05 09:15:15.000000,0,CLEAN
TXN_000098,ACC_0001,ACC_0388,18649.23,2025-01-05 09:57:15.000000,0,CLEAN
TXN_001865,ACC_0230,ACC_0242,362431.79,2025-01-05 10:00:50.000000,0,CLEAN
TXN_004682,ACC_0108,ACC_0445,26877.4,2025-01-05 10:55:15.000000,0,CLEAN
TXN_003003,ACC_0010,ACC_0486,39214.3,2025-01-05 11:02:54.000000,0,CLEAN
TXN_010980,ACC_0129,ACC_0440,4536059.47,2025-01-05 11:13:21.000000,1,SHELL_LAYERING
TXN_006274,ACC_0382,ACC_0478,7007.16,2025-01-05 11:49:56.000000,0,CLEAN
TXN_003717,ACC_0166,ACC_0301,17629.89,2025-01-05 12:18:19.000000,0,CLEAN
TXN_003407,ACC_0441,ACC_0479,4401.84,2025-01-05 12:24:52.000000,0,CLEAN
TXN_005620,ACC_0262,ACC_0381,30585.81,2025-01-05 13:12:02.000000,0,CLEAN
TXN_010981,ACC_0440,ACC_0285,4217197.42,2025-01-05 15:43:11.954903,1,SHELL_LAYERING
TXN_020055,ACC_0401,ACC_0418,195620.53,2025-01-05 18:05:03.000000,1,THRESHOLD_SPLIT
TXN_020056,ACC_0401,ACC_0418,198030.86,2025-01-05 18:50:03.000000,1,THRESHOLD_SPLIT
TXN_020057,ACC_0401,ACC_0418,199168.02,2025-01-05 19:01:03.000000,1,THRESHOLD_SPLIT
TXN_003388,ACC_0084,ACC_0363,45006.99,2025-01-05 19:35:43.000000,0,CLEAN
TXN_010102,ACC_0285,ACC_0292,1628232.3,2025-01-05 20:53:02.714409,1,SHELL_LAYERING
TXN_005740,ACC_0178,ACC_0091,26244.59,2025-01-05 21:53:08.000000,0,CLEAN
TXN_002390,ACC_0018,ACC_0099,44886.2,2025-01-05 22:12:27.000000,0,CLEAN
TXN_006545,ACC_0342,ACC_0465,15793.22,2025-01-05 23:29:37.000000,0,CLEAN
TXN_005503,ACC_0426,ACC_0421,15962.64,2025-01-06 00:07:51.000000,0,CLEAN
TXN_006110,ACC_0267,ACC_0147,100973.67,2025-01-06 00:53:29.000000,0,CLEAN
TXN_003088,ACC_0454,ACC_0168,233135.71,2025-01-06 00:59:32.000000,0,CLEAN
TXN_005330,ACC_0390,ACC_0178,25471.79,2025-01-06 01:07:55.000000,0,CLEAN
TXN_000689,ACC_0138,ACC_0092,8497.13,2025-01-06 01:27:44.000000,0,CLEAN
TXN_001936,ACC_0118,ACC_0352,29815.72,2025-01-06 01:33:45.000000,0,CLEAN
TXN_005267,ACC_0476,ACC_0028,32213.38,2025-01-06 02:49:03.000000,0,CLEAN
TXN_010982,ACC_0285,ACC_0155,4337880.44,2025-01-06 03:41:56.673649,1,SHELL_LAYERING
TXN_010101,ACC_0376,ACC_0285,1538917.06,2025-01-06 03:57:38.741240,1,SHELL_LAYERING
TXN_003784,ACC_0022,ACC_0237,11286.48,2025-01-06 04:30:51.000000,0,CLEAN
TXN_002804,ACC_0255,ACC_0348,189327.22,2025-01-06 04:39:31.000000,0,CLEAN
TXN_000515,ACC_0481,ACC_0353,48867.42,2025-01-06 05:00:38.000000,0,CLEAN
TXN_003732,ACC_0308,ACC_0250,14526.26,2025-01-06 05:04:35.000000,0,CLEAN
TXN_005896,ACC_0496,ACC_0300,43271.32,2025-01-06 05:20:44.000000,0,CLEAN
TXN_020325,ACC_0337,ACC_0221,198038.16,2025-01-06 07:21:29.000000,1,THRESHOLD_SPLIT
TXN_005335,ACC_0110,ACC_0388,19340.53,2025-01-06 07:26:15.000000,0,CLEAN
TXN_001500,ACC_0300,ACC_0442,13190.24,2025-01-06 07:27:48.000000,0,CLEAN
TXN_020326,ACC_0337,ACC_0221,196180.66,2025-01-06 07:31:29.000000,1,THRESHOLD_SPLIT
TXN_000890,ACC_0046,ACC_0146,72399.76,2025-01-06 07:55:42.000000,0,CLEAN
TXN_020328,ACC_0337,ACC_0221,199448.96,2025-01-06 08:21:29.000000,1,THRESHOLD_SPLIT
TXN_020327,ACC_0337,ACC_0221,197573.13,2025-01-06 08:39:29.000000,1,THRESHOLD_SPLIT
TXN_006549,ACC_0211,ACC_0411,6440.58,2025-01-06 12:14:06.000000,0,CLEAN
TXN_002674,ACC_0330,ACC_0125,8076.18,2025-01-06 12:33:07.000000,0,CLEAN
TXN_006378,ACC_0013,ACC_0170,23127.12,2025-01-06 12:48:18.000000,0,CLEAN
TXN_005861,ACC_0205,ACC_0304,196254.01,2025-01-06 13:04:36.000000,0,CLEAN
TXN_004965,ACC_0095,ACC_0137,35176.48,2025-01-06 13:13:17.000000,0,CLEAN
TXN_003026,ACC_0405,ACC_0074,26986.54,2025-01-06 14:05:32.000000,0,CLEAN
TXN_020190,ACC_0211,ACC_0074,197716.84,2025-01-06 14:17:57.000000,1,THRESHOLD_SPLIT
TXN_020192,ACC_0211,ACC_0074,198994.32,2025-01-06 14:31:57.000000,1,THRESHOLD_SPLIT
TXN_020191,ACC_0211,ACC_0074,196126.92,2025-01-06 14:35:57.000000,1,THRESHOLD_SPLIT
TXN_003430,ACC_0033,ACC_0248,99438.71,2025-01-06 14:42:49.000000,0,CLEAN
TXN_020193,ACC_0211,ACC_0074,198001.48,2025-01-06 14:50:57.000000,1,THRESHOLD_SPLIT
TXN_000874,ACC_0450,ACC_0291,329969.5,2025-01-06 14:54:29.000000,0,CLEAN
TXN_004036,ACC_0222,ACC_0367,50263.01,2025-01-06 16:11:00.000000,0,CLEAN
TXN_001900,ACC_0455,ACC_0417,12300.48,2025-01-06 17:19:15.000000,0,CLEAN
TXN_004834,ACC_0460,ACC_0111,11411.64,2025-01-06 17:28:07.000000,0,CLEAN
TXN_003981,ACC_0032,ACC_0176,55754.03,2025-01-06 18:15:23.000000,0,CLEAN
TXN_003613,ACC_0184,ACC_0022,3656.67,2025-01-06 18:20:41.000000,0,CLEAN
TXN_003276,ACC_0185,ACC_0484,2329.21,2025-01-06 18:42:19.000000,0,CLEAN
TXN_004864,ACC_0180,ACC_0204,27299.91,2025-01-06 19:31:49.000000,0,CLEAN
TXN_005244,ACC_0134,ACC_0335,2556.58,2025-01-06 19:42:27.000000,0,CLEAN
TXN_000404,ACC_0042,ACC_0290,48370.65,2025-01-06 23:49:16.000000,0,CLEAN
TXN_005032,ACC_0182,ACC_0255,261257.67,2025-01-07 00:01:34.000000,0,CLEAN
TXN_010524,ACC_0267,ACC_0259,1657182.53,2025-01-07 00:27:02.709901,1,SHELL_LAYERING
TXN_002087,ACC_0143,ACC_0431,26783.17,2025-01-07 01:16:38.000000,0,CLEAN
TXN_001743,ACC_0091,ACC_0448,3476.0,2025-01-07 01:44:46.000000,0,CLEAN
TXN_004677,ACC_0163,ACC_0291,2254.02,2025-01-07 01:58:36.000000,0,CLEAN
TXN_004306,ACC_0169,ACC_0462,11985.55,2025-01-07 03:17:49.000000,0,CLEAN
TXN_002094,ACC_0161,ACC_0364,129656.81,2025-01-07 03:23:53.000000,0,CLEAN
TXN_001671,ACC_0356,ACC_0406,32405.18,2025-01-07 03:54:20.000000,0,CLEAN
TXN_004026,ACC_0366,ACC_0258,4528.73,2025-01-07 03:56:45.000000,0,CLEAN
TXN_001745,ACC_0098,ACC_0050,42469.18,2025-01-07 04:16:43.000000,0,CLEAN
TXN_003234,ACC_0457,ACC_0257,119343.78,2025-01-07 04:59:27.000000,0,CLEAN
TXN_002489,ACC_0171,ACC_0065,1352567.25,2025-01-07 05:34:17.000000,0,CLEAN
TXN_004562,ACC_0451,ACC_0328,21963.43,2025-01-07 05:41:09.000000,0,CLEAN
TXN_005073,ACC_0148,ACC_0112,20706.41,2025-01-07 05:46:04.000000,0,CLEAN
TXN_003718,ACC_0290,ACC_0403,59082.37,2025-01-07 06:06:17.000000,0,CLEAN
TXN_001174,ACC_0385,ACC_0277,409652.1,2025-01-07 06:33:31.000000,0,CLEAN
TXN_006076,ACC_0003,ACC_0384,14577.86,2025-01-07 06:38:02.000000,0,CLEAN
TXN_004767,ACC_0465,ACC_0212,15964.81,2025-01-07 08:16:29.000000,0,CLEAN
TXN_002533,ACC_0170,ACC_0272,8321.18,2025-01-07 08:27:32.000000,0,CLEAN
TXN_006148,ACC_0186,ACC_0341,190869.9,2025-01-07 09:02:52.000000,0,CLEAN
TXN_000234,ACC_0288,ACC_0337,170030.56,2025-01-07 09:20:00.000000,0,CLEAN
TXN_000877,ACC_0029,ACC_0128,172794.28,2025-01-07 10:07:20.000000,0,CLEAN
TXN_002285,ACC_0270,ACC_0442,21420.81,2025-01-07 10:12:46.000000,0,CLEAN
TXN_001470,ACC_0146,ACC_0099,88462.59,2025-01-07 12:37:51.000000,0,CLEAN
TXN_002326,ACC_0128,ACC_0098,235705.3,2025-01-07 14:38:46.000000,0,CLEAN
TXN_006379,ACC_0455,ACC_0240,3162.23,2025-01-07 15:29:22.000000,0,CLEAN
TXN_004077,ACC_0423,ACC_0359,557275.97,2025-01-07 16:03:14.000000,0,CLEAN
TXN_003934,ACC_0124,ACC_0245,15841.13,2025-01-07 16:49:00.000000,0,CLEAN
TXN_000674,ACC_0452,ACC_0076,11720.01,2025-01-07 17:28:41.000000,0,CLEAN
TXN_001789,ACC_0000,ACC_0372,306678.36,2025-01-07 17:32:26.000000,0,CLEAN
TXN_002605,ACC_0287,ACC_0363,62450.28,2025-01-07 17:39:46.000000,0,CLEAN
TXN_004163,ACC_0435,ACC_0385,17908.42,2025-01-07 19:08:11.000000,0,CLEAN
TXN_000930,ACC_0198,ACC_0378,57590.34,2025-01-07 20:35:54.000000,0,CLEAN
TXN_002073,ACC_0242,ACC_0409,33681.13,2025-01-07 21:42:48.000000,0,CLEAN
TXN_006108,ACC_0140,ACC_0305,11150.49,2025-01-07 22:34:55.000000,0,CLEAN
TXN_010940,ACC_0259,ACC_0366,2186934.11,2025-01-07 23:41:37.000000,1,SHELL_LAYERING
TXN_020175,ACC_0300,ACC_0071,198876.7,2025-01-07 23:47:53.000000,1,THRESHOLD_SPLIT
TXN_020176,ACC_0300,ACC_0071,197491.82,2025-01-08 00:14:53.000000,1,THRESHOLD_SPLIT
TXN_003657,ACC_0298,ACC_0333,17745.44,2025-01-08 02:35:21.000000,0,CLEAN
TXN_005821,ACC_0425,ACC_0087,35899.06,2025-01-08 03:10:45.000000,0,CLEAN
TXN_002405,ACC_0473,ACC_0036,111956.84,2025-01-08 03:51:44.000000,0,CLEAN
TXN_003303,ACC_0154,ACC_0043,46128.85,2025-01-08 04:17:36.000000,0,CLEAN
TXN_005363,ACC_0004,ACC_0239,2462.96,2025-01-08 04:27:00.000000,0,CLEAN
TXN_003196,ACC_0283,ACC_0148,15403.98,2025-01-08 04:30:45.000000,0,CLEAN
TXN_000011,ACC_0435,ACC_0480,33679.44,2025-01-08 05:49:20.000000,0,CLEAN
TXN_001812,ACC_0328,ACC_0153,51282.57,2025-01-08 06:09:51.000000,0,CLEAN
TXN_004610,ACC_0444,ACC_0436,17659.48,2025-01-08 06:20:06.000000,0,CLEAN
TXN_005196,ACC_0128,ACC_0058,19933.36,2025-01-08 06:22:54.000000,0,CLEAN
TXN_000847,ACC_0311,ACC_0242,147484.72,2025-01-08 06:36:09.000000,0,CLEAN
TXN_002446,ACC_0312,ACC_0355,41266.82,2025-01-08 07:19:39.000000,0,CLEAN
TXN_001799,ACC_0079,ACC_0048,3809.98,2025-01-08 07:51:50.000000,0,CLEAN
TXN_002362,ACC_0000,ACC_0478,6950.45,2025-01-08 08:19:36.000000,0,CLEAN
TXN_002244,ACC_0187,ACC_0017,817.02,2025-01-08 08:27:49.000000,0,CLEAN
TXN_003681,ACC_0036,ACC_0185,16918.79,2025-01-08 10:24:15.000000,0,CLEAN
TXN_004674,ACC_0142,ACC_0233,82828.28,2025-01-08 10:24:31.000000,0,CLEAN
TXN_005523,ACC_0456,ACC_0474,24036.24,2025-01-08 10:45:21.000000,0,CLEAN
TXN_004339,ACC_0067,ACC_0206,13622.54,2025-01-08 10:48:01.000000,0,CLEAN
TXN_003923,ACC_0209,ACC_0454,150062.1,2025-01-08 12:56:47.000000,0,CLEAN
TXN_005666,ACC_0497,ACC_0058,199570.29,2025-01-08 14:02:30.000000,0,CLEAN
TXN_003758,ACC_0236,ACC_0295,31648.34,2025-01-08 14:08:53.000000,0,CLEAN
TXN_004897,ACC_0470,ACC_0270,109052.14,2025-01-08 14:18:48.000000,0,CLEAN
TXN_001381,ACC_0322,ACC_0262,409779.4,2025-01-08 14:38:33.000000,0,CLEAN
TXN_001023,ACC_0151,ACC_0082,8611.39,2025-01-08 15:38:38.000000,0,CLEAN
TXN_006318,ACC_0483,ACC_0432,36186.69,2025-01-08 15:51:44.000000,0,CLEAN
TXN_001716,ACC_0128,ACC_0461,18862.3,2025-01-08 16:01:47.000000,0,CLEAN
TXN_003870,ACC_0402,ACC_0389,2661.56,2025-01-08 16:35:03.000000,0,CLEAN
TXN_006538,ACC_0367,ACC_0382,1177.72,2025-01-08 17:47:02.000000,0,CLEAN
TXN_001226,ACC_0124,ACC_0491,16253.36,2025-01-08 17:50:29.000000,0,CLEAN
TXN_010941,ACC_0366,ACC_0155,2116179.34,2025-01-08 17:55:58.527755,1,SHELL_LAYERING
TXN_006088,ACC_0371,ACC_0394,9700.98,2025-01-08 17:58:39.000000,0,CLEAN
TXN_004624,ACC_0481,ACC_0220,102103.95,2025-01-08 18:28:25.000000,0,CLEAN
TXN_002510,ACC_0213,ACC_0022,31556.84,2025-01-08 18:41:13.000000,0,CLEAN
TXN_005855,ACC_0205,ACC_0153,25516.72,2025-01-08 19:00:52.000000,0,CLEAN
TXN_003359,ACC_0292,ACC_0148,27089.85,2025-01-08 19:43:42.000000,0,CLEAN
TXN_001344,ACC_0480,ACC_0183,46156.11,2025-01-08 20:22:12.000000,0,CLEAN
TXN_006500,ACC_0448,ACC_0139,117921.88,2025-01-08 22:56:29.000000,0,CLEAN
TXN_005046,ACC_0158,ACC_0097,769741.72,2025-01-08 23:32:23.000000,0,CLEAN
TXN_001279,ACC_0072,ACC_0063,12853.46,2025-01-09 02:40:37.000000,0,CLEAN
TXN_005379,ACC_0296,ACC_0162,58802.36,2025-01-09 03:31:37.000000,0,CLEAN
TXN_003251,ACC_0421,ACC_0287,59495.75,2025-01-09 03:35:30.000000,0,CLEAN
TXN_001699,ACC_0124,ACC_0004,75494.0,2025-01-09 03:42:11.000000,0,CLEAN
TXN_001688,ACC_0322,ACC_0373,19074.99,2025-01-09 04:36:02.000000,0,CLEAN
TXN_001526,ACC_0438,ACC_0277,540779.43,2025-01-09 04:57:37.000000,0,CLEAN
TXN_005601,ACC_0405,ACC_0248,51324.13,2025-01-09 05:03:47.000000,0,CLEAN
TXN_004261,ACC_0350,ACC_0311,99038.13,2025-01-09 05:23:35.000000,0,CLEAN
TXN_001962,ACC_0423,ACC_0450,74859.88,2025-01-09 05:40:20.000000,0,CLEAN
TXN_005158,ACC_0317,ACC_0227,287133.07,2025-01-09 06:40:42.000000,0,CLEAN
TXN_000824,ACC_0098,ACC_0064,40003.08,2025-01-09 06:53:02.000000,0,CLEAN
TXN_001347,ACC_0189,ACC_0119,9904.43,2025-01-09 07:30:06.000000,0,CLEAN
TXN_004920,ACC_0452,ACC_0401,38210.06,2025-01-09 08:44:58.000000,0,CLEAN
TXN_002462,ACC_0343,ACC_0473,16424.57,2025-01-09 08:55:59.000000,0,CLEAN
TXN_004494,ACC_0043,ACC_0459,13547.28,2025-01-09 10:00:39.000000,0,CLEAN
TXN_004462,ACC_0329,ACC_0479,30181.48,2025-01-09 11:50:36.000000,0,CLEAN
TXN_001741,ACC_0337,ACC_0034,87257.56,2025-01-09 12:01:00.000000,0,CLEAN
TXN_000616,ACC_0143,ACC_0047,1335910.15,2025-01-09 12:35:24.000000,0,CLEAN
TXN_001994,ACC_0281,ACC_0194,5515.07,2025-01-09 12:37:01.000000,0,CLEAN
TXN_003838,ACC_0319,ACC_0188,1644.01,2025-01-09 12:46:13.000000,0,CLEAN
TXN_002115,ACC_0159,ACC_0478,98963.93,2025-01-09 13:11:40.000000,0,CLEAN
TXN_003575,ACC_0070,ACC_0409,43032.49,2025-01-09 13:23:05.000000,0,CLEAN
TXN_005904,ACC_0255,ACC_0096,79393.68,2025-01-09 14:12:36.000000,0,CLEAN
TXN_000331,ACC_0331,ACC_0313,9154.69,2025-01-09 14:26:15.000000,0,CLEAN
TXN_005325,ACC_0196,ACC_0228,2946.27,2025-01-09 14:59:29.000000,0,CLEAN
TXN_005787,ACC_0088,ACC_0228,103592.84,2025-01-09 15:25:27.000000,0,CLEAN
TXN_003370,ACC_0034,ACC_0446,4512.77,2025-01-09 16:14:07.000000,0,CLEAN
TXN_002837,ACC_0014,ACC_0303,29043.39,2025-01-09 18:16:02.000000,0,CLEAN
TXN_005461,ACC_0055,ACC_0370,854221.79,2025-01-09 18:49:22.000000,0,CLEAN
TXN_003151,ACC_0431,ACC_0201,82966.85,2025-01-09 18:55:15.000000,0,CLEAN
TXN_001261,ACC_0381,ACC_0299,110546.47,2025-01-09 20:07:26.000000,0,CLEAN
TXN_002425,ACC_0109,ACC_0392,53016.61,2025-01-09 20:26:55.000000,0,CLEAN
TXN_004411,ACC_0087,ACC_0115,265113.72,2025-01-09 20:34:10.000000,0,CLEAN
TXN_005576,ACC_0325,ACC_0420,5337.28,2025-01-09 20:38:39.000000,0,CLEAN
TXN_004596,ACC_0404,ACC_0247,137823.72,2025-01-09 20:53:13.000000,0,CLEAN
TXN_005984,ACC_0256,ACC_0344,104267.01,2025-01-09 21:10:26.000000,0,CLEAN
TXN_004013,ACC_0184,ACC_0448,8924.95,2025-01-09 21:13:49.000000,0,CLEAN
TXN_003384,ACC_0173,ACC_0277,32987.48,2025-01-09 21:32:07.000000,0,CLEAN
TXN_000591,ACC_0411,ACC_0264,34343.45,2025-01-09 22:02:33.000000,0,CLEAN
TXN_001066,ACC_0210,ACC_0226,40154.35,2025-01-09 22:14:47.000000,0,CLEAN
TXN_000578,ACC_0006,ACC_0126,344944.8,2025-01-09 22:17:22.000000,0,CLEAN
TXN_006243,ACC_0240,ACC_0488,3871.15,2025-01-09 22:22:31.000000,0,CLEAN
TXN_002118,ACC_0239,ACC_0456,72108.02,2025-01-09 23:01:36.000000,0,CLEAN
TXN_001351,ACC_0232,ACC_0452,520719.27,2025-01-10 00:24:51.000000,0,CLEAN
TXN_006381,ACC_0467,ACC_0208,33982.13,2025-01-10 00:42:11.000000,0,CLEAN
TXN_001124,ACC_0387,ACC_0212,603165.36,2025-01-10 00:42:26.000000,0,CLEAN
TXN_004886,ACC_0252,ACC_0256,275549.79,2025-01-10 02:03:56.000000,0,CLEAN
TXN_006455,ACC_0271,ACC_0268,2613.83,2025-01-10 03:00:48.000000,0,CLEAN
TXN_010983,ACC_0155,ACC_0129,4531846.36,2025-01-10 04:02:38.801655,1,SHELL_LAYERING
TXN_004352,ACC_0163,ACC_0459,80542.41,2025-01-10 05:37:43.000000,0,CLEAN
TXN_003140,ACC_0151,ACC_0292,17233.35,2025-01-10 06:25:47.000000,0,CLEAN
TXN_001003,ACC_0024,ACC_0305,36132.15,2025-01-10 07:30:41.000000,0,CLEAN
TXN_001005,ACC_0428,ACC_0010,18400.96,2025-01-10 08:47:29.000000,0,CLEAN
TXN_001131,ACC_0271,ACC_0377,10203.29,2025-01-10 10:21:36.000000,0,CLEAN
TXN_001749,ACC_0302,ACC_0131,144708.29,2025-01-10 12:45:20.000000,0,CLEAN
TXN_006332,ACC_0106,ACC_0195,6451.09,2025-01-10 13:21:18.000000,0,CLEAN
TXN_005375,ACC_0316,ACC_0336,8349.08,2025-01-10 15:03:28.000000,0,CLEAN
TXN_003008,ACC_0436,ACC_0086,76907.66,2025-01-10 16:00:19.000000,0,CLEAN
TXN_004980,ACC_0055,ACC_0349,686770.79,2025-01-10 16:25:04.000000,0,CLEAN
TXN_002411,ACC_0088,ACC_0324,62173.27,2025-01-10 16:49:16.000000,0,CLEAN
TXN_001035,ACC_0135,ACC_0238,3320.75,2025-01-10 17:23:26.000000,0,CLEAN
TXN_002139,ACC_0462,ACC_0345,65965.73,2025-01-10 19:08:31.000000,0,CLEAN
TXN_001827,ACC_0113,ACC_0078,20319.79,2025-01-10 19:26:21.000000,0,CLEAN
TXN_002137,ACC_0276,ACC_0227,149039.38,2025-01-10 20:24:04.000000,0,CLEAN
TXN_010944,ACC_0267,ACC_0259,2062518.28,2025-01-10 20:47:11.619715,1,SHELL_LAYERING
TXN_004267,ACC_0263,ACC_0180,24856.02,2025-01-10 21:14:30.000000,0,CLEAN
TXN_030008,ACC_0462,ACC_0237,29822.3,2025-01-10 23:18:27.000000,1,VELOCITY_BURST
TXN_030010,ACC_0462,ACC_0212,43122.86,2025-01-10 23:19:27.000000,1,VELOCITY_BURST
TXN_030000,ACC_0462,ACC_0129,16041.47,2025-01-10 23:21:27.000000,1,VELOCITY_BURST
TXN_030011,ACC_0462,ACC_0492,20861.71,2025-01-10 23:23:27.000000,1,VELOCITY_BURST
TXN_030006,ACC_0462,ACC_0451,8515.56,2025-01-10 23:26:27.000000,1,VELOCITY_BURST
TXN_030002,ACC_0462,ACC_0204,9557.82,2025-01-10 23:28:27.000000,1,VELOCITY_BURST
TXN_030005,ACC_0462,ACC_0190,34404.44,2025-01-10 23:30:27.000000,1,VELOCITY_BURST
TXN_030003,ACC_0462,ACC_0238,7390.37,2025-01-10 23:31:27.000000,1,VELOCITY_BURST
TXN_030007,ACC_0462,ACC_0104,20964.85,2025-01-10 23:33:27.000000,1,VELOCITY_BURST
TXN_005417,ACC_0270,ACC_0409,2186.02,2025-01-10 23:41:17.000000,0,CLEAN
TXN_030009,ACC_0462,ACC_0066,47028.97,2025-01-10 23:44:27.000000,1,VELOCITY_BURST
TXN_030004,ACC_0462,ACC_0364,45922.64,2025-01-10 23:45:27.000000,1,VELOCITY_BURST
TXN_030001,ACC_0462,ACC_0249,45366.75,2025-01-10 23:46:27.000000,1,VELOCITY_BURST
TXN_004416,ACC_0447,ACC_0404,178793.35,2025-01-11 00:06:01.000000,0,CLEAN
TXN_000480,ACC_0332,ACC_0084,118030.72,2025-01-11 01:20:46.000000,0,CLEAN
TXN_003423,ACC_0460,ACC_0061,3237.8,2025-01-11 01:46:10.000000,0,CLEAN
TXN_003884,ACC_0488,ACC_0098,14600.22,2025-01-11 02:50:08.000000,0,CLEAN
TXN_005272,ACC_0282,ACC_0246,103402.09,2025-01-11 02:59:31.000000,0,CLEAN
TXN_004088,ACC_0358,ACC_0377,18224.37,2025-01-11 04:58:36.000000,0,CLEAN
TXN_010220,ACC_0218,ACC_0285,4826206.53,2025-01-11 06:51:44.000000,1,SHELL_LAYERING
TXN_005118,ACC_0378,ACC_0367,65221.82,2025-01-11 07:05:32.000000,0,CLEAN
TXN_002457,ACC_0106,ACC_0142,25467.72,2025-01-11 07:19:10.000000,0,CLEAN
TXN_002212,ACC_0461,ACC_0281,76864.25,2025-01-11 07:35:28.000000,0,CLEAN
TXN_004982,ACC_0112,ACC_0058,41116.28,2025-01-11 07:38:23.000000,0,CLEAN
TXN_002140,ACC_0054,ACC_0197,547961.07,2025-01-11 10:43:32.000000,0,CLEAN
TXN_001186,ACC_0494,ACC_0282,18089.27,2025-01-11 10:44:11.000000,0,CLEAN
TXN_001608,ACC_0242,ACC_0281,22182.8,2025-01-11 10:50:41.000000,0,CLEAN
TXN_004681,ACC_0242,ACC_0109,18592.61,2025-01-11 12:01:10.000000,0,CLEAN
TXN_001534,ACC_0295,ACC_0065,178138.19,2025-01-11 12:20:55.000000,0,CLEAN
TXN_001103,ACC_0186,ACC_0423,10951.28,2025-01-11 12:56:26.000000,0,CLEAN
TXN_020200,ACC_0481,ACC_0292,196725.63,2025-01-11 13:22:16.000000,1,THRESHOLD_SPLIT
TXN_001291,ACC_0290,ACC_0437,43154.38,2025-01-11 13:28:04.000000,0,CLEAN
TXN_020202,ACC_0481,ACC_0292,198837.65,2025-01-11 13:34:16.000000,1,THRESHOLD_SPLIT
TXN_020201,ACC_0481,ACC_0292,197122.45,2025-01-11 13:43:16.000000,1,THRESHOLD_SPLIT
TXN_000787,ACC_0251,ACC_0078,77807.02,2025-01-11 14:00:39.000000,0,CLEAN
TXN_001859,ACC_0057,ACC_0379,67035.61,2025-01-11 14:09:56.000000,0,CLEAN
TXN_001972,ACC_0313,ACC_0471,11170.38,2025-01-11 14:12:21.000000,0,CLEAN
TXN_001080,ACC_0456,ACC_0313,49062.67,2025-01-11 14:17:47.000000,0,CLEAN
TXN_000520,ACC_0151,ACC_0331,79558.93,2025-01-11 14:18:38.000000,0,CLEAN
TXN_003551,ACC_0410,ACC_0226,47661.38,2025-01-11 15:20:04.000000,0,CLEAN
TXN_002539,ACC_0171,ACC_0377,26637.71,2025-01-11 15:26:27.000000,0,CLEAN
TXN_000570,ACC_0261,ACC_0184,33847.46,2025-01-11 18:21:53.000000,0,CLEAN
TXN_000073,ACC_0228,ACC_0415,26143.33,2025-01-11 19:16:53.000000,0,CLEAN
TXN_005133,ACC_0227,ACC_0200,56821.94,2025-01-11 19:21:45.000000,0,CLEAN
TXN_004541,ACC_0423,ACC_0114,2868.64,2025-01-11 20:21:10.000000,0,CLEAN
TXN_002941,ACC_0441,ACC_0301,14455.3,2025-01-11 20:37:52.000000,0,CLEAN
TXN_002079,ACC_0475,ACC_0380,507844.58,2025-01-11 21:04:57.000000,0,CLEAN
TXN_002637,ACC_0261,ACC_0484,7849.9,2025-01-11 21:12:02.000000,0,CLEAN
TXN_002397,ACC_0018,ACC_0174,482649.01,2025-01-11 21:13:57.000000,0,CLEAN
TXN_000221,ACC_0282,ACC_0243,2792.65,2025-01-11 21:30:52.000000,0,CLEAN
TXN_000869,ACC_0191,ACC_0421,9631.52,2025-01-11 21:56:17.000000,0,CLEAN
TXN_010942,ACC_0155,ACC_0395,2146555.12,2025-01-11 23:05:49.197145,1,SHELL_LAYERING
TXN_001168,ACC_0027,ACC_0344,128146.58,2025-01-11 23:47:50.000000,0,CLEAN
TXN_005287,ACC_0127,ACC_0417,668885.65,2025-01-12 01:05:49.000000,0,CLEAN
TXN_003585,ACC_0347,ACC_0074,25939.48,2025-01-12 03:07:10.000000,0,CLEAN
TXN_004244,ACC_0084,ACC_0295,402926.19,2025-01-12 03:33:25.000000,0,CLEAN
TXN_003737,ACC_0035,ACC_0233,21569.74,2025-01-12 03:45:04.000000,0,CLEAN
TXN_003931,ACC_0188,ACC_0357,1279.59,2025-01-12 04:55:22.000000,0,CLEAN
TXN_003285,ACC_0462,ACC_0294,15901.55,2025-01-12 05:24:47.000000,0,CLEAN
TXN_010943,ACC_0395,ACC_0267,2127090.98,2025-01-12 06:25:12.591532,1,SHELL_LAYERING
TXN_005366,ACC_0111,ACC_0210,13552.11,2025-01-12 09:01:30.000000,0,CLEAN
TXN_000692,ACC_0398,ACC_0143,14734.52,2025-01-12 09:03:17.000000,0,CLEAN
TXN_003416,ACC_0347,ACC_0086,31851.73,2025-01-12 10:33:28.000000,0,CLEAN
TXN_005646,ACC_0389,ACC_0119,39953.58,2025-01-12 10:38:50.000000,0,CLEAN
TXN_000007,ACC_0146,ACC_0331,9936.93,2025-01-12 11:43:03.000000,0,CLEAN
TXN_002734,ACC_0262,ACC_0304,5320.47,2025-01-12 12:11:45.000000,0,CLEAN
TXN_000439,ACC_0210,ACC_0471,15582.16,2025-01-12 12:17:32.000000,0,CLEAN
TXN_000430,ACC_0105,ACC_0413,15791.08,2025-01-12 12:37:39.000000,0,CLEAN
TXN_005247,ACC_0454,ACC_0391,49188.77,2025-01-12 12:47:11.000000,0,CLEAN
TXN_004533,ACC_0471,ACC_0056,81442.49,2025-01-12 13:39:02.000000,0,CLEAN
TXN_002490,ACC_0354,ACC_0291,353129.84,2025-01-12 13:59:49.000000,0,CLEAN
TXN_001706,ACC_0320,ACC_0030,336439.64,2025-01-12 14:34:20.000000,0,CLEAN
TXN_002894,ACC_0372,ACC_0320,699984.36,2025-01-12 15:04:07.000000,0,CLEAN
TXN_000614,ACC_0251,ACC_0493,45507.31,2025-01-12 15:07:52.000000,0,CLEAN
TXN_004561,ACC_0056,ACC_0080,174620.04,2025-01-12 15:37:26.000000,0,CLEAN
TXN_004943,ACC_0497,ACC_0253,16130.86,2025-01-12 16:51:51.000000,0,CLEAN
TXN_000197,ACC_0233,ACC_0191,5559.87,2025-01-12 17:43:04.000000,0,CLEAN
TXN_000534,ACC_0020,ACC_0473,17592.37,2025-01-12 17:48:19.000000,0,CLEAN
TXN_020115,ACC_0325,ACC_0310,196296.08,2025-01-12 18:14:37.000000,1,THRESHOLD_SPLIT
TXN_003546,ACC_0043,ACC_0499,103886.16,2025-01-12 18:49:17.000000,0,CLEAN
TXN_020116,ACC_0325,ACC_0310,197334.84,2025-01-12 18:51:37.000000,1,THRESHOLD_SPLIT
TXN_001755,ACC_0410,ACC_0327,62658.07,2025-01-12 18:53:00.000000,0,CLEAN
TXN_000125,ACC_0153,ACC_0140,16868.05,2025-01-12 20:04:59.000000,0,CLEAN
TXN_000678,ACC_0281,ACC_0245,8242.95,2025-01-12 20:10:59.000000,0,CLEAN
TXN_003984,ACC_0051,ACC_0004,34513.72,2025-01-12 20:32:37.000000,0,CLEAN
TXN_005692,ACC_0169,ACC_0048,13217.74,2025-01-12 20:46:58.000000,0,CLEAN
TXN_002836,ACC_0145,ACC_0165,4680.98,2025-01-12 22:15:23.000000,0,CLEAN
TXN_005783,ACC_0341,ACC_0343,167440.75,2025-01-12 22:32:00.000000,0,CLEAN
TXN_000654,ACC_0062,ACC_0006,426352.92,2025-01-12 23:23:57.000000,0,CLEAN
TXN_000624,ACC_0303,ACC_0290,420898.63,2025-01-13 02:15:33.000000,0,CLEAN
TXN_005772,ACC_0326,ACC_0364,31635.88,2025-01-13 02:27:27.000000,0,CLEAN
TXN_005251,ACC_0467,ACC_0449,5712.13,2025-01-13 02:28:18.000000,0,CLEAN
TXN_003532,ACC_0168,ACC_0159,6459.26,2025-01-13 04:52:29.000000,0,CLEAN
TXN_002579,ACC_0149,ACC_0096,25014.4,2025-01-13 05:21:57.000000,0,CLEAN
TXN_002392,ACC_0250,ACC_0199,114956.7,2025-01-13 05:34:00.000000,0,CLEAN
TXN_010221,ACC_0285,ACC_0221,4537752.3,2025-01-13 05:47:52.271259,1,SHELL_LAYERING
TXN_010225,ACC_0418,ACC_0366,4848948.3,2025-01-13 06:00:26.330176,1,SHELL_LAYERING
TXN_002418,ACC_0315,ACC_0112,42070.47,2025-01-13 06:06:51.000000,0,CLEAN
TXN_020240,ACC_0146,ACC_0008,196315.97,2025-01-13 06:55:26.000000,1,THRESHOLD_SPLIT
TXN_020242,ACC_0146,ACC_0008,196577.71,2025-01-13 07:07:26.000000,1,THRESHOLD_SPLIT
TXN_002556,ACC_0141,ACC_0027,15782.86,2025-01-13 07:19:18.000000,0,CLEAN
TXN_020241,ACC_0146,ACC_0008,198844.17,2025-01-13 07:25:26.000000,1,THRESHOLD_SPLIT
TXN_005588,ACC_0392,ACC_0283,53980.72,2025-01-13 07:46:02.000000,0,CLEAN
TXN_002920,ACC_0152,ACC_0444,14602.8,2025-01-13 08:18:43.000000,0,CLEAN
TXN_020243,ACC_0146,ACC_0008,199717.91,2025-01-13 08:31:26.000000,1,THRESHOLD_SPLIT
TXN_005994,ACC_0166,ACC_0113,7792.2,2025-01-13 08:58:05.000000,0,CLEAN
TXN_000082,ACC_0176,ACC_0359,93823.7,2025-01-13 09:08:33.000000,0,CLEAN
TXN_000916,ACC_0055,ACC_0247,39557.86,2025-01-13 09:30:08.000000,0,CLEAN
TXN_004150,ACC_0271,ACC_0250,25011.13,2025-01-13 09:56:35.000000,0,CLEAN
TXN_003753,ACC_0073,ACC_0229,7062.56,2025-01-13 10:07:19.000000,0,CLEAN
TXN_005369,ACC_0282,ACC_0160,20336.8,2025-01-13 10:27:51.000000,0,CLEAN
TXN_010222,ACC_0221,ACC_0376,4778362.17,2025-01-13 10:39:38.837780,1,SHELL_LAYERING
TXN_004670,ACC_0205,ACC_0168,57805.67,2025-01-13 12:27:32.000000,0,CLEAN
TXN_000661,ACC_0038,ACC_0011,1128515.78,2025-01-13 12:27:41.000000,0,CLEAN
TXN_003882,ACC_0322,ACC_0003,13356.08,2025-01-13 13:08:11.000000,0,CLEAN
TXN_006136,ACC_0342,ACC_0485,64450.32,2025-01-13 13:46:08.000000,0,CLEAN
TXN_000985,ACC_0156,ACC_0085,147102.7,2025-01-13 16:15:34.000000,0,CLEAN
TXN_002565,ACC_0481,ACC_0452,58828.98,2025-01-13 17:50:48.000000,0,CLEAN
TXN_004984,ACC_0136,ACC_0122,1015.91,2025-01-13 18:52:15.000000,0,CLEAN
TXN_000547,ACC_0348,ACC_0329,3413.22,2025-01-13 20:07:07.000000,0,CLEAN
TXN_004875,ACC_0119,ACC_0288,110140.62,2025-01-13 20:40:41.000000,0,CLEAN
TXN_002736,ACC_0129,ACC_0022,164582.29,2025-01-13 20:44:06.000000,0,CLEAN
TXN_002978,ACC_0133,ACC_0260,204922.17,2025-01-13 21:17:37.000000,0,CLEAN
TXN_002676,ACC_0252,ACC_0497,4023.16,2025-01-13 22:57:36.000000,0,CLEAN
TXN_006475,ACC_0313,ACC_0304,37671.07,2025-01-13 23:22:46.000000,0,CLEAN
TXN_005688,ACC_0076,ACC_0241,35081.32,2025-01-14 00:27:58.000000,0,CLEAN
TXN_000352,ACC_0231,ACC_0163,13959.55,2025-01-14 01:03:18.000000,0,CLEAN
TXN_000532,ACC_0008,ACC_0301,66094.09,2025-01-14 02:43:28.000000,0,CLEAN
TXN_003568,ACC_0304,ACC_0366,6100.65,2025-01-14 02:46:48.000000,0,CLEAN
TXN_005183,ACC_0424,ACC_0206,39016.42,2025-01-14 02:53:56.000000,0,CLEAN
TXN_004387,ACC_0466,ACC_0223,406070.07,2025-01-14 03:32:40.000000,0,CLEAN
TXN_002063,ACC_0130,ACC_0405,53267.18,2025-01-14 04:08:20.000000,0,CLEAN
TXN_002803,ACC_0027,ACC_0426,7796.04,2025-01-14 05:58:07.000000,0,CLEAN
TXN_003793,ACC_0248,ACC_0236,26563.61,2025-01-14 06:00:29.000000,0,CLEAN
TXN_002748,ACC_0258,ACC_0292,51199.99,2025-01-14 06:28:25.000000,0,CLEAN
TXN_001656,ACC_0096,ACC_0437,20685.86,2025-01-14 07:03:54.000000,0,CLEAN
TXN_001480,ACC_0377,ACC_0360,8455.01,2025-01-14 07:46:45.000000,0,CLEAN
TXN_001399,ACC_0305,ACC_0302,23313.31,2025-01-14 08:49:52.000000,0,CLEAN
TXN_010880,ACC_0155,ACC_0310,4209636.21,2025-01-14 09:03:02.000000,1,SHELL_LAYERING
TXN_000592,ACC_0488,ACC_0205,108168.37,2025-01-14 09:13:13.000000,0,CLEAN
TXN_006320,ACC_0178,ACC_0489,720755.29,2025-01-14 10:48:25.000000,0,CLEAN
TXN_002349,ACC_0091,ACC_0226,16176.52,2025-01-14 11:25:13.000000,0,CLEAN
TXN_005000,ACC_0161,ACC_0349,104267.38,2025-01-14 11:40:55.000000,0,CLEAN
TXN_003733,ACC_0095,ACC_0102,77398.67,2025-01-14 11:51:06.000000,0,CLEAN
TXN_003279,ACC_0264,ACC_0484,31917.04,2025-01-14 12:16:18.000000,0,CLEAN
TXN_002775,ACC_0096,ACC_0439,277385.69,2025-01-14 12:24:07.000000,0,CLEAN
TXN_001300,ACC_0145,ACC_0318,628936.78,2025-01-14 13:19:58.000000,0,CLEAN
TXN_003963,ACC_0000,ACC_0050,207784.73,2025-01-14 13:29:05.000000,0,CLEAN
TXN_006075,ACC_0369,ACC_0493,205666.25,2025-01-14 13:29:18.000000,0,CLEAN
TXN_003455,ACC_0273,ACC_0289,14514.77,2025-01-14 13:55:18.000000,0,CLEAN
TXN_003883,ACC_0445,ACC_0251,48867.85,2025-01-14 14:09:12.000000,0,CLEAN
TXN_002370,ACC_0415,ACC_0402,13961.21,2025-01-14 14:41:17.000000,0,CLEAN
TXN_006079,ACC_0441,ACC_0197,2466.08,2025-01-14 15:55:39.000000,0,CLEAN
TXN_001761,ACC_0020,ACC_0376,66598.82,2025-01-14 16:01:56.000000,0,CLEAN
TXN_006483,ACC_0427,ACC_0179,13258.83,2025-01-14 16:42:04.000000,0,CLEAN
TXN_002531,ACC_0440,ACC_0321,13529.49,2025-01-14 17:28:45.000000,0,CLEAN
TXN_005256,ACC_0018,ACC_0178,85445.31,2025-01-14 17:46:47.000000,0,CLEAN
TXN_002471,ACC_0263,ACC_0059,32762.8,2025-01-14 18:13:45.000000,0,CLEAN
TXN_020395,ACC_0344,ACC_0366,199184.05,2025-01-14 18:30:15.000000,1,THRESHOLD_SPLIT
TXN_020396,ACC_0344,ACC_0366,195696.56,2025-01-14 18:44:15.000000,1,THRESHOLD_SPLIT
TXN_020397,ACC_0344,ACC_0366,195680.19,2025-01-14 18:48:15.000000,1,THRESHOLD_SPLIT
TXN_020398,ACC_0344,ACC_0366,197559.33,2025-01-14 18:57:15.000000,1,THRESHOLD_SPLIT
TXN_003922,ACC_0328,ACC_0301,238734.04,2025-01-14 19:58:34.000000,0,CLEAN
TXN_004453,ACC_0035,ACC_0074,155492.62,2025-01-14 23:46:16.000000,0,CLEAN
TXN_001247,ACC_0418,ACC_0482,77006.2,2025-01-15 00:06:21.000000,0,CLEAN
TXN_000725,ACC_0440,ACC_0186,29889.69,2025-01-15 02:01:18.000000,0,CLEAN
TXN_001262,ACC_0358,ACC_0435,40666.11,2025-01-15 02:17:28.000000,0,CLEAN
TXN_000150,ACC_0020,ACC_0448,581539.48,2025-01-15 03:11:58.000000,0,CLEAN
TXN_001210,ACC_0281,ACC_0183,191113.16,2025-01-15 03:38:56.000000,0,CLEAN
TXN_005197,ACC_0433,ACC_0383,11875.69,2025-01-15 03:39:11.000000,0,CLEAN
TXN_005252,ACC_0120,ACC_0253,292569.8,2025-01-15 03:47:38.000000,0,CLEAN
TXN_002357,ACC_0052,ACC_0017,25699.15,2025-01-15 03:49:46.000000,0,CLEAN
TXN_000531,ACC_0488,ACC_0394,2972.4,2025-01-15 04:09:59.000000,0,CLEAN
TXN_006297,ACC_0333,ACC_0169,384076.61,2025-01-15 04:19:29.000000,0,CLEAN
TXN_006172,ACC_0404,ACC_0324,63166.2,2025-01-15 04:27:31.000000,0,CLEAN
TXN_003608,ACC_0185,ACC_0005,26888.96,2025-01-15 07:36:43.000000,0,CLEAN
TXN_005610,ACC_0043,ACC_0039,173066.51,2025-01-15 08:21:12.000000,0,CLEAN
TXN_006253,ACC_0450,ACC_0383,62858.41,2025-01-15 08:48:45.000000,0,CLEAN
TXN_006101,ACC_0328,ACC_0356,39643.18,2025-01-15 09:11:20.000000,0,CLEAN
TXN_005521,ACC_0344,ACC_0398,66094.6,2025-01-15 09:16:38.000000,0,CLEAN
TXN_000770,ACC_0487,ACC_0053,186645.28,2025-01-15 09:47:56.000000,0,CLEAN
TXN_005517,ACC_0113,ACC_0373,48605.9,2025-01-15 10:29:51.000000,0,CLEAN
TXN_000623,ACC_0419,ACC_0201,6538.69,2025-01-15 12:44:07.000000,0,CLEAN
TXN_004375,ACC_0473,ACC_0050,7928.99,2025-01-15 12:57:51.000000,0,CLEAN
TXN_001031,ACC_0399,ACC_0261,2558.92,2025-01-15 13:45:00.000000,0,CLEAN
TXN_004265,ACC_0115,ACC_0089,52802.95,2025-01-15 14:05:44.000000,0,CLEAN
TXN_004942,ACC_0355,ACC_0039,10138.35,2025-01-15 14:11:53.000000,0,CLEAN
TXN_002866,ACC_0498,ACC_0403,16501.07,2025-01-15 15:01:19.000000,0,CLEAN
TXN_010883,ACC_0129,ACC_0139,4561221.54,2025-01-15 15:50:46.115480,1,SHELL_LAYERING
TXN_000448,ACC_0192,ACC_0232,33915.28,2025-01-15 15:55:52.000000,0,CLEAN
TXN_002339,ACC_0239,ACC_0339,28607.73,2025-01-15 16:51:13.000000,0,CLEAN
TXN_010223,ACC_0376,ACC_0395,4835100.55,2025-01-15 17:09:09.596701,1,SHELL_LAYERING
TXN_000249,ACC_0118,ACC_0430,4402.85,2025-01-15 18:16:14.000000,0,CLEAN
TXN_001510,ACC_0420,ACC_0175,3257.32,2025-01-15 18:19:11.000000,0,CLEAN
TXN_002715,ACC_0235,ACC_0470,525811.66,2025-01-15 20:03:04.000000,0,CLEAN
TXN_003779,ACC_0062,ACC_0189,62689.92,2025-01-15 20:40:21.000000,0,CLEAN
TXN_002692,ACC_0271,ACC_0328,1112897.75,2025-01-15 22:02:17.000000,0,CLEAN
TXN_000239,ACC_0203,ACC_0476,166301.07,2025-01-15 22:33:16.000000,0,CLEAN
TXN_002569,ACC_0147,ACC_0491,102650.38,2025-01-15 22:36:01.000000,0,CLEAN
TXN_001806,ACC_0111,ACC_0376,90227.05,2025-01-15 23:47:07.000000,0,CLEAN
TXN_005902,ACC_0203,ACC_0469,20983.35,2025-01-16 00:06:09.000000,0,CLEAN
TXN_005411,ACC_0332,ACC_0040,31886.83,2025-01-16 00:17:50.000000,0,CLEAN
TXN_004811,ACC_0092,ACC_0047,231095.52,2025-01-16 00:37:24.000000,0,CLEAN
TXN_005388,ACC_0057,ACC_0262,1213.08,2025-01-16 00:56:39.000000,0,CLEAN
TXN_005704,ACC_0337,ACC_0103,6354.39,2025-01-16 01:03:53.000000,0,CLEAN
TXN_005661,ACC_0217,ACC_0359,134226.85,2025-01-16 01:11:48.000000,0,CLEAN
TXN_000748,ACC_0169,ACC_0382,51569.15,2025-01-16 02:36:18.000000,0,CLEAN
TXN_000587,ACC_0138,ACC_0423,51957.62,2025-01-16 02:58:48.000000,0,CLEAN
TXN_001762,ACC_0427,ACC_0155,231809.99,2025-01-16 03:12:18.000000,0,CLEAN
TXN_003340,ACC_0109,ACC_0229,14450.95,2025-01-16 03:50:42.000000,0,CLEAN
TXN_002255,ACC_0491,ACC_0342,18444.3,2025-01-16 03:53:17.000000,0,CLEAN
TXN_010224,ACC_0395,ACC_0418,4600618.93,2025-01-16 03:56:56.437371,1,SHELL_LAYERING
TXN_003678,ACC_0279,ACC_0330,551342.53,2025-01-16 04:14:50.000000,0,CLEAN
TXN_003889,ACC_0120,ACC_0260,87373.66,2025-01-16 04:16:22.000000,0,CLEAN
TXN_003159,ACC_0108,ACC_0094,1003291.41,2025-01-16 04:32:02.000000,0,CLEAN
TXN_002251,ACC_0238,ACC_0265,384434.84,2025-01-16 04:35:58.000000,0,CLEAN
TXN_010881,ACC_0310,ACC_0267,4434158.43,2025-01-16 05:08:18.470007,1,SHELL_LAYERING
TXN_006008,ACC_0436,ACC_0292,5797.43,2025-01-16 06:20:32.000000,0,CLEAN
TXN_004612,ACC_0349,ACC_0237,34206.07,2025-01-16 07:00:53.000000,0,CLEAN
TXN_000815,ACC_0243,ACC_0153,5075.83,2025-01-16 07:57:25.000000,0,CLEAN
TXN_000144,ACC_0169,ACC_0332,25119.14,2025-01-16 08:29:41.000000,0,CLEAN
TXN_003861,ACC_0124,ACC_0318,10541.57,2025-01-16 09:58:57.000000,0,CLEAN
TXN_002012,ACC_0209,ACC_0227,82729.02,2025-01-16 10:03:13.000000,0,CLEAN
TXN_005367,ACC_0296,ACC_0481,12751.72,2025-01-16 10:42:55.000000,0,CLEAN
TXN_005428,ACC_0209,ACC_0185,213519.8,2025-01-16 11:22:57.000000,0,CLEAN
TXN_003897,ACC_0400,ACC_0246,8550.11,2025-01-16 12:54:05.000000,0,CLEAN
TXN_002567,ACC_0234,ACC_0044,37331.86,2025-01-16 13:37:16.000000,0,CLEAN
TXN_010920,ACC_0013,ACC_0376,2441755.98,2025-01-16 13:57:54.000000,1,SHELL_LAYERING
TXN_005258,ACC_0378,ACC_0313,16680.57,2025-01-16 15:35:34.000000,0,CLEAN
TXN_000217,ACC_0423,ACC_0435,45499.32,2025-01-16 15:42:07.000000,0,CLEAN
TXN_005072,ACC_0299,ACC_0471,21674.77,2025-01-16 16:10:22.000000,0,CLEAN
TXN_003475,ACC_0201,ACC_0276,48405.37,2025-01-16 18:10:50.000000,0,CLEAN
TXN_005803,ACC_0191,ACC_0236,197112.41,2025-01-16 18:46:07.000000,0,CLEAN
TXN_005440,ACC_0160,ACC_0060,5007.45,2025-01-16 19:50:43.000000,0,CLEAN
TXN_010884,ACC_0139,ACC_0476,4414787.32,2025-01-16 20:00:44.116586,1,SHELL_LAYERING
TXN_000793,ACC_0326,ACC_0149,127737.95,2025-01-16 21:50:59.000000,0,CLEAN
TXN_003337,ACC_0424,ACC_0210,64193.13,2025-01-16 21:54:05.000000,0,CLEAN
TXN_000261,ACC_0365,ACC_0037,43608.82,2025-01-16 22:19:29.000000,0,CLEAN
TXN_010080,ACC_0378,ACC_0155,2919513.46,2025-01-16 23:08:01.000000,1,SHELL_LAYERING
TXN_000478,ACC_0184,ACC_0128,3374.98,2025-01-17 00:06:27.000000,0,CLEAN
TXN_005769,ACC_0435,ACC_0067,76188.52,2025-01-17 01:59:26.000000,0,CLEAN
TXN_002516,ACC_0253,ACC_0123,3718.15,2025-01-17 03:14:04.000000,0,CLEAN
TXN_001610,ACC_0268,ACC_0392,16055.86,2025-01-17 03:58:43.000000,0,CLEAN
TXN_004186,ACC_0204,ACC_0234,11001.59,2025-01-17 03:59:31.000000,0,CLEAN
TXN_004685,ACC_0325,ACC_0090,1934.16,2025-01-17 05:33:49.000000,0,CLEAN
TXN_000541,ACC_0078,ACC_0143,18245.5,2025-01-17 05:35:26.000000,0,CLEAN
TXN_005642,ACC_0303,ACC_0127,35424.09,2025-01-17 06:57:00.000000,0,CLEAN
TXN_005786,ACC_0373,ACC_0136,7628.92,2025-01-17 07:19:21.000000,0,CLEAN
TXN_003665,ACC_0068,ACC_0385,119458.91,2025-01-17 07:35:58.000000,0,CLEAN
TXN_005321,ACC_0423,ACC_0495,54333.18,2025-01-17 09:46:02.000000,0,CLEAN
TXN_005110,ACC_0429,ACC_0027,97664.87,2025-01-17 10:32:23.000000,0,CLEAN
TXN_002230,ACC_0223,ACC_0069,230109.78,2025-01-17 10:33:36.000000,0,CLEAN
TXN_000383,ACC_0314,ACC_0302,173900.98,2025-01-17 10:58:22.000000,0,CLEAN
TXN_003664,ACC_0130,ACC_0282,18974.27,2025-01-17 11:00:18.000000,0,CLEAN
TXN_002387,ACC_0183,ACC_0250,291415.88,2025-01-17 11:29:16.000000,0,CLEAN
TXN_010081,ACC_0155,ACC_0124,3073491.86,2025-01-17 11:41:27.887921,1,SHELL_LAYERING
TXN_001836,ACC_0204,ACC_0134,76956.73,2025-01-17 12:29:48.000000,0,CLEAN
TXN_003392,ACC_0329,ACC_0286,10939.0,2025-01-17 12:50:14.000000,0,CLEAN
TXN_005351,ACC_0486,ACC_0140,17938.33,2025-01-17 14:37:50.000000,0,CLEAN
TXN_005086,ACC_0154,ACC_0157,13814.71,2025-01-17 14:54:54.000000,0,CLEAN
TXN_003979,ACC_0040,ACC_0151,176457.85,2025-01-17 15:25:25.000000,0,CLEAN
TXN_001389,ACC_0145,ACC_0485,35536.71,2025-01-17 15:37:01.000000,0,CLEAN
TXN_001858,ACC_0372,ACC_0437,2529.17,2025-01-17 15:55:27.000000,0,CLEAN
TXN_000345,ACC_0471,ACC_0493,76014.31,2025-01-17 16:06:44.000000,0,CLEAN
TXN_003703,ACC_0174,ACC_0406,8479.31,2025-01-17 16:12:37.000000,0,CLEAN
TXN_005069,ACC_0287,ACC_0079,8124.84,2025-01-17 16:48:18.000000,0,CLEAN
TXN_005209,ACC_0404,ACC_0098,626624.32,2025-01-17 16:52:27.000000,0,CLEAN
TXN_002651,ACC_0300,ACC_0307,20872.53,2025-01-17 17:09:08.000000,0,CLEAN
TXN_003181,ACC_0275,ACC_0097,20124.74,2025-01-17 17:13:30.000000,0,CLEAN
TXN_003224,ACC_0353,ACC_0384,14284.75,2025-01-17 17:41:00.000000,0,CLEAN
TXN_000595,ACC_0159,ACC_0168,32174.36,2025-01-17 18:35:08.000000,0,CLEAN
TXN_002332,ACC_0490,ACC_0061,378636.97,2025-01-17 18:35:22.000000,0,CLEAN
TXN_005798,ACC_0093,ACC_0374,21586.92,2025-01-17 18:44:07.000000,0,CLEAN
TXN_002499,ACC_0437,ACC_0117,28770.66,2025-01-17 18:59:58.000000,0,CLEAN
TXN_002095,ACC_0139,ACC_0212,1248.46,2025-01-17 20:30:25.000000,0,CLEAN
TXN_005512,ACC_0252,ACC_0134,48992.16,2025-01-17 20:48:53.000000,0,CLEAN
TXN_010923,ACC_0139,ACC_0013,2434018.42,2025-01-17 21:06:52.480591,1,SHELL_LAYERING
TXN_000830,ACC_0413,ACC_0034,360817.02,2025-01-17 21:34:38.000000,0,CLEAN
TXN_004368,ACC_0299,ACC_0196,45270.14,2025-01-17 22:31:36.000000,0,CLEAN
TXN_001250,ACC_0169,ACC_0019,629.64,2025-01-17 23:52:37.000000,0,CLEAN
TXN_004742,ACC_0438,ACC_0050,112006.16,2025-01-18 00:20:22.000000,0,CLEAN
TXN_002448,ACC_0255,ACC_0314,27437.22,2025-01-18 02:12:30.000000,0,CLEAN
TXN_001458,ACC_0307,ACC_0222,177031.9,2025-01-18 02:45:55.000000,0,CLEAN
TXN_005796,ACC_0476,ACC_0237,9011.85,2025-01-18 02:51:52.000000,0,CLEAN
TXN_010882,ACC_0267,ACC_0129,4179889.08,2025-01-18 02:56:35.772747,1,SHELL_LAYERING
TXN_002655,ACC_0387,ACC_0192,3143.48,2025-01-18 04:11:55.000000,0,CLEAN
TXN_001027,ACC_0006,ACC_0344,367642.14,2025-01-18 06:46:59.000000,0,CLEAN
TXN_000945,ACC_0171,ACC_0336,13670.08,2025-01-18 08:10:02.000000,0,CLEAN
TXN_003380,ACC_0372,ACC_0166,57099.46,2025-01-18 08:14:16.000000,0,CLEAN
TXN_000008,ACC_0464,ACC_0393,39057.2,2025-01-18 08:55:01.000000,0,CLEAN
TXN_003414,ACC_0130,ACC_0394,3833.28,2025-01-18 09:41:57.000000,0,CLEAN
TXN_010083,ACC_0074,ACC_0310,2828322.43,2025-01-18 09:47:01.262623,1,SHELL_LAYERING
TXN_010921,ACC_0376,ACC_0284,2579846.14,2025-01-18 10:30:45.440265,1,SHELL_LAYERING
TXN_001030,ACC_0076,ACC_0487,44861.24,2025-01-18 11:48:56.000000,0,CLEAN
TXN_001666,ACC_0004,ACC_0120,10761.32,2025-01-18 12:20:54.000000,0,CLEAN
TXN_003124,ACC_0307,ACC_0216,625715.16,2025-01-18 12:27:59.000000,0,CLEAN
TXN_002931,ACC_0254,ACC_0453,273577.06,2025-01-18 12:35:23.000000,0,CLEAN
TXN_002963,ACC_0130,ACC_0155,168601.96,2025-01-18 12:35:49.000000,0,CLEAN
TXN_005585,ACC_0410,ACC_0194,22036.24,2025-01-18 12:36:29.000000,0,CLEAN
TXN_000713,ACC_0251,ACC_0019,139021.87,2025-01-18 12:37:47.000000,0,CLEAN
TXN_002923,ACC_0336,ACC_0454,68003.1,2025-01-18 12:51:28.000000,0,CLEAN
TXN_005869,ACC_0491,ACC_0027,19144.94,2025-01-18 13:17:17.000000,0,CLEAN
TXN_001975,ACC_0330,ACC_0231,107188.45,2025-01-18 13:29:04.000000,0,CLEAN
TXN_004044,ACC_0371,ACC_0251,63279.57,2025-01-18 13:29:20.000000,0,CLEAN
TXN_004513,ACC_0142,ACC_0074,25424.66,2025-01-18 13:30:49.000000,0,CLEAN
TXN_002194,ACC_0338,ACC_0031,59921.46,2025-01-18 13:54:51.000000,0,CLEAN
TXN_001334,ACC_0256,ACC_0262,14491.88,2025-01-18 14:00:44.000000,0,CLEAN
TXN_005797,ACC_0059,ACC_0471,6627.41,2025-01-18 14:02:53.000000,0,CLEAN
TXN_005830,ACC_0406,ACC_0137,262313.49,2025-01-18 14:57:38.000000,0,CLEAN
TXN_002742,ACC_0179,ACC_0014,2972.33,2025-01-18 15:03:44.000000,0,CLEAN
TXN_006343,ACC_0097,ACC_0108,10134.23,2025-01-18 15:06:59.000000,0,CLEAN
TXN_000797,ACC_0338,ACC_0135,23496.06,2025-01-18 16:43:43.000000,0,CLEAN
TXN_005717,ACC_0118,ACC_0110,6033.01,2025-01-18 17:40:01.000000,0,CLEAN
TXN_004936,ACC_0247,ACC_0115,33337.5,2025-01-18 19:48:57.000000,0,CLEAN
TXN_010084,ACC_0310,ACC_0292,3033317.22,2025-01-18 20:18:03.387187,1,SHELL_LAYERING
TXN_002327,ACC_0012,ACC_0318,33090.25,2025-01-18 20:28:38.000000,0,CLEAN
TXN_002871,ACC_0319,ACC_0381,6045.44,2025-01-18 20:33:16.000000,0,CLEAN
TXN_006286,ACC_0038,ACC_0290,157101.45,2025-01-18 21:25:11.000000,0,CLEAN
TXN_010922,ACC_0284,ACC_0139,2359217.37,2025-01-18 21:53:18.040813,1,SHELL_LAYERING
TXN_020545,ACC_0089,ACC_0284,196857.37,2025-01-18 22:00:50.000000,1,THRESHOLD_SPLIT
TXN_010086,ACC_0139,ACC_0378,3069013.58,2025-01-18 22:07:47.423074,1,SHELL_LAYERING
TXN_003943,ACC_0059,ACC_0395,100744.74,2025-01-18 22:10:34.000000,0,CLEAN
TXN_020546,ACC_0089,ACC_0284,196692.35,2025-01-18 22:16:50.000000,1,THRESHOLD_SPLIT
TXN_005816,ACC_0225,ACC_0135,1187129.03,2025-01-18 22:40:17.000000,0,CLEAN
TXN_002151,ACC_0290,ACC_0067,354663.91,2025-01-19 01:01:14.000000,0,CLEAN
TXN_001508,ACC_0127,ACC_0148,97623.01,2025-01-19 01:27:19.000000,0,CLEAN
TXN_002030,ACC_0476,ACC_0018,73898.52,2025-01-19 01:59:59.000000,0,CLEAN
TXN_001409,ACC_0385,ACC_0060,44999.86,2025-01-19 02:17:48.000000,0,CLEAN
TXN_004597,ACC_0024,ACC_0162,6750.51,2025-01-19 02:23:39.000000,0,CLEAN
TXN_004789,ACC_0104,ACC_0047,142290.75,2025-01-19 02:38:53.000000,0,CLEAN
TXN_004613,ACC_0453,ACC_0320,4418.88,2025-01-19 02:46:00.000000,0,CLEAN
TXN_000219,ACC_0388,ACC_0016,33342.28,2025-01-19 03:44:38.000000,0,CLEAN
TXN_010226,ACC_0366,ACC_0218,4567723.28,2025-01-19 03:59:42.000329,1,SHELL_LAYERING
TXN_004243,ACC_0122,ACC_0484,67653.84,2025-01-19 04:21:51.000000,0,CLEAN
TXN_005016,ACC_0075,ACC_0397,77410.11,2025-01-19 05:39:10.000000,0,CLEAN
TXN_020330,ACC_0393,ACC_0440,197672.04,2025-01-19 06:05:52.000000,1,THRESHOLD_SPLIT
TXN_020331,ACC_0393,ACC_0440,198717.24,2025-01-19 06:40:52.000000,1,THRESHOLD_SPLIT
TXN_020332,ACC_0393,ACC_0440,199731.72,2025-01-19 06:53:52.000000,1,THRESHOLD_SPLIT
TXN_003087,ACC_0255,ACC_0347,9161.91,2025-01-19 07:29:39.000000,0,CLEAN
TXN_020333,ACC_0393,ACC_0440,197192.13,2025-01-19 07:44:52.000000,1,THRESHOLD_SPLIT
TXN_004139,ACC_0355,ACC_0382,518.8,2025-01-19 08:39:00.000000,0,CLEAN
TXN_006199,ACC_0344,ACC_0155,10553.84,2025-01-19 08:43:07.000000,0,CLEAN
TXN_005954,ACC_0043,ACC_0274,3790.34,2025-01-19 08:44:24.000000,0,CLEAN
TXN_003844,ACC_0087,ACC_0129,13618.06,2025-01-19 09:32:30.000000,0,CLEAN
TXN_001040,ACC_0378,ACC_0059,34847.19,2025-01-19 10:43:29.000000,0,CLEAN
TXN_004899,ACC_0035,ACC_0241,57944.23,2025-01-19 11:17:25.000000,0,CLEAN
TXN_000484,ACC_0046,ACC_0361,36119.79,2025-01-19 11:35:17.000000,0,CLEAN
TXN_000226,ACC_0439,ACC_0499,37333.67,2025-01-19 12:25:06.000000,0,CLEAN
TXN_005639,ACC_0322,ACC_0042,152314.71,2025-01-19 12:32:42.000000,0,CLEAN
TXN_005615,ACC_0470,ACC_0077,7734.62,2025-01-19 13:19:34.000000,0,CLEAN
TXN_000621,ACC_0043,ACC_0298,215463.21,2025-01-19 13:25:16.000000,0,CLEAN
TXN_003556,ACC_0195,ACC_0206,325557.35,2025-01-19 14:36:04.000000,0,CLEAN
TXN_001237,ACC_0263,ACC_0042,7319.49,2025-01-19 15:11:21.000000,0,CLEAN
TXN_005090,ACC_0426,ACC_0223,15839.06,2025-01-19 15:35:22.000000,0,CLEAN
TXN_005211,ACC_0491,ACC_0342,7675.47,2025-01-19 16:21:10.000000,0,CLEAN
TXN_006396,ACC_0342,ACC_0367,12328.66,2025-01-19 17:14:54.000000,0,CLEAN
TXN_003822,ACC_0490,ACC_0451,226482.81,2025-01-19 18:12:12.000000,0,CLEAN
TXN_003533,ACC_0320,ACC_0321,513.57,2025-01-19 18:46:34.000000,0,CLEAN
TXN_005477,ACC_0483,ACC_0395,92469.21,2025-01-19 19:34:48.000000,0,CLEAN
TXN_000791,ACC_0245,ACC_0102,1528044.35,2025-01-19 19:59:30.000000,0,CLEAN
TXN_002153,ACC_0357,ACC_0239,170394.37,2025-01-19 21:16:42.000000,0,CLEAN
TXN_002307,ACC_0489,ACC_0021,10408.89,2025-01-19 21:45:02.000000,0,CLEAN
TXN_000350,ACC_0178,ACC_0244,14261.08,2025-01-19 22:57:22.000000,0,CLEAN
TXN_002187,ACC_0166,ACC_0285,3628.74,2025-01-19 23:06:00.000000,0,CLEAN
TXN_004973,ACC_0139,ACC_0190,17149.14,2025-01-19 23:50:24.000000,0,CLEAN
TXN_003335,ACC_0184,ACC_0233,20003.52,2025-01-20 00:39:23.000000,0,CLEAN
TXN_001295,ACC_0034,ACC_0129,11755.14,2025-01-20 01:39:22.000000,0,CLEAN
TXN_000859,ACC_0356,ACC_0350,47812.38,2025-01-20 01:43:34.000000,0,CLEAN
TXN_002109,ACC_0393,ACC_0447,245809.61,2025-01-20 01:53:07.000000,0,CLEAN
TXN_006532,ACC_0329,ACC_0489,76985.78,2025-01-20 03:24:03.000000,0,CLEAN
TXN_006149,ACC_0204,ACC_0321,49072.2,2025-01-20 04:37:40.000000,0,CLEAN
TXN_004143,ACC_0292,ACC_0064,291716.16,2025-01-20 07:25:47.000000,0,CLEAN
TXN_000468,ACC_0024,ACC_0023,34192.55,2025-01-20 08:03:06.000000,0,CLEAN
TXN_002432,ACC_0020,ACC_0069,9567.61,2025-01-20 09:53:02.000000,0,CLEAN
TXN_005147,ACC_0148,ACC_0342,381655.5,2025-01-20 10:07:31.000000,0,CLEAN
TXN_001299,ACC_0335,ACC_0120,37495.17,2025-01-20 10:14:37.000000,0,CLEAN
TXN_006349,ACC_0492,ACC_0439,8181.33,2025-01-20 10:20:29.000000,0,CLEAN
TXN_006384,ACC_0086,ACC_0080,47593.06,2025-01-20 10:34:15.000000,0,CLEAN
TXN_006459,ACC_0191,ACC_0081,42012.97,2025-01-20 10:40:38.000000,0,CLEAN
TXN_003999,ACC_0169,ACC_0413,6055.46,2025-01-20 10:51:37.000000,0,CLEAN
TXN_000840,ACC_0493,ACC_0481,46205.82,2025-01-20 10:59:04.000000,0,CLEAN
TXN_005844,ACC_0331,ACC_0463,38087.41,2025-01-20 11:00:06.000000,0,CLEAN
TXN_002976,ACC_0470,ACC_0419,157427.97,2025-01-20 11:52:38.000000,0,CLEAN
TXN_006316,ACC_0157,ACC_0092,1906.83,2025-01-20 14:12:42.000000,0,CLEAN
TXN_003227,ACC_0310,ACC_0251,180711.51,2025-01-20 14:14:43.000000,0,CLEAN
TXN_005228,ACC_0264,ACC_0152,44524.24,2025-01-20 14:17:19.000000,0,CLEAN
TXN_000727,ACC_0202,ACC_0301,29129.22,2025-01-20 14:50:38.000000,0,CLEAN
TXN_005966,ACC_0415,ACC_0452,10151.92,2025-01-20 15:15:57.000000,0,CLEAN
TXN_006520,ACC_0042,ACC_0006,784704.42,2025-01-20 15:18:16.000000,0,CLEAN
TXN_003620,ACC_0134,ACC_0467,14596.4,2025-01-20 15:34:50.000000,0,CLEAN
TXN_000779,ACC_0080,ACC_0027,22841.29,2025-01-20 15:53:44.000000,0,CLEAN
TXN_001032,ACC_0370,ACC_0371,58968.08,2025-01-20 16:02:52.000000,0,CLEAN
TXN_004988,ACC_0200,ACC_0202,12491.54,2025-01-20 16:06:43.000000,0,CLEAN
TXN_006248,ACC_0192,ACC_0030,16995.71,2025-01-20 16:44:39.000000,0,CLEAN
TXN_003841,ACC_0306,ACC_0255,48428.64,2025-01-20 18:29:08.000000,0,CLEAN
TXN_003553,ACC_0221,ACC_0033,48643.02,2025-01-20 18:33:03.000000,0,CLEAN
TXN_003250,ACC_0400,ACC_0440,15079.76,2025-01-20 18:44:22.000000,0,CLEAN
TXN_000652,ACC_0048,ACC_0237,13926.62,2025-01-20 18:55:21.000000,0,CLEAN
TXN_001663,ACC_0011,ACC_0096,200831.91,2025-01-20 20:37:44.000000,0,CLEAN
TXN_006492,ACC_0159,ACC_0269,150066.26,2025-01-20 22:12:27.000000,0,CLEAN
TXN_010082,ACC_0124,ACC_0074,2867760.65,2025-01-20 22:26:42.991842,1,SHELL_LAYERING
TXN_000983,ACC_0159,ACC_0066,19941.25,2025-01-20 22:39:18.000000,0,CLEAN
TXN_003811,ACC_0337,ACC_0460,2647.68,2025-01-20 23:03:05.000000,0,CLEAN
TXN_000573,ACC_0130,ACC_0396,5300.26,2025-01-20 23:34:17.000000,0,CLEAN
TXN_005705,ACC_0303,ACC_0078,389716.62,2025-01-20 23:54:15.000000,0,CLEAN
TXN_001606,ACC_0085,ACC_0204,9405.68,2025-01-21 00:03:29.000000,0,CLEAN
TXN_006507,ACC_0115,ACC_0268,276559.28,2025-01-21 00:14:54.000000,0,CLEAN
TXN_000271,ACC_0262,ACC_0208,15619.88,2025-01-21 01:22:47.000000,0,CLEAN
TXN_004807,ACC_0296,ACC_0444,10122.41,2025-01-21 01:58:06.000000,0,CLEAN
TXN_006092,ACC_0403,ACC_0063,329284.17,2025-01-21 02:55:05.000000,0,CLEAN
TXN_004743,ACC_0412,ACC_0429,96920.52,2025-01-21 03:47:57.000000,0,CLEAN
TXN_002323,ACC_0050,ACC_0269,4412.58,2025-01-21 04:14:34.000000,0,CLEAN
TXN_004501,ACC_0178,ACC_0449,18395.82,2025-01-21 04:18:51.000000,0,CLEAN
TXN_001243,ACC_0217,ACC_0428,207485.65,2025-01-21 04:20:02.000000,0,CLEAN
TXN_006524,ACC_0340,ACC_0136,199999.8,2025-01-21 04:30:50.000000,0,CLEAN
TXN_005261,ACC_0370,ACC_0021,78823.52,2025-01-21 04:57:37.000000,0,CLEAN
TXN_000746,ACC_0327,ACC_0289,38220.42,2025-01-21 05:11:19.000000,0,CLEAN
TXN_003244,ACC_0309,ACC_0343,8162.27,2025-01-21 05:20:13.000000,0,CLEAN
TXN_003729,ACC_0047,ACC_0088,36784.58,2025-01-21 06:08:04.000000,0,CLEAN
TXN_002467,ACC_0232,ACC_0022,15436.24,2025-01-21 06:38:15.000000,0,CLEAN
TXN_003597,ACC_0168,ACC_0083,14990.29,2025-01-21 08:37:35.000000,0,CLEAN
TXN_004208,ACC_0193,ACC_0488,152192.87,2025-01-21 09:20:53.000000,0,CLEAN
TXN_005660,ACC_0041,ACC_0472,45032.51,2025-01-21 09:32:23.000000,0,CLEAN
TXN_003332,ACC_0377,ACC_0126,171807.76,2025-01-21 10:23:34.000000,0,CLEAN
TXN_004658,ACC_0079,ACC_0437,27550.65,2025-01-21 10:43:27.000000,0,CLEAN
TXN_004035,ACC_0358,ACC_0045,13955.36,2025-01-21 11:31:27.000000,0,CLEAN
TXN_010085,ACC_0292,ACC_0139,3088513.3,2025-01-21 11:37:02.092903,1,SHELL_LAYERING
TXN_001770,ACC_0212,ACC_0383,61176.27,2025-01-21 11:43:54.000000,0,CLEAN
TXN_003248,ACC_0386,ACC_0056,309677.45,2025-01-21 13:29:30.000000,0,CLEAN
TXN_003091,ACC_0302,ACC_0476,89875.56,2025-01-21 14:19:17.000000,0,CLEAN
TXN_005186,ACC_0049,ACC_0341,238641.73,2025-01-21 15:01:23.000000,0,CLEAN
TXN_005402,ACC_0302,ACC_0013,28913.07,2025-01-21 15:04:38.000000,0,CLEAN
TXN_001018,ACC_0058,ACC_0402,7814.37,2025-01-21 15:13:29.000000,0,CLEAN
TXN_001114,ACC_0191,ACC_0360,27702.56,2025-01-21 15:29:51.000000,0,CLEAN
TXN_003161,ACC_0446,ACC_0344,12184.07,2025-01-21 15:32:12.000000,0,CLEAN
TXN_004467,ACC_0490,ACC_0405,194632.29,2025-01-21 15:34:31.000000,0,CLEAN
TXN_001489,ACC_0208,ACC_0260,69416.77,2025-01-21 16:09:45.000000,0,CLEAN
TXN_001166,ACC_0006,ACC_0268,8111.57,2025-01-21 16:11:18.000000,0,CLEAN
TXN_000265,ACC_0162,ACC_0185,12647.76,2025-01-21 16:33:47.000000,0,CLEAN
TXN_006239,ACC_0438,ACC_0140,7770.69,2025-01-21 17:53:06.000000,0,CLEAN
TXN_004962,ACC_0236,ACC_0449,186330.12,2025-01-21 19:27:51.000000,0,CLEAN
TXN_000020,ACC_0290,ACC_0309,2968.74,2025-01-21 20:03:26.000000,0,CLEAN
TXN_002759,ACC_0225,ACC_0345,313170.52,2025-01-21 20:10:06.000000,0,CLEAN
TXN_003142,ACC_0023,ACC_0263,8226.07,2025-01-21 21:36:08.000000,0,CLEAN
TXN_030201,ACC_0076,ACC_0040,11719.71,2025-01-21 21:49:58.000000,1,VELOCITY_BURST
TXN_030205,ACC_0076,ACC_0060,24590.07,2025-01-21 21:50:58.000000,1,VELOCITY_BURST
TXN_030200,ACC_0076,ACC_0018,49920.16,2025-01-21 21:51:58.000000,1,VELOCITY_BURST
TXN_030202,ACC_0076,ACC_0030,17711.39,2025-01-21 21:57:58.000000,1,VELOCITY_BURST
TXN_030204,ACC_0076,ACC_0449,15766.43,2025-01-21 22:02:58.000000,1,VELOCITY_BURST
TXN_030203,ACC_0076,ACC_0301,35947.66,2025-01-21 22:05:58.000000,1,VELOCITY_BURST
TXN_030206,ACC_0076,ACC_0075,46844.3,2025-01-21 22:08:58.000000,1,VELOCITY_BURST
TXN_001123,ACC_0366,ACC_0173,13330.15,2025-01-21 22:13:29.000000,0,CLEAN
TXN_006530,ACC_0021,ACC_0309,4693.06,2025-01-21 22:22:24.000000,0,CLEAN
TXN_002732,ACC_0021,ACC_0101,7286.08,2025-01-21 22:27:55.000000,0,CLEAN
TXN_005858,ACC_0474,ACC_0259,1857.62,2025-01-21 22:38:31.000000,0,CLEAN
TXN_004317,ACC_0056,ACC_0491,9782.46,2025-01-21 22:45:19.000000,0,CLEAN
TXN_004584,ACC_0099,ACC_0139,152427.22,2025-01-22 01:11:05.000000,0,CLEAN
TXN_002352,ACC_0330,ACC_0251,6923.7,2025-01-22 01:19:21.000000,0,CLEAN
TXN_003726,ACC_0096,ACC_0244,599125.73,2025-01-22 02:17:29.000000,0,CLEAN
TXN_006203,ACC_0099,ACC_0399,4449.19,2025-01-22 02:37:59.000000,0,CLEAN
TXN_002190,ACC_0035,ACC_0307,7902.82,2025-01-22 02:47:12.000000,0,CLEAN
TXN_001315,ACC_0249,ACC_0283,9539.65,2025-01-22 03:11:48.000000,0,CLEAN
TXN_002023,ACC_0044,ACC_0025,22690.59,2025-01-22 03:27:11.000000,0,CLEAN
TXN_005386,ACC_0120,ACC_0180,12015.23,2025-01-22 04:44:19.000000,0,CLEAN
TXN_003977,ACC_0467,ACC_0319,112966.55,2025-01-22 04:53:15.000000,0,CLEAN
TXN_005340,ACC_0029,ACC_0414,62163.09,2025-01-22 04:57:23.000000,0,CLEAN
TXN_002040,ACC_0313,ACC_0029,12526.86,2025-01-22 05:23:07.000000,0,CLEAN
TXN_000328,ACC_0468,ACC_0043,19335.92,2025-01-22 05:41:54.000000,0,CLEAN
TXN_005011,ACC_0126,ACC_0242,108312.73,2025-01-22 05:46:32.000000,0,CLEAN
TXN_010885,ACC_0476,ACC_0285,4485967.8,2025-01-22 06:53:46.357859,1,SHELL_LAYERING
TXN_002214,ACC_0420,ACC_0183,63036.8,2025-01-22 07:13:52.000000,0,CLEAN
TXN_004200,ACC_0063,ACC_0273,8190.26,2025-01-22 08:35:28.000000,0,CLEAN
TXN_003970,ACC_0257,ACC_0486,58969.65,2025-01-22 09:44:50.000000,0,CLEAN
TXN_005580,ACC_0399,ACC_0320,370629.78,2025-01-22 10:06:28.000000,0,CLEAN
TXN_002764,ACC_0063,ACC_0239,98530.88,2025-01-22 10:06:38.000000,0,CLEAN
TXN_003315,ACC_0216,ACC_0259,2465.97,2025-01-22 10:41:47.000000,0,CLEAN
TXN_006024,ACC_0111,ACC_0108,194761.63,2025-01-22 11:35:09.000000,0,CLEAN
TXN_002988,ACC_0294,ACC_0042,9073.87,2025-01-22 12:29:48.000000,0,CLEAN
TXN_003623,ACC_0403,ACC_0454,49583.09,2025-01-22 13:09:11.000000,0,CLEAN
TXN_004981,ACC_0330,ACC_0127,71390.46,2025-01-22 13:41:00.000000,0,CLEAN
TXN_002491,ACC_0143,ACC_0069,89605.99,2025-01-22 13:48:24.000000,0,CLEAN
TXN_004055,ACC_0148,ACC_0044,23139.61,2025-01-22 15:04:48.000000,0,CLEAN
TXN_006179,ACC_0440,ACC_0464,15919.75,2025-01-22 15:44:20.000000,0,CLEAN
TXN_002278,ACC_0007,ACC_0380,33102.16,2025-01-22 15:51:28.000000,0,CLEAN
TXN_002729,ACC_0390,ACC_0402,34250.99,2025-01-22 16:39:47.000000,0,CLEAN
TXN_006095,ACC_0385,ACC_0406,266265.47,2025-01-22 16:56:59.000000,0,CLEAN
TXN_003174,ACC_0007,ACC_0098,32957.27,2025-01-22 17:33:00.000000,0,CLEAN
TXN_002621,ACC_0173,ACC_0353,14497.76,2025-01-22 19:25:43.000000,0,CLEAN
TXN_003075,ACC_0234,ACC_0253,55850.5,2025-01-22 20:14:43.000000,0,CLEAN
TXN_000026,ACC_0098,ACC_0415,3161.13,2025-01-22 20:58:19.000000,0,CLEAN
TXN_005027,ACC_0305,ACC_0247,37033.01,2025-01-22 21:30:16.000000,0,CLEAN
TXN_000105,ACC_0371,ACC_0392,606338.52,2025-01-22 21:53:38.000000,0,CLEAN
TXN_001694,ACC_0111,ACC_0499,48269.7,2025-01-22 22:17:05.000000,0,CLEAN
TXN_002943,ACC_0358,ACC_0486,393540.94,2025-01-22 22:26:16.000000,0,CLEAN
TXN_001976,ACC_0369,ACC_0256,25685.98,2025-01-22 23:25:04.000000,0,CLEAN
TXN_004269,ACC_0087,ACC_0192,119976.71,2025-01-22 23:42:23.000000,0,CLEAN
TXN_001374,ACC_0169,ACC_0369,259227.96,2025-01-23 00:11:47.000000,0,CLEAN
TXN_004711,ACC_0442,ACC_0162,7202.84,2025-01-23 01:26:47.000000,0,CLEAN
TXN_001048,ACC_0175,ACC_0093,114590.53,2025-01-23 02:29:44.000000,0,CLEAN
TXN_003148,ACC_0257,ACC_0008,117513.75,2025-01-23 02:58:40.000000,0,CLEAN
TXN_001988,ACC_0063,ACC_0046,37725.16,2025-01-23 04:02:49.000000,0,CLEAN
TXN_002416,ACC_0418,ACC_0054,27907.59,2025-01-23 04:06:57.000000,0,CLEAN
TXN_000378,ACC_0200,ACC_0301,35431.82,2025-01-23 04:21:36.000000,0,CLEAN
TXN_005317,ACC_0391,ACC_0232,47298.11,2025-01-23 04:23:26.000000,0,CLEAN
TXN_010887,ACC_0166,ACC_0155,4352175.05,2025-01-23 04:38:35.583308,1,SHELL_LAYERING
TXN_002185,ACC_0428,ACC_0249,58351.13,2025-01-23 04:46:59.000000,0,CLEAN
TXN_004673,ACC_0379,ACC_0243,8161.96,2025-01-23 04:47:59.000000,0,CLEAN
TXN_004753,ACC_0282,ACC_0195,3926.58,2025-01-23 05:36:49.000000,0,CLEAN
TXN_001289,ACC_0129,ACC_0099,271217.31,2025-01-23 06:10:47.000000,0,CLEAN
TXN_003411,ACC_0131,ACC_0046,50402.75,2025-01-23 06:16:57.000000,0,CLEAN
TXN_005127,ACC_0352,ACC_0102,151557.02,2025-01-23 06:34:55.000000,0,CLEAN
TXN_001222,ACC_0332,ACC_0004,109997.81,2025-01-23 06:38:34.000000,0,CLEAN
TXN_004833,ACC_0443,ACC_0186,217502.69,2025-01-23 06:57:10.000000,0,CLEAN
TXN_003427,ACC_0258,ACC_0197,72673.02,2025-01-23 08:19:05.000000,0,CLEAN
TXN_020160,ACC_0448,ACC_0071,196162.46,2025-01-23 09:05:59.000000,1,THRESHOLD_SPLIT
TXN_020161,ACC_0448,ACC_0071,198785.76,2025-01-23 09:13:59.000000,1,THRESHOLD_SPLIT
TXN_005425,ACC_0161,ACC_0384,9985.67,2025-01-23 09:52:54.000000,0,CLEAN
TXN_000794,ACC_0242,ACC_0433,41058.13,2025-01-23 10:18:38.000000,0,CLEAN
TXN_004031,ACC_0228,ACC_0489,149914.03,2025-01-23 11:06:05.000000,0,CLEAN
TXN_004054,ACC_0114,ACC_0133,32238.52,2025-01-23 11:09:15.000000,0,CLEAN
TXN_002295,ACC_0386,ACC_0420,10171.62,2025-01-23 12:34:22.000000,0,CLEAN
TXN_003071,ACC_0239,ACC_0223,259880.09,2025-01-23 12:42:40.000000,0,CLEAN
TXN_004058,ACC_0381,ACC_0483,16212.4,2025-01-23 13:05:39.000000,0,CLEAN
TXN_004418,ACC_0107,ACC_0274,275590.44,2025-01-23 13:27:38.000000,0,CLEAN
TXN_006173,ACC_0100,ACC_0245,43757.95,2025-01-23 14:29:35.000000,0,CLEAN
TXN_005974,ACC_0467,ACC_0221,2334.32,2025-01-23 14:34:54.000000,0,CLEAN
TXN_005514,ACC_0374,ACC_0342,74496.3,2025-01-23 14:45:18.000000,0,CLEAN
TXN_003163,ACC_0002,ACC_0203,58021.41,2025-01-23 15:45:36.000000,0,CLEAN
TXN_002091,ACC_0095,ACC_0305,18288.86,2025-01-23 16:32:07.000000,0,CLEAN
TXN_002601,ACC_0082,ACC_0122,131049.91,2025-01-23 16:52:27.000000,0,CLEAN
TXN_003206,ACC_0455,ACC_0242,16533.59,2025-01-23 16:59:00.000000,0,CLEAN
TXN_001491,ACC_0150,ACC_0175,112581.99,2025-01-23 17:18:05.000000,0,CLEAN
TXN_004824,ACC_0437,ACC_0016,48902.82,2025-01-23 18:13:29.000000,0,CLEAN
TXN_004542,ACC_0382,ACC_0070,28125.2,2025-01-23 18:21:30.000000,0,CLEAN
TXN_000157,ACC_0492,ACC_0379,35024.82,2025-01-23 18:43:59.000000,0,CLEAN
TXN_004119,ACC_0483,ACC_0026,30985.41,2025-01-23 18:52:33.000000,0,CLEAN
TXN_000050,ACC_0159,ACC_0354,41352.36,2025-01-23 19:11:49.000000,0,CLEAN
TXN_004386,ACC_0322,ACC_0368,11411.1,2025-01-23 19:15:30.000000,0,CLEAN
TXN_006533,ACC_0294,ACC_0048,8320.8,2025-01-23 19:27:55.000000,0,CLEAN
TXN_002003,ACC_0320,ACC_0092,14496.24,2025-01-23 19:50:28.000000,0,CLEAN
TXN_002126,ACC_0225,ACC_0344,298061.45,2025-01-23 20:17:33.000000,0,CLEAN
TXN_003360,ACC_0267,ACC_0078,18436.28,2025-01-23 20:43:06.000000,0,CLEAN
TXN_003352,ACC_0441,ACC_0270,253747.41,2025-01-23 22:11:27.000000,0,CLEAN
TXN_002399,ACC_0021,ACC_0208,55881.76,2025-01-23 22:47:30.000000,0,CLEAN
TXN_002054,ACC_0099,ACC_0000,9873.02,2025-01-23 22:53:06.000000,0,CLEAN
TXN_001922,ACC_0485,ACC_0368,25742.89,2025-01-23 23:43:29.000000,0,CLEAN
TXN_005490,ACC_0145,ACC_0084,81361.08,2025-01-24 00:29:17.000000,0,CLEAN
TXN_003680,ACC_0116,ACC_0050,55134.06,2025-01-24 00:39:34.000000,0,CLEAN
TXN_001093,ACC_0228,ACC_0161,140913.61,2025-01-24 01:12:50.000000,0,CLEAN
TXN_003356,ACC_0189,ACC_0472,4475.24,2025-01-24 01:29:23.000000,0,CLEAN
TXN_004123,ACC_0125,ACC_0017,115577.23,2025-01-24 01:39:35.000000,0,CLEAN
TXN_004410,ACC_0137,ACC_0283,16690.94,2025-01-24 03:03:43.000000,0,CLEAN
TXN_004887,ACC_0140,ACC_0216,3756.36,2025-01-24 03:47:14.000000,0,CLEAN
TXN_000588,ACC_0292,ACC_0190,24623.01,2025-01-24 04:26:55.000000,0,CLEAN
TXN_000555,ACC_0379,ACC_0089,13260.76,2025-01-24 04:38:41.000000,0,CLEAN
TXN_020470,ACC_0057,ACC_0267,199215.34,2025-01-24 04:39:10.000000,1,THRESHOLD_SPLIT
TXN_020471,ACC_0057,ACC_0267,198129.46,2025-01-24 04:47:10.000000,1,THRESHOLD_SPLIT
TXN_020472,ACC_0057,ACC_0267,199698.93,2025-01-24 04:57:10.000000,1,THRESHOLD_SPLIT
TXN_006140,ACC_0373,ACC_0405,6984.45,2025-01-24 05:20:11.000000,0,CLEAN
TXN_000955,ACC_0099,ACC_0257,2588.56,2025-01-24 06:22:57.000000,0,CLEAN
TXN_001522,ACC_0398,ACC_0054,279564.38,2025-01-24 06:40:27.000000,0,CLEAN
TXN_000639,ACC_0135,ACC_0437,103959.75,2025-01-24 06:50:15.000000,0,CLEAN
TXN_005510,ACC_0470,ACC_0432,33253.63,2025-01-24 06:57:49.000000,0,CLEAN
TXN_004133,ACC_0188,ACC_0005,127598.81,2025-01-24 07:14:32.000000,0,CLEAN
TXN_000820,ACC_0317,ACC_0075,39536.31,2025-01-24 08:33:14.000000,0,CLEAN
TXN_004338,ACC_0076,ACC_0118,275482.26,2025-01-24 09:23:23.000000,0,CLEAN
TXN_001818,ACC_0476,ACC_0444,15717.77,2025-01-24 09:45:34.000000,0,CLEAN
TXN_002927,ACC_0376,ACC_0256,289757.04,2025-01-24 10:14:07.000000,0,CLEAN
TXN_005129,ACC_0309,ACC_0451,62957.87,2025-01-24 12:03:40.000000,0,CLEAN
TXN_004908,ACC_0495,ACC_0466,26690.79,2025-01-24 13:49:31.000000,0,CLEAN
TXN_005940,ACC_0144,ACC_0020,2101.68,2025-01-24 14:28:14.000000,0,CLEAN
TXN_006338,ACC_0370,ACC_0264,15257.55,2025-01-24 15:10:50.000000,0,CLEAN
TXN_004134,ACC_0059,ACC_0042,13110.31,2025-01-24 16:48:05.000000,0,CLEAN
TXN_002932,ACC_0121,ACC_0308,79489.16,2025-01-24 17:51:04.000000,0,CLEAN
TXN_004870,ACC_0399,ACC_0160,5634.31,2025-01-24 17:58:34.000000,0,CLEAN
TXN_002788,ACC_0432,ACC_0206,14163.15,2025-01-24 20:06:47.000000,0,CLEAN
TXN_003260,ACC_0419,ACC_0070,58872.15,2025-01-24 21:08:40.000000,0,CLEAN
TXN_004159,ACC_0409,ACC_0160,10900.67,2025-01-24 21:25:57.000000,0,CLEAN
TXN_000998,ACC_0258,ACC_0086,168736.53,2025-01-24 21:58:35.000000,0,CLEAN
TXN_001126,ACC_0344,ACC_0301,18564.7,2025-01-24 22:14:34.000000,0,CLEAN
TXN_005061,ACC_0422,ACC_0303,34912.8,2025-01-24 23:15:08.000000,0,CLEAN
TXN_004079,ACC_0257,ACC_0353,126427.61,2025-01-24 23:23:02.000000,0,CLEAN
TXN_004209,ACC_0400,ACC_0474,34265.2,2025-01-24 23:34:04.000000,0,CLEAN
TXN_001007,ACC_0227,ACC_0194,152201.08,2025-01-24 23:59:41.000000,0,CLEAN
TXN_003391,ACC_0287,ACC_0331,87016.84,2025-01-25 00:51:50.000000,0,CLEAN
TXN_003318,ACC_0259,ACC_0181,19999.86,2025-01-25 01:00:37.000000,0,CLEAN
TXN_000882,ACC_0325,ACC_0473,923533.47,2025-01-25 01:17:21.000000,0,CLEAN
TXN_004153,ACC_0404,ACC_0333,92513.58,2025-01-25 02:17:53.000000,0,CLEAN
TXN_002670,ACC_0325,ACC_0241,8790.1,2025-01-25 02:42:23.000000,0,CLEAN
TXN_000470,ACC_0235,ACC_0008,44009.32,2025-01-25 02:59:13.000000,0,CLEAN
TXN_005358,ACC_0311,ACC_0006,23121.76,2025-01-25 03:18:35.000000,0,CLEAN
TXN_003545,ACC_0228,ACC_0297,19484.01,2025-01-25 05:43:59.000000,0,CLEAN
TXN_001664,ACC_0144,ACC_0137,388796.38,2025-01-25 06:43:29.000000,0,CLEAN
TXN_004573,ACC_0193,ACC_0487,3522.55,2025-01-25 07:09:49.000000,0,CLEAN
TXN_005434,ACC_0423,ACC_0424,446932.49,2025-01-25 07:51:10.000000,0,CLEAN
TXN_005106,ACC_0432,ACC_0201,5396.86,2025-01-25 10:54:12.000000,0,CLEAN
TXN_004318,ACC_0405,ACC_0010,93098.14,2025-01-25 11:46:42.000000,0,CLEAN
TXN_006443,ACC_0364,ACC_0151,153346.87,2025-01-25 12:35:49.000000,0,CLEAN
TXN_005449,ACC_0380,ACC_0051,3857.85,2025-01-25 13:03:25.000000,0,CLEAN
TXN_005288,ACC_0039,ACC_0029,2641.67,2025-01-25 14:32:19.000000,0,CLEAN
TXN_002273,ACC_0248,ACC_0042,3558.42,2025-01-25 15:01:48.000000,0,CLEAN
TXN_000561,ACC_0085,ACC_0191,506.33,2025-01-25 15:32:22.000000,0,CLEAN
TXN_020410,ACC_0455,ACC_0476,197551.11,2025-01-25 17:23:01.000000,1,THRESHOLD_SPLIT
TXN_000096,ACC_0201,ACC_0271,24226.14,2025-01-25 17:28:49.000000,0,CLEAN
TXN_002168,ACC_0309,ACC_0294,83154.03,2025-01-25 17:41:56.000000,0,CLEAN
TXN_004059,ACC_0293,ACC_0188,97062.05,2025-01-25 17:48:30.000000,0,CLEAN
TXN_020475,ACC_0150,ACC_0074,196059.03,2025-01-25 17:49:48.000000,1,THRESHOLD_SPLIT
TXN_003506,ACC_0381,ACC_0033,628.55,2025-01-25 17:52:15.000000,0,CLEAN
TXN_005455,ACC_0216,ACC_0181,131558.72,2025-01-25 17:58:26.000000,0,CLEAN
TXN_020411,ACC_0455,ACC_0476,195545.15,2025-01-25 18:08:01.000000,1,THRESHOLD_SPLIT
TXN_020477,ACC_0150,ACC_0074,199606.59,2025-01-25 18:13:48.000000,1,THRESHOLD_SPLIT
TXN_020476,ACC_0150,ACC_0074,198896.03,2025-01-25 18:30:48.000000,1,THRESHOLD_SPLIT
TXN_004223,ACC_0244,ACC_0304,23032.32,2025-01-25 18:31:46.000000,0,CLEAN
TXN_020478,ACC_0150,ACC_0074,198245.73,2025-01-25 20:01:48.000000,1,THRESHOLD_SPLIT
TXN_006360,ACC_0289,ACC_0004,10522.29,2025-01-25 20:16:56.000000,0,CLEAN
TXN_003505,ACC_0033,ACC_0302,88331.4,2025-01-25 21:40:17.000000,0,CLEAN
TXN_003709,ACC_0295,ACC_0448,6707.08,2025-01-25 22:08:02.000000,0,CLEAN
TXN_001137,ACC_0374,ACC_0418,68555.48,2025-01-25 22:18:08.000000,0,CLEAN
TXN_005888,ACC_0049,ACC_0199,128511.14,2025-01-25 22:51:52.000000,0,CLEAN
TXN_002724,ACC_0060,ACC_0114,55582.66,2025-01-25 23:51:10.000000,0,CLEAN
TXN_000663,ACC_0227,ACC_0415,3077.59,2025-01-26 00:12:43.000000,0,CLEAN
TXN_004648,ACC_0469,ACC_0348,111292.49,2025-01-26 01:06:36.000000,0,CLEAN
TXN_003225,ACC_0341,ACC_0247,87038.55,2025-01-26 01:38:00.000000,0,CLEAN
TXN_003741,ACC_0080,ACC_0056,138427.42,2025-01-26 01:49:30.000000,0,CLEAN
TXN_005582,ACC_0312,ACC_0168,226826.89,2025-01-26 02:11:13.000000,0,CLEAN
TXN_003350,ACC_0364,ACC_0234,16531.23,2025-01-26 02:58:43.000000,0,CLEAN
TXN_000971,ACC_0399,ACC_0045,14549.7,2025-01-26 03:04:31.000000,0,CLEAN
TXN_010886,ACC_0285,ACC_0166,4289309.05,2025-01-26 04:25:03.194883,1,SHELL_LAYERING
TXN_002048,ACC_0181,ACC_0475,168059.77,2025-01-26 04:30:25.000000,0,CLEAN
TXN_005292,ACC_0125,ACC_0150,56737.64,2025-01-26 04:31:17.000000,0,CLEAN
TXN_005989,ACC_0212,ACC_0337,263417.02,2025-01-26 04:45:28.000000,0,CLEAN
TXN_001742,ACC_0427,ACC_0481,704089.58,2025-01-26 04:47:30.000000,0,CLEAN
TXN_005867,ACC_0384,ACC_0071,1150.32,2025-01-26 05:20:06.000000,0,CLEAN
TXN_002333,ACC_0438,ACC_0309,24076.95,2025-01-26 05:24:42.000000,0,CLEAN
TXN_004953,ACC_0054,ACC_0469,6890.03,2025-01-26 06:07:33.000000,0,CLEAN
TXN_001201,ACC_0284,ACC_0135,75643.04,2025-01-26 06:09:14.000000,0,CLEAN
TXN_002727,ACC_0064,ACC_0108,236671.49,2025-01-26 06:51:39.000000,0,CLEAN
TXN_004362,ACC_0394,ACC_0442,12958.13,2025-01-26 07:16:46.000000,0,CLEAN
TXN_001410,ACC_0246,ACC_0338,488342.61,2025-01-26 07:22:35.000000,0,CLEAN
TXN_001838,ACC_0396,ACC_0357,36702.3,2025-01-26 07:35:32.000000,0,CLEAN
TXN_004369,ACC_0454,ACC_0054,16594.1,2025-01-26 08:06:21.000000,0,CLEAN
TXN_000625,ACC_0222,ACC_0340,6506.01,2025-01-26 09:08:41.000000,0,CLEAN
TXN_003631,ACC_0451,ACC_0474,36440.35,2025-01-26 09:32:50.000000,0,CLEAN
TXN_004101,ACC_0201,ACC_0049,148184.92,2025-01-26 10:02:29.000000,0,CLEAN
TXN_004894,ACC_0236,ACC_0145,4373.92,2025-01-26 10:46:29.000000,0,CLEAN
TXN_001554,ACC_0092,ACC_0293,4823.2,2025-01-26 11:09:10.000000,0,CLEAN
TXN_003216,ACC_0336,ACC_0239,4707367.79,2025-01-26 11:14:35.000000,0,CLEAN
TXN_002716,ACC_0059,ACC_0420,3026.21,2025-01-26 11:35:10.000000,0,CLEAN
TXN_001616,ACC_0320,ACC_0064,25773.45,2025-01-26 11:47:44.000000,0,CLEAN
TXN_004316,ACC_0422,ACC_0199,263187.24,2025-01-26 12:27:02.000000,0,CLEAN
TXN_001931,ACC_0096,ACC_0054,7867.56,2025-01-26 13:02:53.000000,0,CLEAN
TXN_001911,ACC_0229,ACC_0278,364724.62,2025-01-26 14:06:09.000000,0,CLEAN
TXN_005535,ACC_0254,ACC_0144,40295.93,2025-01-26 14:11:41.000000,0,CLEAN
TXN_000474,ACC_0352,ACC_0466,18596.43,2025-01-26 14:45:34.000000,0,CLEAN
TXN_003051,ACC_0449,ACC_0239,3457.19,2025-01-26 14:47:22.000000,0,CLEAN
TXN_002588,ACC_0155,ACC_0291,1945.64,2025-01-26 14:57:04.000000,0,CLEAN
TXN_003046,ACC_0343,ACC_0189,101783.03,2025-01-26 16:16:29.000000,0,CLEAN
TXN_005452,ACC_0085,ACC_0037,12396.13,2025-01-26 16:55:30.000000,0,CLEAN
TXN_000268,ACC_0138,ACC_0052,14179.46,2025-01-26 17:31:38.000000,0,CLEAN
TXN_006064,ACC_0102,ACC_0166,35144.2,2025-01-26 18:11:38.000000,0,CLEAN
TXN_002519,ACC_0486,ACC_0111,83084.31,2025-01-26 18:28:57.000000,0,CLEAN
TXN_005808,ACC_0386,ACC_0377,32772.02,2025-01-26 18:35:20.000000,0,CLEAN
TXN_000093,ACC_0447,ACC_0276,59903.68,2025-01-26 19:46:38.000000,0,CLEAN
TXN_005202,ACC_0230,ACC_0193,39638.47,2025-01-26 20:50:04.000000,0,CLEAN
TXN_004266,ACC_0187,ACC_0430,6157.44,2025-01-26 21:18:38.000000,0,CLEAN
TXN_001145,ACC_0231,ACC_0413,69041.33,2025-01-26 21:33:28.000000,0,CLEAN
TXN_005889,ACC_0162,ACC_0391,112694.75,2025-01-26 22:16:39.000000,0,CLEAN
TXN_000053,ACC_0112,ACC_0491,53190.3,2025-01-26 22:28:32.000000,0,CLEAN
TXN_004532,ACC_0285,ACC_0242,108716.73,2025-01-26 22:35:13.000000,0,CLEAN
TXN_004304,ACC_0145,ACC_0020,24486.56,2025-01-26 22:59:43.000000,0,CLEAN
TXN_000990,ACC_0454,ACC_0351,15870.43,2025-01-26 23:30:14.000000,0,CLEAN
TXN_001938,ACC_0399,ACC_0244,18861.04,2025-01-27 00:53:20.000000,0,CLEAN
TXN_004179,ACC_0110,ACC_0491,52943.2,2025-01-27 01:27:16.000000,0,CLEAN
TXN_003868,ACC_0449,ACC_0168,13243.63,2025-01-27 01:43:46.000000,0,CLEAN
TXN_002226,ACC_0343,ACC_0064,165577.49,2025-01-27 01:46:41.000000,0,CLEAN
TXN_006252,ACC_0056,ACC_0242,24420.57,2025-01-27 01:48:43.000000,0,CLEAN
TXN_003968,ACC_0095,ACC_0361,42666.38,2025-01-27 02:01:58.000000,0,CLEAN
TXN_005467,ACC_0244,ACC_0359,227699.91,2025-01-27 03:18:26.000000,0,CLEAN
TXN_002801,ACC_0321,ACC_0483,8893.82,2025-01-27 03:19:13.000000,0,CLEAN
TXN_001129,ACC_0489,ACC_0258,130504.18,2025-01-27 03:26:57.000000,0,CLEAN
TXN_001380,ACC_0303,ACC_0082,154396.22,2025-01-27 03:51:34.000000,0,CLEAN
TXN_001715,ACC_0183,ACC_0371,54112.33,2025-01-27 03:53:50.000000,0,CLEAN
TXN_003173,ACC_0044,ACC_0065,124273.15,2025-01-27 05:40:35.000000,0,CLEAN
TXN_005684,ACC_0368,ACC_0437,33135.28,2025-01-27 06:43:35.000000,0,CLEAN
TXN_000086,ACC_0092,ACC_0394,18232.46,2025-01-27 07:08:39.000000,0,CLEAN
TXN_000437,ACC_0417,ACC_0048,105086.03,2025-01-27 07:53:24.000000,0,CLEAN
TXN_000872,ACC_0259,ACC_0206,4638.51,2025-01-27 08:10:26.000000,0,CLEAN
TXN_005084,ACC_0102,ACC_0129,209245.76,2025-01-27 08:21:53.000000,0,CLEAN
TXN_004042,ACC_0063,ACC_0341,2364.62,2025-01-27 08:40:14.000000,0,CLEAN
TXN_002985,ACC_0405,ACC_0328,16767.07,2025-01-27 10:14:08.000000,0,CLEAN
TXN_001270,ACC_0273,ACC_0112,38770.06,2025-01-27 11:35:01.000000,0,CLEAN
TXN_005121,ACC_0495,ACC_0253,2517.2,2025-01-27 11:40:58.000000,0,CLEAN
TXN_002912,ACC_0081,ACC_0140,720232.93,2025-01-27 11:48:46.000000,0,CLEAN
TXN_003913,ACC_0036,ACC_0171,856.55,2025-01-27 12:51:53.000000,0,CLEAN
TXN_005722,ACC_0496,ACC_0026,31868.49,2025-01-27 14:20:57.000000,0,CLEAN
TXN_001014,ACC_0310,ACC_0359,32079.71,2025-01-27 15:13:42.000000,0,CLEAN
TXN_000556,ACC_0006,ACC_0363,34949.83,2025-01-27 15:27:11.000000,0,CLEAN
TXN_002423,ACC_0294,ACC_0279,32982.02,2025-01-27 16:00:05.000000,0,CLEAN
TXN_000000,ACC_0348,ACC_0395,145694.37,2025-01-27 16:38:34.000000,0,CLEAN
TXN_000193,ACC_0003,ACC_0212,91482.54,2025-01-27 16:45:25.000000,0,CLEAN
TXN_004106,ACC_0083,ACC_0296,21639.01,2025-01-27 17:04:49.000000,0,CLEAN
TXN_005065,ACC_0025,ACC_0129,102243.3,2025-01-27 17:48:57.000000,0,CLEAN
TXN_003687,ACC_0361,ACC_0309,12405.99,2025-01-27 18:29:52.000000,0,CLEAN
TXN_005223,ACC_0286,ACC_0437,14680.02,2025-01-27 18:32:14.000000,0,CLEAN
TXN_005903,ACC_0330,ACC_0117,77374.0,2025-01-27 19:29:56.000000,0,CLEAN
TXN_003376,ACC_0067,ACC_0391,150998.28,2025-01-27 21:33:38.000000,0,CLEAN
TXN_001912,ACC_0105,ACC_0335,6742.48,2025-01-27 21:48:48.000000,0,CLEAN
TXN_002526,ACC_0237,ACC_0396,48321.69,2025-01-27 22:02:03.000000,0,CLEAN
TXN_002195,ACC_0111,ACC_0419,310845.15,2025-01-27 23:23:56.000000,0,CLEAN
TXN_003708,ACC_0015,ACC_0192,10043.91,2025-01-27 23:33:17.000000,0,CLEAN
TXN_000316,ACC_0344,ACC_0255,54207.55,2025-01-28 00:37:18.000000,0,CLEAN
TXN_004470,ACC_0043,ACC_0104,359734.59,2025-01-28 00:51:33.000000,0,CLEAN
TXN_000428,ACC_0084,ACC_0316,380136.64,2025-01-28 00:52:55.000000,0,CLEAN
TXN_004536,ACC_0398,ACC_0420,962839.82,2025-01-28 01:24:52.000000,0,CLEAN
TXN_000653,ACC_0411,ACC_0406,4990.87,2025-01-28 03:28:58.000000,0,CLEAN
TXN_000510,ACC_0161,ACC_0406,261997.72,2025-01-28 03:39:21.000000,0,CLEAN
TXN_005669,ACC_0268,ACC_0249,70095.86,2025-01-28 03:49:11.000000,0,CLEAN
TXN_000926,ACC_0163,ACC_0349,793580.84,2025-01-28 04:07:07.000000,0,CLEAN
TXN_002389,ACC_0376,ACC_0097,64504.06,2025-01-28 04:10:53.000000,0,CLEAN
TXN_003330,ACC_0293,ACC_0345,26801.51,2025-01-28 04:18:51.000000,0,CLEAN
TXN_001318,ACC_0439,ACC_0423,26457.76,2025-01-28 04:27:18.000000,0,CLEAN
TXN_004555,ACC_0240,ACC_0381,6752.75,2025-01-28 04:58:15.000000,0,CLEAN
TXN_006361,ACC_0265,ACC_0079,579310.5,2025-01-28 05:28:27.000000,0,CLEAN
TXN_001339,ACC_0387,ACC_0263,26577.62,2025-01-28 06:10:29.000000,0,CLEAN
TXN_004643,ACC_0332,ACC_0474,19708.59,2025-01-28 06:31:53.000000,0,CLEAN
TXN_002925,ACC_0370,ACC_0432,179137.95,2025-01-28 07:03:28.000000,0,CLEAN
TXN_000037,ACC_0048,ACC_0095,20397.48,2025-01-28 07:17:55.000000,0,CLEAN
TXN_000747,ACC_0479,ACC_0254,11441.93,2025-01-28 07:26:44.000000,0,CLEAN
TXN_006358,ACC_0165,ACC_0023,14368.01,2025-01-28 07:52:35.000000,0,CLEAN
TXN_004616,ACC_0348,ACC_0334,446880.24,2025-01-28 08:28:02.000000,0,CLEAN
TXN_005496,ACC_0341,ACC_0142,204632.74,2025-01-28 09:07:19.000000,0,CLEAN
TXN_001870,ACC_0318,ACC_0374,28743.09,2025-01-28 10:43:36.000000,0,CLEAN
TXN_005677,ACC_0332,ACC_0084,5912.11,2025-01-28 11:31:11.000000,0,CLEAN
TXN_002132,ACC_0163,ACC_0138,48822.1,2025-01-28 11:42:09.000000,0,CLEAN
TXN_005031,ACC_0112,ACC_0338,11804.57,2025-01-28 12:03:29.000000,0,CLEAN
TXN_020540,ACC_0286,ACC_0155,195693.35,2025-01-28 12:03:44.000000,1,THRESHOLD_SPLIT
TXN_004177,ACC_0018,ACC_0097,190755.85,2025-01-28 12:13:03.000000,0,CLEAN
TXN_010480,ACC_0166,ACC_0378,687289.87,2025-01-28 12:13:38.000000,1,SHELL_LAYERING
TXN_020541,ACC_0286,ACC_0155,195632.06,2025-01-28 12:19:44.000000,1,THRESHOLD_SPLIT
TXN_006449,ACC_0261,ACC_0099,104172.14,2025-01-28 12:24:32.000000,0,CLEAN
TXN_003053,ACC_0271,ACC_0221,1571175.82,2025-01-28 12:48:57.000000,0,CLEAN
TXN_020542,ACC_0286,ACC_0155,198777.47,2025-01-28 12:51:44.000000,1,THRESHOLD_SPLIT
TXN_005002,ACC_0460,ACC_0233,46541.77,2025-01-28 12:59:33.000000,0,CLEAN
TXN_004809,ACC_0062,ACC_0054,8365.65,2025-01-28 13:00:02.000000,0,CLEAN
TXN_002725,ACC_0438,ACC_0355,8251.83,2025-01-28 15:26:33.000000,0,CLEAN
TXN_003420,ACC_0050,ACC_0164,587278.82,2025-01-28 15:54:51.000000,0,CLEAN
TXN_004464,ACC_0042,ACC_0138,13581.56,2025-01-28 16:43:48.000000,0,CLEAN
TXN_005070,ACC_0365,ACC_0138,36164.05,2025-01-28 16:46:13.000000,0,CLEAN
TXN_004226,ACC_0336,ACC_0064,49806.52,2025-01-28 16:53:27.000000,0,CLEAN
TXN_001393,ACC_0210,ACC_0308,30809.71,2025-01-28 17:05:12.000000,0,CLEAN
TXN_003958,ACC_0176,ACC_0417,3543.01,2025-01-28 17:05:34.000000,0,CLEAN
TXN_003363,ACC_0014,ACC_0406,26280.58,2025-01-28 17:49:10.000000,0,CLEAN
TXN_006418,ACC_0093,ACC_0007,502016.82,2025-01-28 18:12:57.000000,0,CLEAN
TXN_005393,ACC_0448,ACC_0144,3712.9,2025-01-28 18:47:55.000000,0,CLEAN
TXN_004023,ACC_0099,ACC_0365,816349.26,2025-01-28 19:10:50.000000,0,CLEAN
TXN_005484,ACC_0387,ACC_0091,394591.11,2025-01-28 19:20:39.000000,0,CLEAN
TXN_002108,ACC_0397,ACC_0167,139469.23,2025-01-28 19:48:11.000000,0,CLEAN
TXN_002782,ACC_0043,ACC_0062,1438.6,2025-01-28 20:08:28.000000,0,CLEAN
TXN_010640,ACC_0233,ACC_0440,2188670.66,2025-01-28 20:41:43.000000,1,SHELL_LAYERING
TXN_002702,ACC_0180,ACC_0422,50687.51,2025-01-28 21:46:19.000000,0,CLEAN
TXN_002157,ACC_0485,ACC_0114,138050.0,2025-01-28 21:47:29.000000,0,CLEAN
TXN_010641,ACC_0440,ACC_0221,1994619.37,2025-01-28 21:51:21.825277,1,SHELL_LAYERING
TXN_004805,ACC_0042,ACC_0479,184087.87,2025-01-28 22:00:52.000000,0,CLEAN
TXN_010700,ACC_0166,ACC_0378,3812116.86,2025-01-28 23:00:46.000000,1,SHELL_LAYERING
TXN_004537,ACC_0150,ACC_0236,12963.94,2025-01-28 23:44:31.000000,0,CLEAN
TXN_006380,ACC_0376,ACC_0447,48073.45,2025-01-29 00:40:36.000000,0,CLEAN
TXN_003348,ACC_0421,ACC_0083,29001.1,2025-01-29 00:42:07.000000,0,CLEAN
TXN_000138,ACC_0439,ACC_0362,5245.15,2025-01-29 00:43:40.000000,0,CLEAN
TXN_003630,ACC_0033,ACC_0061,25220.39,2025-01-29 01:06:10.000000,0,CLEAN
TXN_001998,ACC_0083,ACC_0445,118842.91,2025-01-29 01:55:09.000000,0,CLEAN
TXN_005955,ACC_0064,ACC_0373,8051.1,2025-01-29 02:05:28.000000,0,CLEAN
TXN_004108,ACC_0149,ACC_0460,101674.35,2025-01-29 02:55:24.000000,0,CLEAN
TXN_002947,ACC_0401,ACC_0480,10856.84,2025-01-29 03:20:12.000000,0,CLEAN
TXN_006220,ACC_0155,ACC_0190,85170.47,2025-01-29 03:41:10.000000,0,CLEAN
TXN_004869,ACC_0190,ACC_0191,393725.99,2025-01-29 03:56:01.000000,0,CLEAN
TXN_002286,ACC_0175,ACC_0043,11441.54,2025-01-29 04:04:34.000000,0,CLEAN
TXN_001918,ACC_0465,ACC_0394,65254.08,2025-01-29 04:27:33.000000,0,CLEAN
TXN_006413,ACC_0191,ACC_0339,207952.32,2025-01-29 04:46:44.000000,0,CLEAN
TXN_001167,ACC_0012,ACC_0196,17031.8,2025-01-29 05:16:17.000000,0,CLEAN
TXN_002019,ACC_0178,ACC_0018,10126.29,2025-01-29 05:29:37.000000,0,CLEAN
TXN_010645,ACC_0166,ACC_0233,2111550.67,2025-01-29 06:20:48.181553,1,SHELL_LAYERING
TXN_010644,ACC_0124,ACC_0166,2158479.48,2025-01-29 07:18:43.125394,1,SHELL_LAYERING
TXN_001559,ACC_0195,ACC_0100,48551.72,2025-01-29 07:40:51.000000,0,CLEAN
TXN_001673,ACC_0384,ACC_0488,45598.81,2025-01-29 08:49:07.000000,0,CLEAN
TXN_020110,ACC_0192,ACC_0440,196059.95,2025-01-29 08:58:10.000000,1,THRESHOLD_SPLIT
TXN_002685,ACC_0297,ACC_0029,267229.3,2025-01-29 09:02:54.000000,0,CLEAN
TXN_001342,ACC_0337,ACC_0447,15945.19,2025-01-29 09:20:13.000000,0,CLEAN
TXN_004340,ACC_0140,ACC_0098,10833.89,2025-01-29 09:23:02.000000,0,CLEAN
TXN_020111,ACC_0192,ACC_0440,197524.98,2025-01-29 09:23:10.000000,1,THRESHOLD_SPLIT
TXN_000442,ACC_0067,ACC_0128,96307.53,2025-01-29 09:32:37.000000,0,CLEAN
TXN_020113,ACC_0192,ACC_0440,198919.71,2025-01-29 09:49:10.000000,1,THRESHOLD_SPLIT
TXN_020112,ACC_0192,ACC_0440,196936.62,2025-01-29 10:16:10.000000,1,THRESHOLD_SPLIT
TXN_001171,ACC_0349,ACC_0128,20947.27,2025-01-29 10:24:20.000000,0,CLEAN
TXN_006118,ACC_0355,ACC_0065,4196.14,2025-01-29 10:51:40.000000,0,CLEAN
TXN_004507,ACC_0398,ACC_0335,75482.96,2025-01-29 11:09:16.000000,0,CLEAN
TXN_002198,ACC_0000,ACC_0388,92328.21,2025-01-29 11:47:22.000000,0,CLEAN
TXN_005964,ACC_0190,ACC_0019,5933.45,2025-01-29 11:54:23.000000,0,CLEAN
TXN_001382,ACC_0456,ACC_0293,5701.46,2025-01-29 12:26:27.000000,0,CLEAN
TXN_010702,ACC_0071,ACC_0166,4201857.65,2025-01-29 12:45:54.196267,1,SHELL_LAYERING
TXN_002618,ACC_0293,ACC_0342,175090.93,2025-01-29 13:27:31.000000,0,CLEAN
TXN_004961,ACC_0331,ACC_0052,97682.24,2025-01-29 14:25:11.000000,0,CLEAN
TXN_004483,ACC_0218,ACC_0197,29120.34,2025-01-29 14:49:27.000000,0,CLEAN
TXN_005785,ACC_0389,ACC_0256,14411.54,2025-01-29 15:27:53.000000,0,CLEAN
TXN_002571,ACC_0057,ACC_0357,466854.06,2025-01-29 17:30:56.000000,0,CLEAN
TXN_006109,ACC_0389,ACC_0071,49268.45,2025-01-29 17:50:30.000000,0,CLEAN
TXN_004413,ACC_0020,ACC_0328,46025.99,2025-01-29 18:22:47.000000,0,CLEAN
TXN_000644,ACC_0438,ACC_0167,28012.11,2025-01-29 19:14:20.000000,0,CLEAN
TXN_002593,ACC_0432,ACC_0024,68146.49,2025-01-29 19:18:24.000000,0,CLEAN
TXN_004121,ACC_0303,ACC_0222,483757.88,2025-01-29 20:22:42.000000,0,CLEAN
TXN_004506,ACC_0001,ACC_0442,175031.98,2025-01-29 20:43:34.000000,0,CLEAN
TXN_001078,ACC_0328,ACC_0197,12065.59,2025-01-29 20:46:47.000000,0,CLEAN
TXN_000209,ACC_0049,ACC_0269,462630.77,2025-01-29 21:54:45.000000,0,CLEAN
TXN_002403,ACC_0447,ACC_0274,59531.63,2025-01-29 22:10:27.000000,0,CLEAN
TXN_003010,ACC_0307,ACC_0133,226665.8,2025-01-29 23:33:39.000000,0,CLEAN
TXN_003696,ACC_0262,ACC_0390,188329.86,2025-01-29 23:42:01.000000,0,CLEAN
TXN_002086,ACC_0181,ACC_0033,5019.72,2025-01-29 23:48:40.000000,0,CLEAN
TXN_001404,ACC_0214,ACC_0424,30916.55,2025-01-30 01:00:20.000000,0,CLEAN
TXN_001825,ACC_0276,ACC_0290,99023.5,2025-01-30 01:05:36.000000,0,CLEAN
TXN_000921,ACC_0152,ACC_0096,181454.64,2025-01-30 02:43:16.000000,0,CLEAN
TXN_002906,ACC_0122,ACC_0058,101023.08,2025-01-30 02:52:29.000000,0,CLEAN
TXN_006138,ACC_0105,ACC_0115,20016.8,2025-01-30 03:27:47.000000,0,CLEAN
TXN_001997,ACC_0337,ACC_0442,23869.57,2025-01-30 03:28:07.000000,0,CLEAN
TXN_004607,ACC_0413,ACC_0396,38914.37,2025-01-30 03:55:14.000000,0,CLEAN
TXN_006306,ACC_0165,ACC_0219,9269.77,2025-01-30 05:21:25.000000,0,CLEAN
TXN_000604,ACC_0407,ACC_0125,191429.38,2025-01-30 05:41:24.000000,0,CLEAN
TXN_005649,ACC_0172,ACC_0428,53444.62,2025-01-30 05:54:09.000000,0,CLEAN
TXN_000342,ACC_0353,ACC_0256,6740.69,2025-01-30 06:31:20.000000,0,CLEAN
TXN_003284,ACC_0472,ACC_0328,72878.93,2025-01-30 07:29:15.000000,0,CLEAN
TXN_000195,ACC_0034,ACC_0363,22826.57,2025-01-30 07:50:57.000000,0,CLEAN
TXN_020060,ACC_0007,ACC_0236,196994.61,2025-01-30 07:53:28.000000,1,THRESHOLD_SPLIT
TXN_020061,ACC_0007,ACC_0236,198836.73,2025-01-30 07:59:28.000000,1,THRESHOLD_SPLIT
TXN_000804,ACC_0288,ACC_0031,81207.65,2025-01-30 08:19:11.000000,0,CLEAN
TXN_002280,ACC_0302,ACC_0379,134830.76,2025-01-30 08:20:34.000000,0,CLEAN
TXN_020062,ACC_0007,ACC_0236,197982.67,2025-01-30 08:21:28.000000,1,THRESHOLD_SPLIT
TXN_010481,ACC_0378,ACC_0071,663402.35,2025-01-30 08:34:10.480350,1,SHELL_LAYERING
TXN_020063,ACC_0007,ACC_0236,198572.64,2025-01-30 08:44:28.000000,1,THRESHOLD_SPLIT
TXN_003064,ACC_0251,ACC_0392,152906.01,2025-01-30 08:56:41.000000,0,CLEAN
TXN_000503,ACC_0321,ACC_0384,13761.01,2025-01-30 09:27:16.000000,0,CLEAN
TXN_004611,ACC_0148,ACC_0082,1638140.7,2025-01-30 10:13:02.000000,0,CLEAN
TXN_003269,ACC_0340,ACC_0125,15845.15,2025-01-30 10:33:34.000000,0,CLEAN
TXN_010642,ACC_0221,ACC_0418,2005997.87,2025-01-30 11:07:22.228297,1,SHELL_LAYERING
TXN_006255,ACC_0211,ACC_0423,1015.0,2025-01-30 11:18:41.000000,0,CLEAN
TXN_006296,ACC_0450,ACC_0378,365387.43,2025-01-30 13:19:41.000000,0,CLEAN
TXN_001304,ACC_0355,ACC_0299,2429.13,2025-01-30 14:12:43.000000,0,CLEAN
TXN_004628,ACC_0038,ACC_0491,45451.31,2025-01-30 14:14:31.000000,0,CLEAN
TXN_004327,ACC_0126,ACC_0317,120209.56,2025-01-30 14:40:53.000000,0,CLEAN
TXN_001908,ACC_0123,ACC_0294,122650.59,2025-01-30 15:51:45.000000,0,CLEAN
TXN_010701,ACC_0378,ACC_0071,4157442.95,2025-01-30 16:02:30.873264,1,SHELL_LAYERING
TXN_005128,ACC_0034,ACC_0000,10760.73,2025-01-30 17:08:04.000000,0,CLEAN
TXN_004768,ACC_0007,ACC_0014,4896.16,2025-01-30 18:46:51.000000,0,CLEAN
TXN_002600,ACC_0341,ACC_0407,12577.45,2025-01-30 19:17:27.000000,0,CLEAN
TXN_004379,ACC_0273,ACC_0370,155086.61,2025-01-30 20:09:54.000000,0,CLEAN
TXN_006497,ACC_0312,ACC_0232,16463.75,2025-01-30 20:11:05.000000,0,CLEAN
TXN_003719,ACC_0472,ACC_0071,2426.5,2025-01-30 20:15:11.000000,0,CLEAN
TXN_004290,ACC_0263,ACC_0461,24381.82,2025-01-30 20:20:37.000000,0,CLEAN
TXN_001248,ACC_0382,ACC_0351,48260.68,2025-01-30 20:32:53.000000,0,CLEAN
TXN_003092,ACC_0428,ACC_0165,1150213.49,2025-01-30 20:38:44.000000,0,CLEAN
TXN_001707,ACC_0182,ACC_0331,61908.95,2025-01-30 21:18:42.000000,0,CLEAN
TXN_001737,ACC_0392,ACC_0282,8682.73,2025-01-30 22:18:17.000000,0,CLEAN
TXN_003114,ACC_0488,ACC_0334,102670.86,2025-01-30 22:19:10.000000,0,CLEAN
TXN_000318,ACC_0129,ACC_0338,41086.13,2025-01-30 22:21:34.000000,0,CLEAN
TXN_003258,ACC_0445,ACC_0050,55052.23,2025-01-30 23:04:12.000000,0,CLEAN
TXN_002707,ACC_0052,ACC_0112,126157.67,2025-01-31 00:16:41.000000,0,CLEAN
TXN_005123,ACC_0327,ACC_0437,74233.93,2025-01-31 01:18:21.000000,0,CLEAN
TXN_001204,ACC_0238,ACC_0364,67152.94,2025-01-31 01:26:48.000000,0,CLEAN
TXN_001725,ACC_0035,ACC_0272,263538.84,2025-01-31 02:28:15.000000,0,CLEAN
TXN_003131,ACC_0351,ACC_0366,14024.64,2025-01-31 02:40:37.000000,0,CLEAN
TXN_000633,ACC_0299,ACC_0055,71703.97,2025-01-31 04:15:56.000000,0,CLEAN
TXN_004225,ACC_0262,ACC_0366,312.42,2025-01-31 04:38:30.000000,0,CLEAN
TXN_004292,ACC_0249,ACC_0003,30578.08,2025-01-31 05:17:24.000000,0,CLEAN
TXN_003902,ACC_0221,ACC_0390,9711.6,2025-01-31 06:26:46.000000,0,CLEAN
TXN_006014,ACC_0239,ACC_0015,45167.85,2025-01-31 06:32:56.000000,0,CLEAN
TXN_001521,ACC_0316,ACC_0182,55053.76,2025-01-31 06:59:31.000000,0,CLEAN
TXN_002612,ACC_0475,ACC_0163,23125.94,2025-01-31 07:15:39.000000,0,CLEAN
TXN_001800,ACC_0235,ACC_0182,175944.07,2025-01-31 07:30:42.000000,0,CLEAN
TXN_002831,ACC_0287,ACC_0438,3573.87,2025-01-31 08:27:42.000000,0,CLEAN
TXN_003226,ACC_0088,ACC_0103,76520.23,2025-01-31 08:28:35.000000,0,CLEAN
TXN_001269,ACC_0015,ACC_0243,83052.49,2025-01-31 08:31:12.000000,0,CLEAN
TXN_006210,ACC_0079,ACC_0166,181464.02,2025-01-31 08:49:10.000000,0,CLEAN
TXN_010482,ACC_0071,ACC_0166,693016.43,2025-01-31 08:59:00.349860,1,SHELL_LAYERING
TXN_002495,ACC_0151,ACC_0310,40791.16,2025-01-31 10:41:08.000000,0,CLEAN
TXN_001081,ACC_0005,ACC_0330,203405.34,2025-01-31 11:20:04.000000,0,CLEAN
TXN_006039,ACC_0473,ACC_0230,7825.32,2025-01-31 11:31:22.000000,0,CLEAN
TXN_003662,ACC_0193,ACC_0293,24270.85,2025-01-31 12:38:54.000000,0,CLEAN
TXN_000572,ACC_0085,ACC_0189,40750.89,2025-01-31 13:07:03.000000,0,CLEAN
TXN_001370,ACC_0076,ACC_0096,6914.96,2025-01-31 13:20:18.000000,0,CLEAN
TXN_001475,ACC_0335,ACC_0000,20276.59,2025-01-31 13:44:44.000000,0,CLEAN
TXN_002127,ACC_0139,ACC_0076,103451.16,2025-01-31 13:59:04.000000,0,CLEAN
TXN_001703,ACC_0045,ACC_0128,5219.15,2025-01-31 14:55:41.000000,0,CLEAN
TXN_003772,ACC_0453,ACC_0445,4732.17,2025-01-31 16:01:03.000000,0,CLEAN
TXN_000471,ACC_0475,ACC_0439,13074.55,2025-01-31 16:15:23.000000,0,CLEAN
TXN_002469,ACC_0275,ACC_0090,54452.61,2025-01-31 16:32:45.000000,0,CLEAN
TXN_004549,ACC_0304,ACC_0446,27446.16,2025-01-31 17:08:25.000000,0,CLEAN
TXN_004659,ACC_0148,ACC_0193,6665.71,2025-01-31 17:17:32.000000,0,CLEAN
TXN_006288,ACC_0057,ACC_0273,6985.74,2025-01-31 17:22:36.000000,0,CLEAN
TXN_005162,ACC_0141,ACC_0004,36718.79,2025-01-31 17:47:57.000000,0,CLEAN
TXN_004827,ACC_0279,ACC_0002,50347.46,2025-01-31 18:08:34.000000,0,CLEAN
TXN_000969,ACC_0295,ACC_0392,70749.73,2025-01-31 18:21:40.000000,0,CLEAN
TXN_003232,ACC_0182,ACC_0347,1758.59,2025-01-31 19:09:18.000000,0,CLEAN
TXN_001687,ACC_0479,ACC_0165,24343.53,2025-01-31 19:10:58.000000,0,CLEAN
TXN_000870,ACC_0263,ACC_0406,28017.4,2025-01-31 20:51:55.000000,0,CLEAN
TXN_005881,ACC_0002,ACC_0245,4198.08,2025-01-31 22:31:50.000000,0,CLEAN
TXN_006480,ACC_0200,ACC_0403,5048.46,2025-01-31 23:03:29.000000,0,CLEAN
TXN_000695,ACC_0119,ACC_0499,70313.01,2025-01-31 23:54:19.000000,0,CLEAN
TXN_002461,ACC_0254,ACC_0090,14575.76,2025-02-01 00:32:01.000000,0,CLEAN
TXN_020185,ACC_0144,ACC_0285,195809.37,2025-02-01 01:01:01.000000,1,THRESHOLD_SPLIT
TXN_020186,ACC_0144,ACC_0285,198644.24,2025-02-01 01:18:01.000000,1,THRESHOLD_SPLIT
TXN_020187,ACC_0144,ACC_0285,198297.42,2025-02-01 01:43:01.000000,1,THRESHOLD_SPLIT
TXN_003310,ACC_0387,ACC_0325,8178.03,2025-02-01 01:46:53.000000,0,CLEAN
TXN_002966,ACC_0440,ACC_0456,19580.02,2025-02-01 02:42:46.000000,0,CLEAN
TXN_005399,ACC_0318,ACC_0015,186783.97,2025-02-01 03:06:42.000000,0,CLEAN
TXN_001724,ACC_0440,ACC_0283,13710.82,2025-02-01 03:15:16.000000,0,CLEAN
TXN_020490,ACC_0108,ACC_0285,106976.23,2025-02-01 03:29:54.000000,1,THRESHOLD_SPLIT
TXN_006240,ACC_0038,ACC_0125,2790.83,2025-02-01 03:36:06.000000,0,CLEAN
TXN_020491,ACC_0108,ACC_0285,106976.23,2025-02-01 03:51:54.000000,1,THRESHOLD_SPLIT
TXN_020492,ACC_0108,ACC_0285,106976.23,2025-02-01 03:53:54.000000,1,THRESHOLD_SPLIT
TXN_002745,ACC_0178,ACC_0181,115598.73,2025-02-01 04:15:05.000000,0,CLEAN
TXN_006557,ACC_0393,ACC_0407,34854.01,2025-02-01 04:24:48.000000,0,CLEAN
TXN_020493,ACC_0108,ACC_0285,106976.23,2025-02-01 05:02:54.000000,1,THRESHOLD_SPLIT
TXN_005918,ACC_0413,ACC_0006,75899.72,2025-02-01 05:46:21.000000,0,CLEAN
TXN_004617,ACC_0393,ACC_0367,15000.24,2025-02-01 06:32:00.000000,0,CLEAN
TXN_004820,ACC_0230,ACC_0414,50762.92,2025-02-01 06:47:50.000000,0,CLEAN
TXN_004161,ACC_0105,ACC_0335,23746.08,2025-02-01 07:17:39.000000,0,CLEAN
TXN_003209,ACC_0223,ACC_0010,38529.16,2025-02-01 07:52:05.000000,0,CLEAN
TXN_002024,ACC_0213,ACC_0091,144741.15,2025-02-01 07:52:35.000000,0,CLEAN
TXN_003797,ACC_0142,ACC_0431,43888.24,2025-02-01 08:01:21.000000,0,CLEAN
TXN_001449,ACC_0358,ACC_0487,33621.11,2025-02-01 10:01:11.000000,0,CLEAN
TXN_004299,ACC_0429,ACC_0224,110058.88,2025-02-01 10:12:09.000000,0,CLEAN
TXN_006420,ACC_0406,ACC_0121,53426.37,2025-02-01 10:26:23.000000,0,CLEAN
TXN_001592,ACC_0036,ACC_0041,92347.2,2025-02-01 10:58:20.000000,0,CLEAN
TXN_003222,ACC_0497,ACC_0432,3111.8,2025-02-01 11:05:41.000000,0,CLEAN
TXN_003925,ACC_0477,ACC_0289,6639.7,2025-02-01 12:39:48.000000,0,CLEAN
TXN_005346,ACC_0265,ACC_0133,2931149.25,2025-02-01 13:31:57.000000,0,CLEAN
TXN_000766,ACC_0351,ACC_0115,30735.11,2025-02-01 14:02:03.000000,0,CLEAN
TXN_002684,ACC_0432,ACC_0132,11267.77,2025-02-01 14:55:23.000000,0,CLEAN
TXN_000891,ACC_0197,ACC_0025,13140.14,2025-02-01 15:12:12.000000,0,CLEAN
TXN_003111,ACC_0436,ACC_0106,42918.53,2025-02-01 15:21:31.000000,0,CLEAN
TXN_002706,ACC_0471,ACC_0466,11395.92,2025-02-01 15:46:15.000000,0,CLEAN
TXN_004185,ACC_0332,ACC_0463,98523.8,2025-02-01 17:07:24.000000,0,CLEAN
TXN_001569,ACC_0050,ACC_0354,145702.64,2025-02-01 17:13:42.000000,0,CLEAN
TXN_000887,ACC_0179,ACC_0176,377855.37,2025-02-01 18:01:43.000000,0,CLEAN
TXN_002647,ACC_0226,ACC_0147,12478.21,2025-02-01 19:19:05.000000,0,CLEAN
TXN_000557,ACC_0359,ACC_0005,210890.33,2025-02-01 19:30:55.000000,0,CLEAN
TXN_001115,ACC_0023,ACC_0460,4367325.44,2025-02-01 21:01:10.000000,0,CLEAN
TXN_003281,ACC_0205,ACC_0396,22246.85,2025-02-01 21:48:30.000000,0,CLEAN
TXN_003531,ACC_0127,ACC_0100,4340.13,2025-02-01 22:32:22.000000,0,CLEAN
TXN_005719,ACC_0075,ACC_0073,283552.56,2025-02-02 00:06:33.000000,0,CLEAN
TXN_003782,ACC_0209,ACC_0231,206709.88,2025-02-02 00:12:21.000000,0,CLEAN
TXN_000777,ACC_0482,ACC_0334,65511.22,2025-02-02 00:56:33.000000,0,CLEAN
TXN_005872,ACC_0234,ACC_0202,194530.04,2025-02-02 02:32:59.000000,0,CLEAN
TXN_004398,ACC_0497,ACC_0038,99346.29,2025-02-02 03:22:14.000000,0,CLEAN
TXN_001367,ACC_0071,ACC_0226,196822.52,2025-02-02 03:46:44.000000,0,CLEAN
TXN_001338,ACC_0314,ACC_0351,34549.73,2025-02-02 04:53:13.000000,0,CLEAN
TXN_002089,ACC_0273,ACC_0432,33014.86,2025-02-02 05:28:25.000000,0,CLEAN
TXN_003184,ACC_0011,ACC_0060,89737.32,2025-02-02 06:06:27.000000,0,CLEAN
TXN_003978,ACC_0444,ACC_0325,4483.94,2025-02-02 06:12:14.000000,0,CLEAN
TXN_005664,ACC_0383,ACC_0062,388153.76,2025-02-02 06:32:02.000000,0,CLEAN
TXN_000330,ACC_0340,ACC_0181,4833.49,2025-02-02 07:11:36.000000,0,CLEAN
TXN_005862,ACC_0083,ACC_0263,16833.34,2025-02-02 07:24:32.000000,0,CLEAN
TXN_006053,ACC_0312,ACC_0127,11835.0,2025-02-02 07:45:16.000000,0,CLEAN
TXN_002862,ACC_0341,ACC_0173,2463.06,2025-02-02 08:32:20.000000,0,CLEAN
TXN_006015,ACC_0319,ACC_0299,12637.63,2025-02-02 09:02:17.000000,0,CLEAN
TXN_006458,ACC_0484,ACC_0271,1983468.89,2025-02-02 09:07:38.000000,0,CLEAN
TXN_001053,ACC_0453,ACC_0408,10505.77,2025-02-02 09:14:42.000000,0,CLEAN
TXN_001774,ACC_0452,ACC_0053,7109.1,2025-02-02 09:23:15.000000,0,CLEAN
TXN_004390,ACC_0404,ACC_0011,10581.75,2025-02-02 09:58:26.000000,0,CLEAN
TXN_020565,ACC_0272,ACC_0284,199663.11,2025-02-02 10:16:56.000000,1,THRESHOLD_SPLIT
TXN_003252,ACC_0259,ACC_0053,237818.71,2025-02-02 10:29:31.000000,0,CLEAN
TXN_020566,ACC_0272,ACC_0284,195751.97,2025-02-02 10:36:56.000000,1,THRESHOLD_SPLIT
TXN_000822,ACC_0088,ACC_0486,32671.28,2025-02-02 11:02:39.000000,0,CLEAN
TXN_000283,ACC_0074,ACC_0032,90751.35,2025-02-02 11:14:34.000000,0,CLEAN
TXN_004859,ACC_0032,ACC_0231,24046.19,2025-02-02 11:26:13.000000,0,CLEAN
TXN_000403,ACC_0227,ACC_0251,247131.98,2025-02-02 11:27:27.000000,0,CLEAN
TXN_001696,ACC_0166,ACC_0007,68791.18,2025-02-02 11:57:20.000000,0,CLEAN
TXN_010540,ACC_0166,ACC_0418,2958077.47,2025-02-02 11:59:07.000000,1,SHELL_LAYERING
TXN_002264,ACC_0150,ACC_0148,53090.21,2025-02-02 12:38:40.000000,0,CLEAN
TXN_030362,ACC_0221,ACC_0398,38648.05,2025-02-02 12:44:49.000000,1,VELOCITY_BURST
TXN_030361,ACC_0221,ACC_0263,26754.04,2025-02-02 13:00:49.000000,1,VELOCITY_BURST
TXN_030360,ACC_0221,ACC_0414,13556.47,2025-02-02 13:02:49.000000,1,VELOCITY_BURST
TXN_030364,ACC_0221,ACC_0206,15203.8,2025-02-02 13:03:49.000000,1,VELOCITY_BURST
TXN_030363,ACC_0221,ACC_0416,48926.18,2025-02-02 13:05:49.000000,1,VELOCITY_BURST
TXN_030365,ACC_0221,ACC_0108,47020.83,2025-02-02 13:06:49.000000,1,VELOCITY_BURST
TXN_003899,ACC_0203,ACC_0193,149370.16,2025-02-02 13:50:47.000000,0,CLEAN
TXN_020550,ACC_0156,ACC_0285,198742.4,2025-02-02 14:35:34.000000,1,THRESHOLD_SPLIT
TXN_020551,ACC_0156,ACC_0285,196947.09,2025-02-02 14:44:34.000000,1,THRESHOLD_SPLIT
TXN_020552,ACC_0156,ACC_0285,199569.83,2025-02-02 14:57:34.000000,1,THRESHOLD_SPLIT
TXN_003412,ACC_0050,ACC_0278,165083.66,2025-02-02 15:39:49.000000,0,CLEAN
TXN_003801,ACC_0379,ACC_0200,4682.44,2025-02-02 17:02:58.000000,0,CLEAN
TXN_004262,ACC_0310,ACC_0229,99500.4,2025-02-02 17:25:03.000000,0,CLEAN
TXN_000968,ACC_0389,ACC_0397,6040.1,2025-02-02 17:45:35.000000,0,CLEAN
TXN_002785,ACC_0473,ACC_0456,346323.9,2025-02-02 18:18:25.000000,0,CLEAN
TXN_010900,ACC_0378,ACC_0155,2276353.03,2025-02-02 19:52:38.000000,1,SHELL_LAYERING
TXN_002269,ACC_0242,ACC_0297,27046.15,2025-02-02 19:57:58.000000,0,CLEAN
TXN_000185,ACC_0407,ACC_0180,105820.3,2025-02-02 20:50:07.000000,0,CLEAN
TXN_002849,ACC_0058,ACC_0173,29569.74,2025-02-02 23:13:43.000000,0,CLEAN
TXN_010902,ACC_0124,ACC_0074,2404640.75,2025-02-03 00:04:51.565766,1,SHELL_LAYERING
TXN_006005,ACC_0272,ACC_0358,24659.85,2025-02-03 00:19:11.000000,0,CLEAN
TXN_010643,ACC_0418,ACC_0124,2116181.34,2025-02-03 00:31:57.729136,1,SHELL_LAYERING
TXN_004914,ACC_0223,ACC_0115,12529.65,2025-02-03 01:08:58.000000,0,CLEAN
TXN_004999,ACC_0352,ACC_0122,399994.63,2025-02-03 01:20:28.000000,0,CLEAN
TXN_001874,ACC_0022,ACC_0131,194094.07,2025-02-03 01:44:49.000000,0,CLEAN
TXN_006127,ACC_0316,ACC_0461,322272.17,2025-02-03 02:10:07.000000,0,CLEAN
TXN_001617,ACC_0269,ACC_0430,8172.06,2025-02-03 03:05:27.000000,0,CLEAN
TXN_005006,ACC_0451,ACC_0039,7503.84,2025-02-03 03:38:12.000000,0,CLEAN
TXN_002166,ACC_0236,ACC_0434,129606.9,2025-02-03 03:59:34.000000,0,CLEAN
TXN_000792,ACC_0013,ACC_0106,35986.3,2025-02-03 04:08:08.000000,0,CLEAN
TXN_004991,ACC_0253,ACC_0105,168120.2,2025-02-03 05:03:12.000000,0,CLEAN
TXN_004888,ACC_0063,ACC_0232,4934.18,2025-02-03 05:34:08.000000,0,CLEAN
TXN_002752,ACC_0493,ACC_0144,94654.65,2025-02-03 08:31:20.000000,0,CLEAN
TXN_010300,ACC_0233,ACC_0440,4100056.98,2025-02-03 11:24:33.000000,1,SHELL_LAYERING
TXN_000380,ACC_0234,ACC_0317,1607834.24,2025-02-03 12:02:11.000000,0,CLEAN
TXN_000900,ACC_0067,ACC_0332,7552.5,2025-02-03 15:10:24.000000,0,CLEAN
TXN_000392,ACC_0470,ACC_0330,179874.03,2025-02-03 15:19:57.000000,0,CLEAN
TXN_002996,ACC_0068,ACC_0134,123408.04,2025-02-03 16:28:15.000000,0,CLEAN
TXN_020495,ACC_0117,ACC_0139,195403.63,2025-02-03 16:46:10.000000,1,THRESHOLD_SPLIT
TXN_004563,ACC_0309,ACC_0385,4858.1,2025-02-03 16:56:32.000000,0,CLEAN
TXN_020496,ACC_0117,ACC_0139,199373.8,2025-02-03 17:06:10.000000,1,THRESHOLD_SPLIT
TXN_001136,ACC_0354,ACC_0296,8667.33,2025-02-03 17:16:08.000000,0,CLEAN
TXN_003886,ACC_0064,ACC_0046,12972.43,2025-02-03 17:23:16.000000,0,CLEAN
TXN_004779,ACC_0199,ACC_0373,40882.04,2025-02-03 17:34:52.000000,0,CLEAN
TXN_020497,ACC_0117,ACC_0139,196611.31,2025-02-03 17:50:10.000000,1,THRESHOLD_SPLIT
TXN_005200,ACC_0015,ACC_0473,34952.97,2025-02-03 19:12:43.000000,0,CLEAN
TXN_000732,ACC_0332,ACC_0162,31811.3,2025-02-03 19:50:35.000000,0,CLEAN
TXN_003616,ACC_0134,ACC_0369,25234.11,2025-02-03 20:13:29.000000,0,CLEAN
TXN_000358,ACC_0124,ACC_0265,15861.74,2025-02-03 21:00:39.000000,0,CLEAN
TXN_002445,ACC_0122,ACC_0481,6492.89,2025-02-03 21:27:25.000000,0,CLEAN
TXN_001036,ACC_0051,ACC_0417,78464.39,2025-02-03 22:10:09.000000,0,CLEAN
TXN_010903,ACC_0074,ACC_0310,2265251.53,2025-02-03 22:24:27.262234,1,SHELL_LAYERING
TXN_010301,ACC_0440,ACC_0221,4097133.03,2025-02-03 22:40:21.856648,1,SHELL_LAYERING
TXN_002099,ACC_0268,ACC_0154,17363.86,2025-02-03 23:37:06.000000,0,CLEAN
TXN_001488,ACC_0002,ACC_0134,13874.08,2025-02-03 23:43:16.000000,0,CLEAN
TXN_000012,ACC_0467,ACC_0472,25376.48,2025-02-03 23:51:39.000000,0,CLEAN
TXN_006336,ACC_0063,ACC_0047,146113.05,2025-02-04 00:00:36.000000,0,CLEAN
TXN_002938,ACC_0073,ACC_0054,5258.17,2025-02-04 00:16:40.000000,0,CLEAN
TXN_005953,ACC_0202,ACC_0127,14347.28,2025-02-04 00:38:52.000000,0,CLEAN
TXN_000032,ACC_0387,ACC_0098,32888.56,2025-02-04 01:51:56.000000,0,CLEAN
TXN_003504,ACC_0308,ACC_0289,4673.73,2025-02-04 02:01:25.000000,0,CLEAN
TXN_000712,ACC_0277,ACC_0158,12362.08,2025-02-04 02:09:13.000000,0,CLEAN
TXN_000703,ACC_0432,ACC_0088,82038.76,2025-02-04 04:41:13.000000,0,CLEAN
TXN_004446,ACC_0417,ACC_0442,11972.21,2025-02-04 04:44:04.000000,0,CLEAN
TXN_002188,ACC_0420,ACC_0227,113004.51,2025-02-04 05:01:49.000000,0,CLEAN
TXN_005558,ACC_0217,ACC_0059,1910771.92,2025-02-04 05:07:32.000000,0,CLEAN
TXN_030345,ACC_0399,ACC_0314,8889.09,2025-02-04 06:06:36.000000,1,VELOCITY_BURST
TXN_030340,ACC_0399,ACC_0238,22454.63,2025-02-04 06:10:36.000000,1,VELOCITY_BURST
TXN_030348,ACC_0399,ACC_0042,36028.84,2025-02-04 06:10:36.000000,1,VELOCITY_BURST
TXN_030341,ACC_0399,ACC_0261,29538.7,2025-02-04 06:12:36.000000,1,VELOCITY_BURST
TXN_030346,ACC_0399,ACC_0142,12303.15,2025-02-04 06:14:36.000000,1,VELOCITY_BURST
TXN_030350,ACC_0399,ACC_0404,39079.15,2025-02-04 06:15:36.000000,1,VELOCITY_BURST
TXN_030352,ACC_0399,ACC_0180,22517.52,2025-02-04 06:28:36.000000,1,VELOCITY_BURST
TXN_030344,ACC_0399,ACC_0342,48624.0,2025-02-04 06:28:36.000000,1,VELOCITY_BURST
TXN_030343,ACC_0399,ACC_0246,46124.59,2025-02-04 06:29:36.000000,1,VELOCITY_BURST
TXN_030347,ACC_0399,ACC_0403,12215.29,2025-02-04 06:30:36.000000,1,VELOCITY_BURST
TXN_030351,ACC_0399,ACC_0047,6340.51,2025-02-04 06:31:36.000000,1,VELOCITY_BURST
TXN_030342,ACC_0399,ACC_0062,37639.19,2025-02-04 06:33:36.000000,1,VELOCITY_BURST
TXN_030349,ACC_0399,ACC_0182,26541.07,2025-02-04 06:33:36.000000,1,VELOCITY_BURST
TXN_006186,ACC_0252,ACC_0324,16749.81,2025-02-04 06:41:53.000000,0,CLEAN
TXN_002382,ACC_0331,ACC_0103,14613.52,2025-02-04 07:06:03.000000,0,CLEAN
TXN_004428,ACC_0494,ACC_0143,5240.42,2025-02-04 07:38:45.000000,0,CLEAN
TXN_002821,ACC_0018,ACC_0016,9357.16,2025-02-04 08:16:12.000000,0,CLEAN
TXN_006069,ACC_0123,ACC_0408,251021.82,2025-02-04 08:18:38.000000,0,CLEAN
TXN_010541,ACC_0418,ACC_0378,2881498.02,2025-02-04 08:43:27.788858,1,SHELL_LAYERING
TXN_005814,ACC_0452,ACC_0102,189471.76,2025-02-04 09:24:07.000000,0,CLEAN
TXN_001135,ACC_0471,ACC_0466,19821.6,2025-02-04 09:49:23.000000,0,CLEAN
TXN_003799,ACC_0310,ACC_0051,11061.38,2025-02-04 09:58:56.000000,0,CLEAN
TXN_006359,ACC_0433,ACC_0127,139771.97,2025-02-04 10:32:59.000000,0,CLEAN
TXN_001405,ACC_0310,ACC_0049,71081.0,2025-02-04 10:50:50.000000,0,CLEAN
TXN_001196,ACC_0150,ACC_0230,8099.06,2025-02-04 10:51:52.000000,0,CLEAN
TXN_006040,ACC_0473,ACC_0447,55274.56,2025-02-04 11:48:00.000000,0,CLEAN
TXN_003730,ACC_0345,ACC_0283,3441.55,2025-02-04 11:50:39.000000,0,CLEAN
TXN_001156,ACC_0332,ACC_0491,46755.7,2025-02-04 12:40:02.000000,0,CLEAN
TXN_001251,ACC_0037,ACC_0027,100389.51,2025-02-04 13:30:12.000000,0,CLEAN
TXN_005810,ACC_0361,ACC_0146,27511.34,2025-02-04 13:33:32.000000,0,CLEAN
TXN_004495,ACC_0309,ACC_0077,33743.82,2025-02-04 13:51:21.000000,0,CLEAN
TXN_002351,ACC_0312,ACC_0201,126753.67,2025-02-04 15:36:02.000000,0,CLEAN
TXN_001511,ACC_0283,ACC_0477,11567.02,2025-02-04 15:48:13.000000,0,CLEAN
TXN_010542,ACC_0378,ACC_0129,2799055.93,2025-02-04 16:23:37.412917,1,SHELL_LAYERING
TXN_006025,ACC_0292,ACC_0148,55524.51,2025-02-04 16:26:27.000000,0,CLEAN
TXN_001441,ACC_0285,ACC_0247,20181.61,2025-02-04 16:53:37.000000,0,CLEAN
TXN_006197,ACC_0253,ACC_0083,197013.03,2025-02-04 17:14:45.000000,0,CLEAN
TXN_002568,ACC_0200,ACC_0460,50914.15,2025-02-04 17:19:24.000000,0,CLEAN
TXN_005931,ACC_0057,ACC_0403,715.37,2025-02-04 17:27:09.000000,0,CLEAN
TXN_001768,ACC_0320,ACC_0486,17047.01,2025-02-04 17:43:28.000000,0,CLEAN
TXN_000580,ACC_0471,ACC_0076,21526.11,2025-02-04 18:01:06.000000,0,CLEAN
TXN_005746,ACC_0195,ACC_0191,81317.62,2025-02-04 18:13:35.000000,0,CLEAN
TXN_001340,ACC_0228,ACC_0081,29947.28,2025-02-04 18:52:37.000000,0,CLEAN
TXN_010901,ACC_0155,ACC_0124,2311623.65,2025-02-04 19:01:58.557744,1,SHELL_LAYERING
TXN_004639,ACC_0045,ACC_0036,13513.45,2025-02-04 19:04:06.000000,0,CLEAN
TXN_005687,ACC_0162,ACC_0214,209123.69,2025-02-04 19:15:09.000000,0,CLEAN
TXN_003048,ACC_0021,ACC_0298,6854.29,2025-02-04 19:56:06.000000,0,CLEAN
TXN_002672,ACC_0147,ACC_0214,5035.67,2025-02-04 19:56:07.000000,0,CLEAN
TXN_003673,ACC_0195,ACC_0012,8523.91,2025-02-04 20:50:13.000000,0,CLEAN
TXN_004118,ACC_0498,ACC_0242,35421.86,2025-02-04 21:08:59.000000,0,CLEAN
TXN_003399,ACC_0479,ACC_0272,64180.81,2025-02-04 21:39:53.000000,0,CLEAN
TXN_005444,ACC_0101,ACC_0461,76063.66,2025-02-04 22:28:04.000000,0,CLEAN
TXN_002319,ACC_0346,ACC_0354,2015.24,2025-02-04 22:28:20.000000,0,CLEAN
TXN_004157,ACC_0306,ACC_0356,8852.6,2025-02-04 22:34:11.000000,0,CLEAN
TXN_004666,ACC_0055,ACC_0043,17062.62,2025-02-05 00:08:05.000000,0,CLEAN
TXN_004448,ACC_0482,ACC_0373,20363.33,2025-02-05 00:45:21.000000,0,CLEAN
TXN_003408,ACC_0174,ACC_0224,87452.96,2025-02-05 01:13:41.000000,0,CLEAN
TXN_006546,ACC_0110,ACC_0291,36984.51,2025-02-05 02:17:55.000000,0,CLEAN
TXN_004140,ACC_0406,ACC_0303,123126.96,2025-02-05 03:58:16.000000,0,CLEAN
TXN_000939,ACC_0448,ACC_0285,109350.84,2025-02-05 04:09:15.000000,0,CLEAN
TXN_004514,ACC_0165,ACC_0065,40737.88,2025-02-05 07:35:11.000000,0,CLEAN
TXN_003969,ACC_0101,ACC_0250,64929.49,2025-02-05 08:06:30.000000,0,CLEAN
TXN_004296,ACC_0219,ACC_0457,75303.15,2025-02-05 09:01:47.000000,0,CLEAN
TXN_003150,ACC_0091,ACC_0403,66975.31,2025-02-05 09:09:05.000000,0,CLEAN
TXN_002597,ACC_0274,ACC_0146,87143.93,2025-02-05 09:29:19.000000,0,CLEAN
TXN_004554,ACC_0076,ACC_0392,5855.45,2025-02-05 10:09:35.000000,0,CLEAN
TXN_006447,ACC_0497,ACC_0258,139689.31,2025-02-05 11:02:07.000000,0,CLEAN
TXN_006202,ACC_0275,ACC_0422,1300.28,2025-02-05 11:14:13.000000,0,CLEAN
TXN_003413,ACC_0146,ACC_0073,10224.97,2025-02-05 11:17:56.000000,0,CLEAN
TXN_003973,ACC_0030,ACC_0384,82152.33,2025-02-05 11:34:50.000000,0,CLEAN
TXN_000943,ACC_0390,ACC_0468,5191.37,2025-02-05 13:09:37.000000,0,CLEAN
TXN_004232,ACC_0361,ACC_0234,7561.45,2025-02-05 13:19:44.000000,0,CLEAN
TXN_005088,ACC_0236,ACC_0280,215177.43,2025-02-05 14:34:34.000000,0,CLEAN
TXN_001212,ACC_0269,ACC_0112,1395.48,2025-02-05 16:53:31.000000,0,CLEAN
TXN_001549,ACC_0175,ACC_0188,45834.21,2025-02-05 17:05:59.000000,0,CLEAN
TXN_005970,ACC_0205,ACC_0011,38421.11,2025-02-05 17:10:39.000000,0,CLEAN
TXN_001287,ACC_0072,ACC_0083,11751.84,2025-02-05 17:28:05.000000,0,CLEAN
TXN_005135,ACC_0207,ACC_0248,104877.53,2025-02-05 17:42:24.000000,0,CLEAN
TXN_004402,ACC_0139,ACC_0105,7776.76,2025-02-05 17:48:40.000000,0,CLEAN
TXN_002336,ACC_0411,ACC_0496,631722.11,2025-02-05 21:05:02.000000,0,CLEAN
TXN_002017,ACC_0106,ACC_0025,1301.21,2025-02-05 21:25:00.000000,0,CLEAN
TXN_004445,ACC_0092,ACC_0236,172835.01,2025-02-05 22:17:35.000000,0,CLEAN
TXN_004995,ACC_0001,ACC_0049,5358.7,2025-02-05 22:31:47.000000,0,CLEAN
TXN_002758,ACC_0357,ACC_0301,215367.67,2025-02-05 22:44:55.000000,0,CLEAN
TXN_010543,ACC_0129,ACC_0166,2765956.82,2025-02-05 23:22:13.990180,1,SHELL_LAYERING
TXN_005216,ACC_0036,ACC_0175,71377.9,2025-02-05 23:34:51.000000,0,CLEAN
TXN_002238,ACC_0181,ACC_0115,373711.96,2025-02-06 01:50:56.000000,0,CLEAN
TXN_004286,ACC_0455,ACC_0369,108709.93,2025-02-06 03:33:28.000000,0,CLEAN
TXN_000016,ACC_0403,ACC_0253,76985.76,2025-02-06 04:16:30.000000,0,CLEAN
TXN_006431,ACC_0172,ACC_0457,130580.86,2025-02-06 04:18:40.000000,0,CLEAN
TXN_003126,ACC_0188,ACC_0315,10389.13,2025-02-06 04:28:52.000000,0,CLEAN
TXN_000362,ACC_0322,ACC_0094,369999.82,2025-02-06 04:37:33.000000,0,CLEAN
TXN_001888,ACC_0272,ACC_0045,138039.84,2025-02-06 04:46:04.000000,0,CLEAN
TXN_002886,ACC_0264,ACC_0442,10675.15,2025-02-06 05:20:04.000000,0,CLEAN
TXN_000800,ACC_0195,ACC_0189,13331.23,2025-02-06 05:32:22.000000,0,CLEAN
TXN_010906,ACC_0139,ACC_0378,2269761.36,2025-02-06 06:49:01.664756,1,SHELL_LAYERING
TXN_004328,ACC_0373,ACC_0261,145112.26,2025-02-06 06:49:54.000000,0,CLEAN
TXN_001197,ACC_0349,ACC_0038,13139.56,2025-02-06 07:22:26.000000,0,CLEAN
TXN_000394,ACC_0147,ACC_0071,288727.46,2025-02-06 07:56:33.000000,0,CLEAN
TXN_000672,ACC_0109,ACC_0466,42459.32,2025-02-06 08:11:14.000000,0,CLEAN
TXN_003158,ACC_0446,ACC_0414,46199.97,2025-02-06 08:22:36.000000,0,CLEAN
TXN_001119,ACC_0312,ACC_0100,203346.88,2025-02-06 10:00:56.000000,0,CLEAN
TXN_004591,ACC_0465,ACC_0158,12598.58,2025-02-06 10:56:58.000000,0,CLEAN
TXN_006423,ACC_0439,ACC_0176,12384.82,2025-02-06 10:58:13.000000,0,CLEAN
TXN_003704,ACC_0160,ACC_0434,42864.66,2025-02-06 11:25:42.000000,0,CLEAN
TXN_004452,ACC_0351,ACC_0311,118762.33,2025-02-06 11:26:06.000000,0,CLEAN
TXN_004957,ACC_0399,ACC_0204,23950.14,2025-02-06 11:55:36.000000,0,CLEAN
TXN_004057,ACC_0303,ACC_0480,62333.0,2025-02-06 12:52:20.000000,0,CLEAN
TXN_000992,ACC_0183,ACC_0385,15578.21,2025-02-06 14:07:44.000000,0,CLEAN
TXN_020390,ACC_0173,ACC_0139,196646.22,2025-02-06 15:15:07.000000,1,THRESHOLD_SPLIT
TXN_020391,ACC_0173,ACC_0139,197554.2,2025-02-06 15:26:07.000000,1,THRESHOLD_SPLIT
TXN_006314,ACC_0295,ACC_0078,4290.09,2025-02-06 16:05:33.000000,0,CLEAN
TXN_003067,ACC_0225,ACC_0027,181948.15,2025-02-06 16:25:50.000000,0,CLEAN
TXN_020392,ACC_0173,ACC_0139,199055.15,2025-02-06 16:35:07.000000,1,THRESHOLD_SPLIT
TXN_001427,ACC_0209,ACC_0131,23647.05,2025-02-06 16:54:06.000000,0,CLEAN
TXN_003637,ACC_0315,ACC_0300,60290.89,2025-02-06 17:16:47.000000,0,CLEAN
TXN_003591,ACC_0035,ACC_0175,305821.36,2025-02-06 18:27:39.000000,0,CLEAN
TXN_003024,ACC_0372,ACC_0346,15173.82,2025-02-06 18:29:46.000000,0,CLEAN
TXN_004976,ACC_0099,ACC_0151,27585.59,2025-02-06 18:53:57.000000,0,CLEAN
TXN_004303,ACC_0101,ACC_0056,12558.26,2025-02-06 19:26:47.000000,0,CLEAN
TXN_003915,ACC_0079,ACC_0470,90522.89,2025-02-06 19:43:13.000000,0,CLEAN
TXN_001719,ACC_0356,ACC_0250,25070.86,2025-02-06 20:25:10.000000,0,CLEAN
TXN_001967,ACC_0492,ACC_0025,38442.03,2025-02-06 20:46:00.000000,0,CLEAN
TXN_001735,ACC_0419,ACC_0198,108678.16,2025-02-06 20:51:20.000000,0,CLEAN
TXN_000780,ACC_0169,ACC_0105,44369.67,2025-02-06 21:23:26.000000,0,CLEAN
TXN_006163,ACC_0046,ACC_0381,625.58,2025-02-06 21:31:48.000000,0,CLEAN
TXN_000156,ACC_0007,ACC_0109,37082.26,2025-02-06 21:34:28.000000,0,CLEAN
TXN_010302,ACC_0221,ACC_0418,4168518.42,2025-02-06 23:23:10.656940,1,SHELL_LAYERING
TXN_004373,ACC_0335,ACC_0419,51498.2,2025-02-06 23:29:05.000000,0,CLEAN
TXN_000147,ACC_0370,ACC_0425,33475.12,2025-02-06 23:42:31.000000,0,CLEAN
TXN_001122,ACC_0422,ACC_0400,144183.69,2025-02-07 00:09:41.000000,0,CLEAN
TXN_003686,ACC_0432,ACC_0140,1231340.14,2025-02-07 00:27:29.000000,0,CLEAN
TXN_005745,ACC_0448,ACC_0472,76625.29,2025-02-07 02:03:00.000000,0,CLEAN
TXN_020305,ACC_0296,ACC_0366,199784.82,2025-02-07 02:09:18.000000,1,THRESHOLD_SPLIT
TXN_020306,ACC_0296,ACC_0366,198450.66,2025-02-07 02:27:18.000000,1,THRESHOLD_SPLIT
TXN_010303,ACC_0418,ACC_0124,4416293.9,2025-02-07 02:58:10.011758,1,SHELL_LAYERING
TXN_003490,ACC_0363,ACC_0183,2881.96,2025-02-07 04:30:32.000000,0,CLEAN
TXN_002751,ACC_0111,ACC_0367,56796.94,2025-02-07 04:40:34.000000,0,CLEAN
TXN_003632,ACC_0406,ACC_0097,180872.52,2025-02-07 05:17:58.000000,0,CLEAN
TXN_004380,ACC_0022,ACC_0066,161243.89,2025-02-07 05:25:05.000000,0,CLEAN
TXN_003974,ACC_0414,ACC_0388,129146.71,2025-02-07 06:14:53.000000,0,CLEAN
TXN_001676,ACC_0240,ACC_0092,3256.83,2025-02-07 07:40:51.000000,0,CLEAN
TXN_003210,ACC_0147,ACC_0372,4213.87,2025-02-07 07:43:22.000000,0,CLEAN
TXN_003566,ACC_0168,ACC_0301,48242.35,2025-02-07 09:01:40.000000,0,CLEAN
TXN_005697,ACC_0007,ACC_0476,17768.27,2025-02-07 09:46:14.000000,0,CLEAN
TXN_004774,ACC_0498,ACC_0200,19639.5,2025-02-07 09:51:45.000000,0,CLEAN
TXN_004829,ACC_0474,ACC_0062,2642.96,2025-02-07 10:43:26.000000,0,CLEAN
TXN_001713,ACC_0224,ACC_0376,18432.39,2025-02-07 11:17:00.000000,0,CLEAN
TXN_003486,ACC_0189,ACC_0480,83260.02,2025-02-07 11:24:09.000000,0,CLEAN
TXN_001943,ACC_0070,ACC_0084,102187.2,2025-02-07 12:39:21.000000,0,CLEAN
TXN_001195,ACC_0397,ACC_0371,665566.27,2025-02-07 13:45:52.000000,0,CLEAN
TXN_010620,ACC_0378,ACC_0267,1266207.93,2025-02-07 17:41:08.000000,1,SHELL_LAYERING
TXN_003788,ACC_0204,ACC_0439,349303.52,2025-02-07 17:59:10.000000,0,CLEAN
TXN_006181,ACC_0398,ACC_0329,54288.93,2025-02-07 19:49:40.000000,0,CLEAN
TXN_005420,ACC_0162,ACC_0137,237619.4,2025-02-07 20:52:32.000000,0,CLEAN
TXN_004099,ACC_0356,ACC_0473,259182.54,2025-02-07 21:11:43.000000,0,CLEAN
TXN_000398,ACC_0248,ACC_0069,221851.48,2025-02-07 21:21:52.000000,0,CLEAN
TXN_003914,ACC_0366,ACC_0240,49054.61,2025-02-08 00:06:05.000000,0,CLEAN
TXN_003618,ACC_0125,ACC_0091,18357.76,2025-02-08 01:22:05.000000,0,CLEAN
TXN_000176,ACC_0151,ACC_0078,6864.62,2025-02-08 02:19:11.000000,0,CLEAN
TXN_030049,ACC_0193,ACC_0391,14477.72,2025-02-08 03:01:02.000000,1,VELOCITY_BURST
TXN_030046,ACC_0193,ACC_0136,42166.5,2025-02-08 03:03:02.000000,1,VELOCITY_BURST
TXN_030043,ACC_0193,ACC_0375,5545.16,2025-02-08 03:03:02.000000,1,VELOCITY_BURST
TXN_030041,ACC_0193,ACC_0366,17409.19,2025-02-08 03:06:02.000000,1,VELOCITY_BURST
TXN_030042,ACC_0193,ACC_0226,6885.12,2025-02-08 03:08:02.000000,1,VELOCITY_BURST
TXN_030040,ACC_0193,ACC_0339,9193.53,2025-02-08 03:11:02.000000,1,VELOCITY_BURST
TXN_030044,ACC_0193,ACC_0370,13752.21,2025-02-08 03:17:02.000000,1,VELOCITY_BURST
TXN_030047,ACC_0193,ACC_0073,24211.02,2025-02-08 03:17:02.000000,1,VELOCITY_BURST
TXN_030045,ACC_0193,ACC_0326,13714.89,2025-02-08 03:24:02.000000,1,VELOCITY_BURST
TXN_001319,ACC_0456,ACC_0275,8260.42,2025-02-08 03:26:20.000000,0,CLEAN
TXN_030048,ACC_0193,ACC_0072,16481.65,2025-02-08 03:28:02.000000,1,VELOCITY_BURST
TXN_001194,ACC_0378,ACC_0308,43895.6,2025-02-08 03:36:44.000000,0,CLEAN
TXN_010626,ACC_0155,ACC_0166,1290395.59,2025-02-08 04:36:35.230674,1,SHELL_LAYERING
TXN_000365,ACC_0314,ACC_0453,20301.45,2025-02-08 07:35:54.000000,0,CLEAN
TXN_005936,ACC_0302,ACC_0132,4827.08,2025-02-08 08:56:36.000000,0,CLEAN
TXN_006417,ACC_0024,ACC_0407,1690871.17,2025-02-08 10:15:46.000000,0,CLEAN
TXN_004884,ACC_0416,ACC_0163,128469.4,2025-02-08 11:26:52.000000,0,CLEAN
TXN_010904,ACC_0310,ACC_0292,2343985.04,2025-02-08 11:34:26.474227,1,SHELL_LAYERING
TXN_004332,ACC_0420,ACC_0219,87709.35,2025-02-08 12:40:08.000000,0,CLEAN
TXN_005865,ACC_0482,ACC_0268,530205.33,2025-02-08 12:54:02.000000,0,CLEAN
TXN_010060,ACC_0378,ACC_0155,3373827.8,2025-02-08 13:38:04.000000,1,SHELL_LAYERING
TXN_006451,ACC_0397,ACC_0008,210396.99,2025-02-08 13:54:08.000000,0,CLEAN
TXN_005788,ACC_0141,ACC_0312,319090.54,2025-02-08 13:55:54.000000,0,CLEAN
TXN_010625,ACC_0285,ACC_0155,1236395.02,2025-02-08 13:59:29.119524,1,SHELL_LAYERING
TXN_002474,ACC_0166,ACC_0215,142492.42,2025-02-08 14:14:55.000000,0,CLEAN
TXN_006271,ACC_0185,ACC_0170,38188.4,2025-02-08 15:20:17.000000,0,CLEAN
TXN_004307,ACC_0082,ACC_0342,96615.6,2025-02-08 15:22:10.000000,0,CLEAN
TXN_010621,ACC_0267,ACC_0218,1224968.2,2025-02-08 15:23:25.759648,1,SHELL_LAYERING
TXN_002786,ACC_0033,ACC_0187,22132.89,2025-02-08 15:48:35.000000,0,CLEAN
TXN_000879,ACC_0184,ACC_0361,561863.7,2025-02-08 15:55:07.000000,0,CLEAN
TXN_001682,ACC_0377,ACC_0017,27706.23,2025-02-08 16:14:43.000000,0,CLEAN
TXN_004838,ACC_0140,ACC_0247,21573.48,2025-02-08 16:30:51.000000,0,CLEAN
TXN_002660,ACC_0468,ACC_0070,14621.45,2025-02-08 16:36:27.000000,0,CLEAN
TXN_010760,ACC_0378,ACC_0155,2217303.14,2025-02-08 17:19:00.000000,1,SHELL_LAYERING
TXN_000680,ACC_0070,ACC_0215,47564.46,2025-02-08 17:32:26.000000,0,CLEAN
TXN_004669,ACC_0393,ACC_0221,6686.9,2025-02-08 17:36:08.000000,0,CLEAN
TXN_005085,ACC_0213,ACC_0284,12259.46,2025-02-08 17:50:43.000000,0,CLEAN
TXN_004856,ACC_0196,ACC_0220,3140.0,2025-02-08 18:45:58.000000,0,CLEAN
TXN_010623,ACC_0440,ACC_0221,1259823.43,2025-02-08 19:24:01.343280,1,SHELL_LAYERING
TXN_002479,ACC_0211,ACC_0446,49006.86,2025-02-08 19:51:42.000000,0,CLEAN
TXN_003817,ACC_0465,ACC_0122,197178.26,2025-02-08 20:00:03.000000,0,CLEAN
TXN_006257,ACC_0153,ACC_0294,75964.5,2025-02-08 20:02:27.000000,0,CLEAN
TXN_002986,ACC_0001,ACC_0206,360516.43,2025-02-08 20:25:06.000000,0,CLEAN
TXN_000959,ACC_0077,ACC_0070,99685.15,2025-02-08 21:26:59.000000,0,CLEAN
TXN_006310,ACC_0334,ACC_0341,70438.4,2025-02-08 21:36:45.000000,0,CLEAN
TXN_005145,ACC_0358,ACC_0279,2658.66,2025-02-08 21:42:12.000000,0,CLEAN
TXN_002123,ACC_0107,ACC_0165,301247.88,2025-02-08 22:39:23.000000,0,CLEAN
TXN_002350,ACC_0251,ACC_0476,15956.11,2025-02-08 23:11:09.000000,0,CLEAN
TXN_001875,ACC_0030,ACC_0146,318936.99,2025-02-08 23:18:41.000000,0,CLEAN
TXN_003972,ACC_0108,ACC_0095,253337.63,2025-02-09 00:27:08.000000,0,CLEAN
TXN_005206,ACC_0146,ACC_0115,156465.27,2025-02-09 01:37:34.000000,0,CLEAN
TXN_000717,ACC_0469,ACC_0314,55187.47,2025-02-09 02:53:31.000000,0,CLEAN
TXN_001021,ACC_0425,ACC_0267,86955.05,2025-02-09 03:51:54.000000,0,CLEAN
TXN_003815,ACC_0193,ACC_0393,164207.6,2025-02-09 04:10:02.000000,0,CLEAN
TXN_002864,ACC_0496,ACC_0223,12537.36,2025-02-09 04:15:48.000000,0,CLEAN
TXN_002811,ACC_0405,ACC_0238,71268.58,2025-02-09 05:04:12.000000,0,CLEAN
TXN_010062,ACC_0124,ACC_0074,3649316.08,2025-02-09 05:20:11.026253,1,SHELL_LAYERING
TXN_002911,ACC_0463,ACC_0018,19838.62,2025-02-09 05:20:38.000000,0,CLEAN
TXN_004378,ACC_0242,ACC_0390,13068.1,2025-02-09 05:23:02.000000,0,CLEAN
TXN_003863,ACC_0255,ACC_0151,218211.7,2025-02-09 05:26:35.000000,0,CLEAN
TXN_002101,ACC_0019,ACC_0399,92002.14,2025-02-09 05:50:48.000000,0,CLEAN
TXN_006465,ACC_0217,ACC_0440,81325.76,2025-02-09 06:18:08.000000,0,CLEAN
TXN_002488,ACC_0499,ACC_0138,6665.46,2025-02-09 06:22:15.000000,0,CLEAN
TXN_030241,ACC_0448,ACC_0021,6730.21,2025-02-09 06:34:42.000000,1,VELOCITY_BURST
TXN_030244,ACC_0448,ACC_0122,21786.08,2025-02-09 06:34:42.000000,1,VELOCITY_BURST
TXN_030247,ACC_0448,ACC_0253,14077.1,2025-02-09 06:38:42.000000,1,VELOCITY_BURST
TXN_030240,ACC_0448,ACC_0075,37435.3,2025-02-09 06:47:42.000000,1,VELOCITY_BURST
TXN_030246,ACC_0448,ACC_0309,42094.58,2025-02-09 06:50:42.000000,1,VELOCITY_BURST
TXN_000473,ACC_0490,ACC_0219,13644.12,2025-02-09 06:52:16.000000,0,CLEAN
TXN_030243,ACC_0448,ACC_0071,20433.33,2025-02-09 06:53:42.000000,1,VELOCITY_BURST
TXN_030248,ACC_0448,ACC_0491,19963.31,2025-02-09 06:55:42.000000,1,VELOCITY_BURST
TXN_030242,ACC_0448,ACC_0453,33419.21,2025-02-09 06:56:42.000000,1,VELOCITY_BURST
TXN_030249,ACC_0448,ACC_0142,43599.83,2025-02-09 06:57:42.000000,1,VELOCITY_BURST
TXN_030245,ACC_0448,ACC_0262,9706.88,2025-02-09 06:58:42.000000,1,VELOCITY_BURST
TXN_006147,ACC_0116,ACC_0380,8911.63,2025-02-09 07:51:29.000000,0,CLEAN
TXN_000631,ACC_0119,ACC_0038,68383.11,2025-02-09 08:42:33.000000,0,CLEAN
TXN_001519,ACC_0105,ACC_0118,5659.62,2025-02-09 08:57:38.000000,0,CLEAN
TXN_002004,ACC_0460,ACC_0067,7131.48,2025-02-09 09:21:26.000000,0,CLEAN
TXN_004956,ACC_0317,ACC_0262,14143.61,2025-02-09 10:08:42.000000,0,CLEAN
TXN_004530,ACC_0185,ACC_0001,5686.19,2025-02-09 11:21:06.000000,0,CLEAN
TXN_000143,ACC_0124,ACC_0131,3809.62,2025-02-09 11:37:04.000000,0,CLEAN
TXN_010762,ACC_0124,ACC_0074,2288015.03,2025-02-09 12:15:58.674964,1,SHELL_LAYERING
TXN_010761,ACC_0155,ACC_0124,2203067.93,2025-02-09 12:22:41.952770,1,SHELL_LAYERING
TXN_005309,ACC_0143,ACC_0040,25693.86,2025-02-09 12:38:05.000000,0,CLEAN
TXN_002901,ACC_0032,ACC_0325,85360.65,2025-02-09 12:38:57.000000,0,CLEAN
TXN_001439,ACC_0203,ACC_0387,42065.14,2025-02-09 13:16:52.000000,0,CLEAN
TXN_004189,ACC_0073,ACC_0275,17599.67,2025-02-09 13:36:14.000000,0,CLEAN
TXN_001867,ACC_0275,ACC_0108,2804.45,2025-02-09 13:46:59.000000,0,CLEAN
TXN_004438,ACC_0166,ACC_0137,158581.62,2025-02-09 14:19:46.000000,0,CLEAN
TXN_001173,ACC_0401,ACC_0151,9103.23,2025-02-09 14:42:47.000000,0,CLEAN
TXN_003885,ACC_0324,ACC_0072,19800.39,2025-02-09 15:44:03.000000,0,CLEAN
TXN_003888,ACC_0407,ACC_0478,45195.59,2025-02-09 16:26:55.000000,0,CLEAN
TXN_003864,ACC_0077,ACC_0193,14839.63,2025-02-09 16:30:16.000000,0,CLEAN
TXN_000160,ACC_0309,ACC_0361,15359.77,2025-02-09 17:06:01.000000,0,CLEAN
TXN_001948,ACC_0103,ACC_0388,11207.65,2025-02-09 17:19:42.000000,0,CLEAN
TXN_002547,ACC_0363,ACC_0397,21930.15,2025-02-09 18:01:47.000000,0,CLEAN
TXN_002604,ACC_0189,ACC_0094,12156.22,2025-02-09 20:05:35.000000,0,CLEAN
TXN_002111,ACC_0346,ACC_0067,6591.07,2025-02-09 20:14:28.000000,0,CLEAN
TXN_000612,ACC_0157,ACC_0053,133933.89,2025-02-09 20:16:30.000000,0,CLEAN
TXN_000070,ACC_0059,ACC_0349,37332.8,2025-02-09 21:14:25.000000,0,CLEAN
TXN_000517,ACC_0448,ACC_0154,17573.92,2025-02-09 21:26:47.000000,0,CLEAN
TXN_001009,ACC_0359,ACC_0078,333132.34,2025-02-09 21:40:32.000000,0,CLEAN
TXN_010061,ACC_0155,ACC_0124,3672001.67,2025-02-09 21:48:15.778725,1,SHELL_LAYERING
TXN_020450,ACC_0393,ACC_0395,196969.16,2025-02-09 22:47:20.000000,1,THRESHOLD_SPLIT
TXN_020451,ACC_0393,ACC_0395,195831.09,2025-02-09 23:03:20.000000,1,THRESHOLD_SPLIT
TXN_003875,ACC_0175,ACC_0124,95703.42,2025-02-09 23:10:43.000000,0,CLEAN
TXN_004850,ACC_0084,ACC_0407,91185.97,2025-02-09 23:14:44.000000,0,CLEAN
TXN_005296,ACC_0480,ACC_0278,3788380.4,2025-02-09 23:22:53.000000,0,CLEAN
TXN_004941,ACC_0376,ACC_0439,14046.84,2025-02-09 23:31:21.000000,0,CLEAN
TXN_020452,ACC_0393,ACC_0395,195552.36,2025-02-09 23:59:20.000000,1,THRESHOLD_SPLIT
TXN_000109,ACC_0008,ACC_0124,342513.54,2025-02-10 00:24:35.000000,0,CLEAN
TXN_006315,ACC_0395,ACC_0075,47467.18,2025-02-10 00:42:05.000000,0,CLEAN
TXN_004436,ACC_0309,ACC_0282,36487.38,2025-02-10 00:46:14.000000,0,CLEAN
TXN_002442,ACC_0354,ACC_0064,94913.35,2025-02-10 00:46:34.000000,0,CLEAN
TXN_005579,ACC_0085,ACC_0275,269678.57,2025-02-10 00:57:55.000000,0,CLEAN
TXN_002130,ACC_0263,ACC_0052,56662.24,2025-02-10 02:43:13.000000,0,CLEAN
TXN_010622,ACC_0218,ACC_0440,1333599.99,2025-02-10 04:14:29.762406,1,SHELL_LAYERING
TXN_000236,ACC_0161,ACC_0008,53318.82,2025-02-10 05:25:36.000000,0,CLEAN
TXN_004154,ACC_0385,ACC_0386,104313.93,2025-02-10 06:51:04.000000,0,CLEAN
TXN_006010,ACC_0176,ACC_0042,372081.39,2025-02-10 07:15:31.000000,0,CLEAN
TXN_000637,ACC_0493,ACC_0394,5759.4,2025-02-10 07:39:17.000000,0,CLEAN
TXN_005640,ACC_0287,ACC_0086,17564.1,2025-02-10 07:52:02.000000,0,CLEAN
TXN_004813,ACC_0467,ACC_0429,48180.69,2025-02-10 09:13:18.000000,0,CLEAN
TXN_010624,ACC_0221,ACC_0285,1294256.4,2025-02-10 09:23:08.247972,1,SHELL_LAYERING
TXN_006231,ACC_0360,ACC_0103,9645.02,2025-02-10 12:11:18.000000,0,CLEAN
TXN_004947,ACC_0053,ACC_0175,515170.88,2025-02-10 12:25:58.000000,0,CLEAN
TXN_001752,ACC_0476,ACC_0471,4118.47,2025-02-10 12:47:24.000000,0,CLEAN
TXN_002039,ACC_0107,ACC_0357,39434.69,2025-02-10 14:14:53.000000,0,CLEAN
TXN_010304,ACC_0124,ACC_0166,4268410.49,2025-02-10 14:59:57.403494,1,SHELL_LAYERING
TXN_005715,ACC_0465,ACC_0242,3096.2,2025-02-10 15:26:23.000000,0,CLEAN
TXN_000967,ACC_0231,ACC_0140,65644.38,2025-02-10 15:47:33.000000,0,CLEAN
TXN_003229,ACC_0155,ACC_0120,1125.28,2025-02-10 16:01:41.000000,0,CLEAN
TXN_003959,ACC_0137,ACC_0384,98034.8,2025-02-10 16:27:35.000000,0,CLEAN
TXN_006339,ACC_0083,ACC_0388,24661.22,2025-02-10 16:59:01.000000,0,CLEAN
TXN_001152,ACC_0111,ACC_0102,48609.61,2025-02-10 17:19:55.000000,0,CLEAN
TXN_004722,ACC_0110,ACC_0179,25918.71,2025-02-10 17:34:00.000000,0,CLEAN
TXN_004174,ACC_0275,ACC_0261,124763.37,2025-02-10 17:55:22.000000,0,CLEAN
TXN_010063,ACC_0074,ACC_0310,3463425.24,2025-02-10 18:31:12.703121,1,SHELL_LAYERING
TXN_004367,ACC_0332,ACC_0141,34389.41,2025-02-10 18:49:34.000000,0,CLEAN
TXN_006099,ACC_0407,ACC_0247,494554.3,2025-02-10 19:04:01.000000,0,CLEAN
TXN_010766,ACC_0139,ACC_0378,2298813.65,2025-02-10 19:16:04.689178,1,SHELL_LAYERING
TXN_003624,ACC_0173,ACC_0480,57613.66,2025-02-10 19:46:37.000000,0,CLEAN
TXN_002965,ACC_0120,ACC_0153,4889.83,2025-02-10 20:28:19.000000,0,CLEAN
TXN_001550,ACC_0255,ACC_0217,125197.45,2025-02-10 21:09:08.000000,0,CLEAN
TXN_001605,ACC_0383,ACC_0040,426773.81,2025-02-10 21:20:03.000000,0,CLEAN
TXN_005682,ACC_0241,ACC_0236,2714.13,2025-02-10 21:32:49.000000,0,CLEAN
TXN_006004,ACC_0380,ACC_0255,179524.04,2025-02-10 21:38:29.000000,0,CLEAN
TXN_005486,ACC_0451,ACC_0374,10985.48,2025-02-10 21:50:35.000000,0,CLEAN
TXN_005831,ACC_0262,ACC_0396,4735.0,2025-02-10 22:02:08.000000,0,CLEAN
TXN_004540,ACC_0215,ACC_0124,76775.72,2025-02-10 22:06:26.000000,0,CLEAN
TXN_005164,ACC_0440,ACC_0257,17475.41,2025-02-10 22:18:23.000000,0,CLEAN
TXN_001240,ACC_0320,ACC_0033,31049.13,2025-02-10 22:18:46.000000,0,CLEAN
TXN_003987,ACC_0021,ACC_0050,15261.96,2025-02-10 23:38:59.000000,0,CLEAN
TXN_000996,ACC_0372,ACC_0067,799910.69,2025-02-11 00:13:04.000000,0,CLEAN
TXN_002220,ACC_0222,ACC_0280,680944.55,2025-02-11 00:20:17.000000,0,CLEAN
TXN_003102,ACC_0291,ACC_0066,786004.77,2025-02-11 01:02:27.000000,0,CLEAN
TXN_000228,ACC_0021,ACC_0118,16161.07,2025-02-11 01:16:29.000000,0,CLEAN
TXN_001369,ACC_0329,ACC_0143,19609.68,2025-02-11 01:44:28.000000,0,CLEAN
TXN_004033,ACC_0123,ACC_0125,9723.39,2025-02-11 02:19:03.000000,0,CLEAN
TXN_004751,ACC_0436,ACC_0215,16189.85,2025-02-11 03:23:27.000000,0,CLEAN
TXN_004589,ACC_0054,ACC_0033,12451.83,2025-02-11 03:34:18.000000,0,CLEAN
TXN_002887,ACC_0295,ACC_0255,40831.72,2025-02-11 08:25:55.000000,0,CLEAN
TXN_010820,ACC_0378,ACC_0267,3656731.29,2025-02-11 08:42:25.000000,1,SHELL_LAYERING
TXN_000502,ACC_0179,ACC_0370,39713.46,2025-02-11 08:54:37.000000,0,CLEAN
TXN_006204,ACC_0390,ACC_0118,24982.87,2025-02-11 09:39:38.000000,0,CLEAN
TXN_004676,ACC_0074,ACC_0328,5154.46,2025-02-11 10:50:34.000000,0,CLEAN
TXN_003307,ACC_0276,ACC_0145,1895.51,2025-02-11 12:04:30.000000,0,CLEAN
TXN_003831,ACC_0061,ACC_0119,6434.71,2025-02-11 12:17:13.000000,0,CLEAN
TXN_005732,ACC_0309,ACC_0432,27555.33,2025-02-11 12:50:35.000000,0,CLEAN
TXN_001784,ACC_0288,ACC_0279,18095.05,2025-02-11 12:58:38.000000,0,CLEAN
TXN_002755,ACC_0050,ACC_0474,45348.58,2025-02-11 13:23:02.000000,0,CLEAN
TXN_002761,ACC_0194,ACC_0218,38909.9,2025-02-11 14:35:21.000000,0,CLEAN
TXN_005407,ACC_0176,ACC_0482,469.06,2025-02-11 17:21:38.000000,0,CLEAN
TXN_006237,ACC_0102,ACC_0409,59747.2,2025-02-11 17:52:43.000000,0,CLEAN
TXN_010064,ACC_0310,ACC_0292,3388228.94,2025-02-11 18:03:34.540762,1,SHELL_LAYERING
TXN_005980,ACC_0293,ACC_0242,102726.6,2025-02-11 18:56:52.000000,0,CLEAN
TXN_002644,ACC_0287,ACC_0044,69452.23,2025-02-11 21:12:44.000000,0,CLEAN
TXN_000533,ACC_0007,ACC_0135,95874.36,2025-02-11 21:26:05.000000,0,CLEAN
TXN_004180,ACC_0308,ACC_0282,25669.24,2025-02-11 22:49:09.000000,0,CLEAN
TXN_002098,ACC_0486,ACC_0154,219722.01,2025-02-11 23:17:05.000000,0,CLEAN
TXN_002483,ACC_0223,ACC_0074,55998.8,2025-02-11 23:24:09.000000,0,CLEAN
TXN_004832,ACC_0389,ACC_0078,53330.09,2025-02-12 00:03:41.000000,0,CLEAN
TXN_010821,ACC_0267,ACC_0218,3778142.0,2025-02-12 00:32:07.605546,1,SHELL_LAYERING
TXN_002501,ACC_0250,ACC_0442,9990.83,2025-02-12 00:41:44.000000,0,CLEAN
TXN_000115,ACC_0119,ACC_0277,44083.1,2025-02-12 04:32:52.000000,0,CLEAN
TXN_004877,ACC_0108,ACC_0270,1243.71,2025-02-12 05:27:10.000000,0,CLEAN
TXN_010305,ACC_0166,ACC_0233,4326223.46,2025-02-12 07:07:55.465021,1,SHELL_LAYERING
TXN_000460,ACC_0273,ACC_0203,95233.22,2025-02-12 07:09:39.000000,0,CLEAN
TXN_002937,ACC_0478,ACC_0216,5353.7,2025-02-12 07:59:33.000000,0,CLEAN
TXN_020030,ACC_0327,ACC_0236,197810.04,2025-02-12 09:09:25.000000,1,THRESHOLD_SPLIT
TXN_020031,ACC_0327,ACC_0236,196296.33,2025-02-12 09:47:25.000000,1,THRESHOLD_SPLIT
TXN_020032,ACC_0327,ACC_0236,199865.78,2025-02-12 09:51:25.000000,1,THRESHOLD_SPLIT
TXN_020033,ACC_0327,ACC_0236,198520.9,2025-02-12 09:54:25.000000,1,THRESHOLD_SPLIT
TXN_000416,ACC_0225,ACC_0280,90386.01,2025-02-12 10:28:45.000000,0,CLEAN
TXN_003839,ACC_0034,ACC_0454,22560.91,2025-02-12 10:34:02.000000,0,CLEAN
TXN_003660,ACC_0120,ACC_0203,37021.09,2025-02-12 10:43:14.000000,0,CLEAN
TXN_004718,ACC_0049,ACC_0018,16800.25,2025-02-12 10:51:21.000000,0,CLEAN
TXN_004575,ACC_0316,ACC_0028,42242.69,2025-02-12 12:10:40.000000,0,CLEAN
TXN_005553,ACC_0151,ACC_0049,130823.32,2025-02-12 12:17:24.000000,0,CLEAN
TXN_010823,ACC_0440,ACC_0221,3668676.96,2025-02-12 12:24:45.654626,1,SHELL_LAYERING
TXN_000690,ACC_0163,ACC_0306,42534.18,2025-02-12 12:42:29.000000,0,CLEAN
TXN_030060,ACC_0083,ACC_0136,26073.8,2025-02-12 13:08:14.000000,1,VELOCITY_BURST
TXN_030061,ACC_0083,ACC_0373,46616.98,2025-02-12 13:18:14.000000,1,VELOCITY_BURST
TXN_030062,ACC_0083,ACC_0248,10140.67,2025-02-12 13:24:14.000000,1,VELOCITY_BURST
TXN_030064,ACC_0083,ACC_0033,20423.17,2025-02-12 13:26:14.000000,1,VELOCITY_BURST
TXN_030063,ACC_0083,ACC_0403,25682.28,2025-02-12 13:31:14.000000,1,VELOCITY_BURST
TXN_006399,ACC_0100,ACC_0064,3976.85,2025-02-12 14:03:50.000000,0,CLEAN
TXN_004528,ACC_0415,ACC_0383,250725.4,2025-02-12 14:10:13.000000,0,CLEAN
TXN_003212,ACC_0118,ACC_0260,55354.54,2025-02-12 15:53:13.000000,0,CLEAN
TXN_004835,ACC_0167,ACC_0070,17206.75,2025-02-12 16:09:39.000000,0,CLEAN
TXN_005531,ACC_0446,ACC_0483,19201.68,2025-02-12 18:15:03.000000,0,CLEAN
TXN_005299,ACC_0468,ACC_0439,13710.99,2025-02-12 18:36:47.000000,0,CLEAN
TXN_010905,ACC_0292,ACC_0139,2252054.41,2025-02-12 18:58:24.226104,1,SHELL_LAYERING
TXN_000405,ACC_0407,ACC_0389,38935.23,2025-02-12 19:44:31.000000,0,CLEAN
TXN_003821,ACC_0342,ACC_0032,30918.28,2025-02-12 19:55:14.000000,0,CLEAN
TXN_001648,ACC_0424,ACC_0193,31104.81,2025-02-12 20:02:06.000000,0,CLEAN
TXN_004437,ACC_0418,ACC_0226,229804.8,2025-02-12 20:15:08.000000,0,CLEAN
TXN_002480,ACC_0192,ACC_0457,53961.72,2025-02-12 20:21:46.000000,0,CLEAN
TXN_000052,ACC_0188,ACC_0315,209331.23,2025-02-12 21:13:55.000000,0,CLEAN
TXN_000745,ACC_0495,ACC_0313,5791.17,2025-02-12 21:26:47.000000,0,CLEAN
TXN_010763,ACC_0074,ACC_0310,2270468.95,2025-02-12 22:09:58.973473,1,SHELL_LAYERING
TXN_001216,ACC_0047,ACC_0179,59752.75,2025-02-12 22:51:27.000000,0,CLEAN
TXN_005992,ACC_0162,ACC_0049,152816.16,2025-02-12 23:26:35.000000,0,CLEAN
TXN_010826,ACC_0155,ACC_0166,3601229.68,2025-02-13 00:06:25.763220,1,SHELL_LAYERING
TXN_003487,ACC_0227,ACC_0004,15957.74,2025-02-13 00:21:41.000000,0,CLEAN
TXN_001308,ACC_0126,ACC_0403,3388.74,2025-02-13 00:23:04.000000,0,CLEAN
TXN_004799,ACC_0334,ACC_0460,55171.39,2025-02-13 01:27:15.000000,0,CLEAN
TXN_001459,ACC_0032,ACC_0135,50759.72,2025-02-13 01:31:27.000000,0,CLEAN
TXN_004345,ACC_0324,ACC_0118,80536.32,2025-02-13 01:32:51.000000,0,CLEAN
TXN_006450,ACC_0430,ACC_0348,4921.3,2025-02-13 01:55:44.000000,0,CLEAN
TXN_000336,ACC_0050,ACC_0133,371665.95,2025-02-13 02:36:00.000000,0,CLEAN
TXN_004068,ACC_0308,ACC_0302,320672.79,2025-02-13 03:15:16.000000,0,CLEAN
TXN_004207,ACC_0050,ACC_0194,17567.79,2025-02-13 03:38:46.000000,0,CLEAN
TXN_005625,ACC_0219,ACC_0047,11303.39,2025-02-13 03:46:25.000000,0,CLEAN
TXN_000655,ACC_0425,ACC_0399,165169.19,2025-02-13 03:56:16.000000,0,CLEAN
TXN_000933,ACC_0371,ACC_0365,15144.37,2025-02-13 04:17:15.000000,0,CLEAN
TXN_010822,ACC_0218,ACC_0440,3886327.26,2025-02-13 04:41:20.201496,1,SHELL_LAYERING
TXN_001087,ACC_0025,ACC_0260,20940.87,2025-02-13 05:53:15.000000,0,CLEAN
TXN_006307,ACC_0132,ACC_0439,103027.15,2025-02-13 06:44:33.000000,0,CLEAN
TXN_000590,ACC_0026,ACC_0092,32617.3,2025-02-13 08:07:03.000000,0,CLEAN
TXN_000735,ACC_0402,ACC_0182,424503.36,2025-02-13 08:21:38.000000,0,CLEAN
TXN_000946,ACC_0113,ACC_0182,16433.46,2025-02-13 08:47:00.000000,0,CLEAN
TXN_001071,ACC_0370,ACC_0289,5533.44,2025-02-13 11:50:43.000000,0,CLEAN
TXN_004910,ACC_0052,ACC_0014,16484.94,2025-02-13 11:58:57.000000,0,CLEAN
TXN_005231,ACC_0169,ACC_0011,38737.42,2025-02-13 12:00:52.000000,0,CLEAN
TXN_005633,ACC_0055,ACC_0232,38261.95,2025-02-13 12:11:57.000000,0,CLEAN
TXN_006048,ACC_0014,ACC_0317,65304.35,2025-02-13 12:48:47.000000,0,CLEAN
TXN_000995,ACC_0009,ACC_0117,736113.3,2025-02-13 13:24:47.000000,0,CLEAN
TXN_003002,ACC_0452,ACC_0292,38864.4,2025-02-13 14:11:09.000000,0,CLEAN
TXN_000584,ACC_0335,ACC_0214,64402.21,2025-02-13 14:19:01.000000,0,CLEAN
TXN_002666,ACC_0378,ACC_0237,20233.89,2025-02-13 14:20:24.000000,0,CLEAN
TXN_004489,ACC_0086,ACC_0056,1313445.58,2025-02-13 14:21:01.000000,0,CLEAN
TXN_005412,ACC_0490,ACC_0478,239528.72,2025-02-13 14:37:24.000000,0,CLEAN
TXN_004136,ACC_0465,ACC_0260,79605.21,2025-02-13 16:16:23.000000,0,CLEAN
TXN_004087,ACC_0478,ACC_0414,144115.78,2025-02-13 16:54:37.000000,0,CLEAN
TXN_000894,ACC_0113,ACC_0332,20994.54,2025-02-13 17:05:53.000000,0,CLEAN
TXN_006305,ACC_0009,ACC_0004,30037.48,2025-02-13 17:38:51.000000,0,CLEAN
TXN_001190,ACC_0226,ACC_0425,87556.6,2025-02-13 19:07:55.000000,0,CLEAN
TXN_006401,ACC_0482,ACC_0073,39438.76,2025-02-13 19:08:51.000000,0,CLEAN
TXN_002870,ACC_0205,ACC_0412,32332.71,2025-02-13 20:42:17.000000,0,CLEAN
TXN_005812,ACC_0161,ACC_0212,5656.82,2025-02-13 21:03:06.000000,0,CLEAN
TXN_006405,ACC_0053,ACC_0128,55901.46,2025-02-13 22:16:38.000000,0,CLEAN
TXN_000981,ACC_0375,ACC_0127,20759.31,2025-02-13 22:28:28.000000,0,CLEAN
TXN_004482,ACC_0114,ACC_0012,55835.28,2025-02-14 00:22:57.000000,0,CLEAN
TXN_001819,ACC_0445,ACC_0394,6972.78,2025-02-14 00:34:51.000000,0,CLEAN
TXN_006440,ACC_0064,ACC_0048,19082.54,2025-02-14 02:28:46.000000,0,CLEAN
TXN_001630,ACC_0246,ACC_0277,70102.49,2025-02-14 02:29:42.000000,0,CLEAN
TXN_010764,ACC_0310,ACC_0292,2257045.85,2025-02-14 02:42:41.226071,1,SHELL_LAYERING
TXN_003697,ACC_0443,ACC_0203,3468.67,2025-02-14 04:35:33.000000,0,CLEAN
TXN_006167,ACC_0031,ACC_0107,26306.41,2025-02-14 04:37:43.000000,0,CLEAN
TXN_002477,ACC_0056,ACC_0167,10203.91,2025-02-14 05:32:28.000000,0,CLEAN
TXN_020435,ACC_0145,ACC_0155,198366.05,2025-02-14 05:49:18.000000,1,THRESHOLD_SPLIT
TXN_005380,ACC_0283,ACC_0368,986.83,2025-02-14 06:20:07.000000,0,CLEAN
TXN_000860,ACC_0497,ACC_0444,35491.03,2025-02-14 06:21:30.000000,0,CLEAN
TXN_020436,ACC_0145,ACC_0155,195454.63,2025-02-14 06:30:18.000000,1,THRESHOLD_SPLIT
TXN_020437,ACC_0145,ACC_0155,198962.79,2025-02-14 06:37:18.000000,1,THRESHOLD_SPLIT
TXN_003271,ACC_0215,ACC_0404,17216.85,2025-02-14 07:24:18.000000,0,CLEAN
TXN_006159,ACC_0439,ACC_0125,56875.99,2025-02-14 08:08:28.000000,0,CLEAN
TXN_000575,ACC_0370,ACC_0059,17315.63,2025-02-14 08:26:30.000000,0,CLEAN
TXN_001555,ACC_0294,ACC_0352,10626.57,2025-02-14 09:11:53.000000,0,CLEAN
TXN_003005,ACC_0313,ACC_0321,4634.58,2025-02-14 09:51:10.000000,0,CLEAN
TXN_006217,ACC_0371,ACC_0137,32157.45,2025-02-14 09:55:45.000000,0,CLEAN
TXN_003873,ACC_0384,ACC_0012,44489.46,2025-02-14 11:15:50.000000,0,CLEAN
TXN_003068,ACC_0076,ACC_0027,50843.6,2025-02-14 15:13:40.000000,0,CLEAN
TXN_004524,ACC_0274,ACC_0421,1105302.65,2025-02-14 16:24:40.000000,0,CLEAN
TXN_020480,ACC_0391,ACC_0155,198819.86,2025-02-14 18:09:12.000000,1,THRESHOLD_SPLIT
TXN_005311,ACC_0499,ACC_0266,315815.54,2025-02-14 18:22:31.000000,0,CLEAN
TXN_020481,ACC_0391,ACC_0155,197103.98,2025-02-14 18:31:12.000000,1,THRESHOLD_SPLIT
TXN_005229,ACC_0060,ACC_0256,33565.11,2025-02-14 18:33:01.000000,0,CLEAN
TXN_020482,ACC_0391,ACC_0155,195353.53,2025-02-14 19:03:12.000000,1,THRESHOLD_SPLIT
TXN_002800,ACC_0250,ACC_0255,60344.76,2025-02-14 19:42:27.000000,0,CLEAN
TXN_001884,ACC_0332,ACC_0197,38146.74,2025-02-14 21:19:25.000000,0,CLEAN
TXN_000194,ACC_0431,ACC_0322,88402.18,2025-02-14 22:33:28.000000,0,CLEAN
TXN_004614,ACC_0487,ACC_0367,29694.87,2025-02-14 23:11:41.000000,0,CLEAN
TXN_001472,ACC_0264,ACC_0358,97134.43,2025-02-14 23:39:53.000000,0,CLEAN
TXN_005495,ACC_0054,ACC_0474,46967.16,2025-02-14 23:40:54.000000,0,CLEAN
TXN_002156,ACC_0238,ACC_0241,7059.29,2025-02-14 23:46:23.000000,0,CLEAN
TXN_005185,ACC_0375,ACC_0081,3862.01,2025-02-14 23:49:13.000000,0,CLEAN
TXN_004441,ACC_0079,ACC_0229,26677.03,2025-02-14 23:54:29.000000,0,CLEAN
TXN_005548,ACC_0153,ACC_0431,4829.4,2025-02-15 00:42:04.000000,0,CLEAN
TXN_001935,ACC_0118,ACC_0306,20862.52,2025-02-15 02:02:56.000000,0,CLEAN
TXN_000009,ACC_0333,ACC_0293,10441.83,2025-02-15 02:13:28.000000,0,CLEAN
TXN_003855,ACC_0327,ACC_0380,106277.53,2025-02-15 03:10:52.000000,0,CLEAN
TXN_002404,ACC_0379,ACC_0296,3730.28,2025-02-15 05:47:30.000000,0,CLEAN
TXN_003735,ACC_0145,ACC_0105,6190.74,2025-02-15 06:02:32.000000,0,CLEAN
TXN_004053,ACC_0223,ACC_0414,8525.06,2025-02-15 07:34:16.000000,0,CLEAN
TXN_002299,ACC_0472,ACC_0272,57048.73,2025-02-15 08:56:26.000000,0,CLEAN
TXN_003699,ACC_0107,ACC_0243,85542.54,2025-02-15 09:13:44.000000,0,CLEAN
TXN_003431,ACC_0208,ACC_0325,359348.17,2025-02-15 09:18:34.000000,0,CLEAN
TXN_003493,ACC_0367,ACC_0113,112044.25,2025-02-15 11:43:16.000000,0,CLEAN
TXN_002845,ACC_0125,ACC_0127,417776.9,2025-02-15 13:25:05.000000,0,CLEAN
TXN_010140,ACC_0166,ACC_0378,2062092.42,2025-02-15 13:48:30.000000,1,SHELL_LAYERING
TXN_020235,ACC_0093,ACC_0008,197669.3,2025-02-15 14:15:37.000000,1,THRESHOLD_SPLIT
TXN_005565,ACC_0210,ACC_0352,24115.26,2025-02-15 14:31:37.000000,0,CLEAN
TXN_020236,ACC_0093,ACC_0008,196494.9,2025-02-15 14:37:37.000000,1,THRESHOLD_SPLIT
TXN_001089,ACC_0206,ACC_0419,41324.71,2025-02-15 15:10:45.000000,0,CLEAN
TXN_005315,ACC_0072,ACC_0018,101340.84,2025-02-15 15:40:11.000000,0,CLEAN
TXN_020075,ACC_0384,ACC_0267,197358.06,2025-02-15 15:53:22.000000,1,THRESHOLD_SPLIT
TXN_005898,ACC_0091,ACC_0394,135957.68,2025-02-15 15:54:49.000000,0,CLEAN
TXN_004529,ACC_0359,ACC_0044,37114.52,2025-02-15 16:04:44.000000,0,CLEAN
TXN_020076,ACC_0384,ACC_0267,195962.25,2025-02-15 16:24:22.000000,1,THRESHOLD_SPLIT
TXN_020077,ACC_0384,ACC_0267,197496.52,2025-02-15 16:41:22.000000,1,THRESHOLD_SPLIT
TXN_020078,ACC_0384,ACC_0267,196805.61,2025-02-15 17:11:22.000000,1,THRESHOLD_SPLIT
TXN_003027,ACC_0148,ACC_0134,807630.16,2025-02-15 17:26:33.000000,0,CLEAN
TXN_002451,ACC_0002,ACC_0286,116554.12,2025-02-15 18:09:26.000000,0,CLEAN
TXN_000814,ACC_0293,ACC_0452,36883.85,2025-02-15 18:10:17.000000,0,CLEAN
TXN_005656,ACC_0491,ACC_0333,28629.52,2025-02-15 18:37:29.000000,0,CLEAN
TXN_001557,ACC_0138,ACC_0412,134804.89,2025-02-15 18:55:54.000000,0,CLEAN
TXN_002936,ACC_0383,ACC_0380,85872.3,2025-02-15 19:33:04.000000,0,CLEAN
TXN_005876,ACC_0041,ACC_0095,62099.43,2025-02-15 20:41:42.000000,0,CLEAN
TXN_002283,ACC_0400,ACC_0358,7607.83,2025-02-15 20:45:09.000000,0,CLEAN
TXN_010141,ACC_0378,ACC_0071,2200271.24,2025-02-15 21:07:46.182105,1,SHELL_LAYERING
TXN_003859,ACC_0063,ACC_0159,100743.26,2025-02-15 21:41:12.000000,0,CLEAN
TXN_003425,ACC_0305,ACC_0300,21925.81,2025-02-15 22:07:42.000000,0,CLEAN
TXN_003541,ACC_0266,ACC_0407,114555.81,2025-02-15 23:18:19.000000,0,CLEAN
TXN_010065,ACC_0292,ACC_0139,3646702.47,2025-02-15 23:39:38.872078,1,SHELL_LAYERING
TXN_004176,ACC_0419,ACC_0022,102657.51,2025-02-16 00:58:03.000000,0,CLEAN
TXN_000784,ACC_0144,ACC_0153,11170.32,2025-02-16 03:03:18.000000,0,CLEAN
TXN_002096,ACC_0254,ACC_0450,14617.13,2025-02-16 03:29:35.000000,0,CLEAN
TXN_003865,ACC_0328,ACC_0019,844845.47,2025-02-16 05:27:30.000000,0,CLEAN
TXN_010765,ACC_0292,ACC_0139,2230521.9,2025-02-16 05:37:12.057912,1,SHELL_LAYERING
TXN_005280,ACC_0470,ACC_0029,5716.94,2025-02-16 05:57:13.000000,0,CLEAN
TXN_005348,ACC_0381,ACC_0474,9116.34,2025-02-16 06:13:04.000000,0,CLEAN
TXN_004366,ACC_0309,ACC_0190,48357.41,2025-02-16 06:20:08.000000,0,CLEAN
TXN_003538,ACC_0055,ACC_0243,35120.83,2025-02-16 06:50:03.000000,0,CLEAN
TXN_002391,ACC_0368,ACC_0303,1486.46,2025-02-16 07:25:16.000000,0,CLEAN
TXN_006534,ACC_0494,ACC_0391,403541.23,2025-02-16 08:01:23.000000,0,CLEAN
TXN_002548,ACC_0070,ACC_0172,68750.2,2025-02-16 08:06:32.000000,0,CLEAN
TXN_001336,ACC_0005,ACC_0340,6531.62,2025-02-16 09:15:54.000000,0,CLEAN
TXN_002520,ACC_0183,ACC_0151,219782.26,2025-02-16 10:06:41.000000,0,CLEAN
TXN_004626,ACC_0349,ACC_0198,24086.48,2025-02-16 10:20:10.000000,0,CLEAN
TXN_001474,ACC_0018,ACC_0185,35310.54,2025-02-16 11:01:00.000000,0,CLEAN
TXN_000161,ACC_0203,ACC_0469,15989.88,2025-02-16 11:21:47.000000,0,CLEAN
TXN_004587,ACC_0171,ACC_0014,77461.14,2025-02-16 12:17:25.000000,0,CLEAN
TXN_003995,ACC_0161,ACC_0419,449578.44,2025-02-16 12:36:11.000000,0,CLEAN
TXN_003771,ACC_0484,ACC_0022,16554.33,2025-02-16 13:03:39.000000,0,CLEAN
TXN_004798,ACC_0183,ACC_0095,103206.21,2025-02-16 13:11:05.000000,0,CLEAN
TXN_003108,ACC_0130,ACC_0091,4796.47,2025-02-16 14:51:16.000000,0,CLEAN
TXN_003625,ACC_0156,ACC_0234,7021.42,2025-02-16 15:10:47.000000,0,CLEAN
TXN_000922,ACC_0264,ACC_0392,21006.16,2025-02-16 15:53:19.000000,0,CLEAN
TXN_004593,ACC_0475,ACC_0016,467967.03,2025-02-16 16:02:34.000000,0,CLEAN
TXN_002896,ACC_0236,ACC_0075,77527.18,2025-02-16 16:13:25.000000,0,CLEAN
TXN_004963,ACC_0381,ACC_0056,11823.64,2025-02-16 17:06:08.000000,0,CLEAN
TXN_005143,ACC_0381,ACC_0336,278949.0,2025-02-16 17:39:32.000000,0,CLEAN
TXN_001783,ACC_0165,ACC_0312,8335.27,2025-02-16 17:50:54.000000,0,CLEAN
TXN_005726,ACC_0389,ACC_0060,4276.85,2025-02-16 18:04:58.000000,0,CLEAN
TXN_001085,ACC_0251,ACC_0164,102709.35,2025-02-16 18:38:14.000000,0,CLEAN
TXN_000136,ACC_0275,ACC_0242,124835.97,2025-02-16 18:59:35.000000,0,CLEAN
TXN_000523,ACC_0197,ACC_0057,902934.72,2025-02-16 19:31:20.000000,0,CLEAN
TXN_002747,ACC_0373,ACC_0313,12091.59,2025-02-16 22:58:28.000000,0,CLEAN
TXN_000883,ACC_0348,ACC_0015,14638.75,2025-02-16 23:30:47.000000,0,CLEAN
TXN_000317,ACC_0324,ACC_0155,137922.36,2025-02-16 23:54:01.000000,0,CLEAN
TXN_006479,ACC_0497,ACC_0413,1944.18,2025-02-17 01:57:35.000000,0,CLEAN
TXN_000599,ACC_0378,ACC_0318,61067.35,2025-02-17 02:31:24.000000,0,CLEAN
TXN_003188,ACC_0230,ACC_0300,245999.83,2025-02-17 02:44:10.000000,0,CLEAN
TXN_005101,ACC_0154,ACC_0403,31089.32,2025-02-17 02:48:38.000000,0,CLEAN
TXN_006098,ACC_0072,ACC_0468,2570.66,2025-02-17 04:46:55.000000,0,CLEAN
TXN_003574,ACC_0227,ACC_0095,18603.12,2025-02-17 05:10:21.000000,0,CLEAN
TXN_010827,ACC_0166,ACC_0378,3888525.84,2025-02-17 06:29:29.862732,1,SHELL_LAYERING
TXN_001378,ACC_0210,ACC_0011,2906.9,2025-02-17 07:35:09.000000,0,CLEAN
TXN_002175,ACC_0122,ACC_0318,1912.3,2025-02-17 07:40:57.000000,0,CLEAN
TXN_004474,ACC_0245,ACC_0079,3991.59,2025-02-17 08:13:53.000000,0,CLEAN
TXN_000550,ACC_0122,ACC_0029,14209.36,2025-02-17 11:21:29.000000,0,CLEAN
TXN_003635,ACC_0219,ACC_0326,20284.97,2025-02-17 11:41:02.000000,0,CLEAN
TXN_006156,ACC_0267,ACC_0126,5410.32,2025-02-17 12:20:54.000000,0,CLEAN
TXN_006103,ACC_0251,ACC_0386,68362.21,2025-02-17 12:31:01.000000,0,CLEAN
TXN_005878,ACC_0046,ACC_0371,141466.22,2025-02-17 12:32:10.000000,0,CLEAN
TXN_002134,ACC_0145,ACC_0294,465066.68,2025-02-17 12:58:03.000000,0,CLEAN
TXN_005435,ACC_0473,ACC_0275,70447.29,2025-02-17 13:31:17.000000,0,CLEAN
TXN_004551,ACC_0072,ACC_0040,61497.28,2025-02-17 13:59:46.000000,0,CLEAN
TXN_006067,ACC_0236,ACC_0235,27169.72,2025-02-17 14:00:05.000000,0,CLEAN
TXN_003401,ACC_0402,ACC_0105,29878.95,2025-02-17 15:07:07.000000,0,CLEAN
TXN_003263,ACC_0393,ACC_0003,124856.44,2025-02-17 15:15:20.000000,0,CLEAN
TXN_004867,ACC_0095,ACC_0184,23030.18,2025-02-17 15:15:55.000000,0,CLEAN
TXN_002907,ACC_0098,ACC_0014,43882.32,2025-02-17 16:30:59.000000,0,CLEAN
TXN_000178,ACC_0291,ACC_0427,147785.56,2025-02-17 17:11:05.000000,0,CLEAN
TXN_005529,ACC_0321,ACC_0004,15052.92,2025-02-17 18:02:27.000000,0,CLEAN
TXN_010740,ACC_0139,ACC_0013,2716524.81,2025-02-17 18:28:34.000000,1,SHELL_LAYERING
TXN_020085,ACC_0034,ACC_0008,198873.67,2025-02-17 18:57:18.000000,1,THRESHOLD_SPLIT
TXN_020086,ACC_0034,ACC_0008,196527.42,2025-02-17 19:22:18.000000,1,THRESHOLD_SPLIT
TXN_010824,ACC_0221,ACC_0285,3655069.24,2025-02-17 19:32:45.957144,1,SHELL_LAYERING
TXN_001843,ACC_0376,ACC_0268,16497.23,2025-02-17 19:35:19.000000,0,CLEAN
TXN_003434,ACC_0345,ACC_0051,39740.62,2025-02-17 19:54:58.000000,0,CLEAN
TXN_002945,ACC_0243,ACC_0350,6558.3,2025-02-17 20:03:31.000000,0,CLEAN
TXN_020087,ACC_0034,ACC_0008,196794.03,2025-02-17 20:07:18.000000,1,THRESHOLD_SPLIT
TXN_000260,ACC_0151,ACC_0409,15314.31,2025-02-17 20:32:21.000000,0,CLEAN
TXN_005804,ACC_0449,ACC_0370,1956.64,2025-02-17 21:51:18.000000,0,CLEAN
TXN_001952,ACC_0234,ACC_0455,32834.42,2025-02-17 22:05:45.000000,0,CLEAN
TXN_003933,ACC_0217,ACC_0377,15641.19,2025-02-17 22:07:59.000000,0,CLEAN
TXN_010627,ACC_0166,ACC_0378,1317275.62,2025-02-17 22:54:27.597001,1,SHELL_LAYERING
TXN_004351,ACC_0364,ACC_0214,1661970.6,2025-02-17 22:57:26.000000,0,CLEAN
TXN_003537,ACC_0430,ACC_0128,26048.88,2025-02-17 23:49:08.000000,0,CLEAN
TXN_001681,ACC_0394,ACC_0226,21244.04,2025-02-17 23:51:33.000000,0,CLEAN
TXN_005130,ACC_0266,ACC_0049,11959.3,2025-02-18 00:03:49.000000,0,CLEAN
TXN_005604,ACC_0395,ACC_0352,9480.27,2025-02-18 00:32:32.000000,0,CLEAN
TXN_001891,ACC_0011,ACC_0021,9006.79,2025-02-18 00:55:51.000000,0,CLEAN
TXN_001614,ACC_0158,ACC_0117,110330.59,2025-02-18 00:57:04.000000,0,CLEAN
TXN_003940,ACC_0075,ACC_0131,4743.81,2025-02-18 01:02:11.000000,0,CLEAN
TXN_002505,ACC_0446,ACC_0126,4898.96,2025-02-18 02:58:41.000000,0,CLEAN
TXN_000038,ACC_0244,ACC_0165,164298.34,2025-02-18 03:58:59.000000,0,CLEAN
TXN_000645,ACC_0046,ACC_0365,37174.14,2025-02-18 04:47:00.000000,0,CLEAN
TXN_010066,ACC_0139,ACC_0378,3658121.76,2025-02-18 04:48:28.239272,1,SHELL_LAYERING
TXN_003877,ACC_0469,ACC_0340,776929.18,2025-02-18 05:20:21.000000,0,CLEAN
TXN_004006,ACC_0384,ACC_0418,102304.51,2025-02-18 06:16:09.000000,0,CLEAN
TXN_006482,ACC_0302,ACC_0099,23972.58,2025-02-18 06:26:07.000000,0,CLEAN
TXN_006553,ACC_0180,ACC_0499,59100.07,2025-02-18 07:01:51.000000,0,CLEAN
TXN_030100,ACC_0054,ACC_0285,25895.64,2025-02-18 07:16:11.000000,1,VELOCITY_BURST
TXN_030105,ACC_0054,ACC_0451,18458.8,2025-02-18 07:19:11.000000,1,VELOCITY_BURST
TXN_030104,ACC_0054,ACC_0113,23868.12,2025-02-18 07:22:11.000000,1,VELOCITY_BURST
TXN_030102,ACC_0054,ACC_0433,29399.42,2025-02-18 07:23:11.000000,1,VELOCITY_BURST
TXN_030103,ACC_0054,ACC_0402,23569.03,2025-02-18 07:24:11.000000,1,VELOCITY_BURST
TXN_030106,ACC_0054,ACC_0490,12310.05,2025-02-18 07:27:11.000000,1,VELOCITY_BURST
TXN_030101,ACC_0054,ACC_0115,46672.32,2025-02-18 07:34:11.000000,1,VELOCITY_BURST
TXN_003893,ACC_0090,ACC_0311,16332.49,2025-02-18 08:16:53.000000,0,CLEAN
TXN_004230,ACC_0362,ACC_0399,6103.12,2025-02-18 08:56:39.000000,0,CLEAN
TXN_003765,ACC_0089,ACC_0213,76140.86,2025-02-18 09:03:08.000000,0,CLEAN
TXN_006246,ACC_0361,ACC_0249,8673.89,2025-02-18 12:22:02.000000,0,CLEAN
TXN_000651,ACC_0383,ACC_0281,1436.43,2025-02-18 12:23:51.000000,0,CLEAN
TXN_001802,ACC_0455,ACC_0298,20415.37,2025-02-18 12:25:03.000000,0,CLEAN
TXN_001677,ACC_0458,ACC_0430,47911.5,2025-02-18 13:27:17.000000,0,CLEAN
TXN_001984,ACC_0232,ACC_0046,15925.3,2025-02-18 13:28:04.000000,0,CLEAN
TXN_004844,ACC_0472,ACC_0098,22153.84,2025-02-18 13:31:06.000000,0,CLEAN
TXN_004293,ACC_0393,ACC_0336,53981.81,2025-02-18 13:42:44.000000,0,CLEAN
TXN_001494,ACC_0406,ACC_0294,61523.37,2025-02-18 13:44:37.000000,0,CLEAN
TXN_005295,ACC_0039,ACC_0040,30967.97,2025-02-18 14:00:40.000000,0,CLEAN
TXN_005737,ACC_0355,ACC_0404,39292.52,2025-02-18 15:35:47.000000,0,CLEAN
TXN_002799,ACC_0055,ACC_0063,199979.83,2025-02-18 16:17:57.000000,0,CLEAN
TXN_005681,ACC_0265,ACC_0310,22967.44,2025-02-18 18:51:37.000000,0,CLEAN
TXN_001187,ACC_0006,ACC_0381,49106.15,2025-02-18 19:20:04.000000,0,CLEAN
TXN_005233,ACC_0472,ACC_0424,27291.5,2025-02-18 19:31:27.000000,0,CLEAN
TXN_020585,ACC_0315,ACC_0378,197334.99,2025-02-18 19:44:52.000000,1,THRESHOLD_SPLIT
TXN_020587,ACC_0315,ACC_0378,199281.42,2025-02-18 19:58:52.000000,1,THRESHOLD_SPLIT
TXN_020586,ACC_0315,ACC_0378,199082.21,2025-02-18 20:20:52.000000,1,THRESHOLD_SPLIT
TXN_001360,ACC_0039,ACC_0265,29689.15,2025-02-18 20:28:39.000000,0,CLEAN
TXN_001603,ACC_0120,ACC_0339,196447.83,2025-02-18 20:45:36.000000,0,CLEAN
TXN_000286,ACC_0039,ACC_0185,126865.56,2025-02-18 21:00:20.000000,0,CLEAN
TXN_002930,ACC_0476,ACC_0268,73117.13,2025-02-18 21:30:38.000000,0,CLEAN
TXN_020588,ACC_0315,ACC_0378,198886.22,2025-02-18 21:53:52.000000,1,THRESHOLD_SPLIT
TXN_000907,ACC_0178,ACC_0236,345241.85,2025-02-18 22:23:56.000000,0,CLEAN
TXN_005647,ACC_0392,ACC_0252,20792.16,2025-02-18 22:30:58.000000,0,CLEAN
TXN_002275,ACC_0401,ACC_0142,23687.12,2025-02-18 22:38:33.000000,0,CLEAN
TXN_004684,ACC_0216,ACC_0138,172930.72,2025-02-18 22:44:14.000000,0,CLEAN
TXN_005204,ACC_0102,ACC_0100,21702.68,2025-02-19 00:42:42.000000,0,CLEAN
TXN_005852,ACC_0427,ACC_0124,4766.5,2025-02-19 01:05:01.000000,0,CLEAN
TXN_001690,ACC_0266,ACC_0062,3303.75,2025-02-19 04:31:22.000000,0,CLEAN
TXN_020310,ACC_0099,ACC_0440,128534.46,2025-02-19 05:05:15.000000,1,THRESHOLD_SPLIT
TXN_020312,ACC_0099,ACC_0440,128534.46,2025-02-19 05:15:15.000000,1,THRESHOLD_SPLIT
TXN_020311,ACC_0099,ACC_0440,128534.46,2025-02-19 05:32:15.000000,1,THRESHOLD_SPLIT
TXN_001435,ACC_0333,ACC_0299,3810.61,2025-02-19 06:00:51.000000,0,CLEAN
TXN_020313,ACC_0099,ACC_0440,128534.46,2025-02-19 06:17:15.000000,1,THRESHOLD_SPLIT
TXN_010746,ACC_0267,ACC_0436,2694708.34,2025-02-19 07:06:55.664524,1,SHELL_LAYERING
TXN_001786,ACC_0474,ACC_0381,117604.87,2025-02-19 08:08:28.000000,0,CLEAN
TXN_001118,ACC_0209,ACC_0054,19157.77,2025-02-19 09:04:26.000000,0,CLEAN
TXN_002940,ACC_0225,ACC_0209,45174.22,2025-02-19 09:09:05.000000,0,CLEAN
TXN_004828,ACC_0267,ACC_0380,74115.7,2025-02-19 10:03:38.000000,0,CLEAN
TXN_005702,ACC_0206,ACC_0479,1130156.75,2025-02-19 11:13:05.000000,0,CLEAN
TXN_003146,ACC_0129,ACC_0182,53529.69,2025-02-19 11:44:04.000000,0,CLEAN
TXN_010142,ACC_0071,ACC_0166,2179012.45,2025-02-19 12:30:58.960198,1,SHELL_LAYERING
TXN_010741,ACC_0013,ACC_0074,2710075.35,2025-02-19 12:32:08.158197,1,SHELL_LAYERING
TXN_002313,ACC_0410,ACC_0050,22429.58,2025-02-19 13:59:20.000000,0,CLEAN
TXN_006006,ACC_0344,ACC_0199,243500.64,2025-02-19 15:36:49.000000,0,CLEAN
TXN_020320,ACC_0018,ACC_0267,196466.91,2025-02-19 16:01:52.000000,1,THRESHOLD_SPLIT
TXN_001001,ACC_0448,ACC_0327,15886.44,2025-02-19 16:03:50.000000,0,CLEAN
TXN_020321,ACC_0018,ACC_0267,196210.7,2025-02-19 16:12:52.000000,1,THRESHOLD_SPLIT
TXN_006232,ACC_0338,ACC_0367,45294.78,2025-02-19 16:43:01.000000,0,CLEAN
TXN_004641,ACC_0132,ACC_0243,81195.97,2025-02-19 17:10:08.000000,0,CLEAN
TXN_020322,ACC_0018,ACC_0267,197828.76,2025-02-19 17:25:52.000000,1,THRESHOLD_SPLIT
TXN_003036,ACC_0376,ACC_0305,100551.01,2025-02-19 18:05:52.000000,0,CLEAN
TXN_000756,ACC_0034,ACC_0180,446349.96,2025-02-19 20:06:45.000000,0,CLEAN
TXN_004162,ACC_0044,ACC_0288,15547.19,2025-02-19 20:35:26.000000,0,CLEAN
TXN_005971,ACC_0486,ACC_0382,22651.1,2025-02-19 21:02:42.000000,0,CLEAN
TXN_006393,ACC_0460,ACC_0463,71306.36,2025-02-19 21:03:42.000000,0,CLEAN
TXN_002277,ACC_0140,ACC_0440,25279.62,2025-02-19 21:30:01.000000,0,CLEAN
TXN_000028,ACC_0234,ACC_0332,53614.98,2025-02-19 22:56:28.000000,0,CLEAN
TXN_003909,ACC_0372,ACC_0089,135165.3,2025-02-19 23:03:58.000000,0,CLEAN
TXN_004434,ACC_0484,ACC_0334,18221.42,2025-02-19 23:18:55.000000,0,CLEAN
TXN_001492,ACC_0411,ACC_0262,216072.67,2025-02-20 00:56:17.000000,0,CLEAN
TXN_001501,ACC_0246,ACC_0059,29237.93,2025-02-20 01:31:37.000000,0,CLEAN
TXN_003238,ACC_0114,ACC_0250,20829.51,2025-02-20 01:32:17.000000,0,CLEAN
TXN_010745,ACC_0378,ACC_0267,2839713.92,2025-02-20 01:39:06.575589,1,SHELL_LAYERING
TXN_002679,ACC_0223,ACC_0445,78703.44,2025-02-20 01:57:17.000000,0,CLEAN
TXN_005370,ACC_0225,ACC_0092,13998.26,2025-02-20 02:23:58.000000,0,CLEAN
TXN_002347,ACC_0170,ACC_0030,10343.43,2025-02-20 03:28:44.000000,0,CLEAN
TXN_001383,ACC_0028,ACC_0086,14932.62,2025-02-20 03:34:37.000000,0,CLEAN
TXN_010825,ACC_0285,ACC_0155,3599904.95,2025-02-20 04:38:19.885651,1,SHELL_LAYERING
TXN_001254,ACC_0116,ACC_0467,78182.72,2025-02-20 05:23:12.000000,0,CLEAN
TXN_000941,ACC_0065,ACC_0380,211126.08,2025-02-20 05:24:17.000000,0,CLEAN
TXN_000888,ACC_0428,ACC_0458,38101.4,2025-02-20 05:26:33.000000,0,CLEAN
TXN_010742,ACC_0074,ACC_0236,2844135.01,2025-02-20 06:39:01.723442,1,SHELL_LAYERING
TXN_002356,ACC_0226,ACC_0367,12371.14,2025-02-20 07:00:36.000000,0,CLEAN
TXN_000560,ACC_0421,ACC_0369,115560.34,2025-02-20 08:10:42.000000,0,CLEAN
TXN_003160,ACC_0382,ACC_0309,21161.55,2025-02-20 08:30:28.000000,0,CLEAN
TXN_000928,ACC_0254,ACC_0151,26059.03,2025-02-20 09:00:50.000000,0,CLEAN
TXN_002046,ACC_0434,ACC_0162,4598.91,2025-02-20 10:06:12.000000,0,CLEAN
TXN_004919,ACC_0444,ACC_0026,6194.01,2025-02-20 10:13:56.000000,0,CLEAN
TXN_001573,ACC_0381,ACC_0171,48823.82,2025-02-20 10:36:42.000000,0,CLEAN
TXN_002590,ACC_0087,ACC_0405,2375.66,2025-02-20 11:43:21.000000,0,CLEAN
TXN_006080,ACC_0400,ACC_0213,23579.69,2025-02-20 11:49:26.000000,0,CLEAN
TXN_005137,ACC_0434,ACC_0279,8007.49,2025-02-20 12:57:11.000000,0,CLEAN
TXN_005438,ACC_0070,ACC_0311,234884.16,2025-02-20 12:59:16.000000,0,CLEAN
TXN_002603,ACC_0064,ACC_0226,180939.11,2025-02-20 13:35:07.000000,0,CLEAN
TXN_004803,ACC_0193,ACC_0395,83312.53,2025-02-20 13:55:24.000000,0,CLEAN
TXN_000949,ACC_0169,ACC_0191,37492.92,2025-02-20 14:17:38.000000,0,CLEAN
TXN_001327,ACC_0018,ACC_0283,301461.79,2025-02-20 14:33:36.000000,0,CLEAN
TXN_000173,ACC_0074,ACC_0008,20802.71,2025-02-20 15:17:43.000000,0,CLEAN
TXN_003231,ACC_0183,ACC_0452,10485.05,2025-02-20 15:27:12.000000,0,CLEAN
TXN_000626,ACC_0121,ACC_0150,57179.64,2025-02-20 16:18:21.000000,0,CLEAN
TXN_005910,ACC_0246,ACC_0017,70208.81,2025-02-20 16:26:20.000000,0,CLEAN
TXN_000769,ACC_0010,ACC_0164,231918.14,2025-02-20 16:56:35.000000,0,CLEAN
TXN_002282,ACC_0413,ACC_0089,5974.16,2025-02-20 17:31:31.000000,0,CLEAN
TXN_005078,ACC_0050,ACC_0458,4806.55,2025-02-20 17:33:50.000000,0,CLEAN
TXN_003938,ACC_0330,ACC_0075,21787.72,2025-02-20 17:53:21.000000,0,CLEAN
TXN_000043,ACC_0293,ACC_0005,315638.53,2025-02-20 18:55:33.000000,0,CLEAN
TXN_002813,ACC_0251,ACC_0259,7925.66,2025-02-20 19:26:54.000000,0,CLEAN
TXN_006093,ACC_0074,ACC_0434,14279.71,2025-02-20 23:20:04.000000,0,CLEAN
TXN_005333,ACC_0424,ACC_0465,124346.87,2025-02-20 23:29:28.000000,0,CLEAN
TXN_002301,ACC_0199,ACC_0243,2062749.78,2025-02-20 23:55:18.000000,0,CLEAN
TXN_000420,ACC_0016,ACC_0231,181760.95,2025-02-21 00:48:27.000000,0,CLEAN
TXN_001020,ACC_0102,ACC_0399,226738.02,2025-02-21 01:38:25.000000,0,CLEAN
TXN_006556,ACC_0357,ACC_0325,24208.28,2025-02-21 02:28:41.000000,0,CLEAN
TXN_003059,ACC_0462,ACC_0448,5172.83,2025-02-21 02:40:38.000000,0,CLEAN
TXN_010743,ACC_0236,ACC_0218,2913664.83,2025-02-21 02:46:23.120027,1,SHELL_LAYERING
TXN_000801,ACC_0228,ACC_0022,160823.62,2025-02-21 03:02:53.000000,0,CLEAN
TXN_001355,ACC_0427,ACC_0379,13280.73,2025-02-21 03:08:30.000000,0,CLEAN
TXN_010744,ACC_0218,ACC_0378,2874323.73,2025-02-21 03:13:09.235230,1,SHELL_LAYERING
TXN_001507,ACC_0358,ACC_0427,10661.21,2025-02-21 03:17:54.000000,0,CLEAN
TXN_000802,ACC_0225,ACC_0239,27932.9,2025-02-21 03:32:12.000000,0,CLEAN
TXN_004330,ACC_0058,ACC_0443,133673.93,2025-02-21 04:08:31.000000,0,CLEAN
TXN_005005,ACC_0010,ACC_0091,128369.89,2025-02-21 05:32:49.000000,0,CLEAN
TXN_004422,ACC_0452,ACC_0281,87648.3,2025-02-21 06:30:25.000000,0,CLEAN
TXN_005622,ACC_0103,ACC_0051,11582.64,2025-02-21 07:35:14.000000,0,CLEAN
TXN_001346,ACC_0118,ACC_0032,242452.66,2025-02-21 07:59:36.000000,0,CLEAN
TXN_002294,ACC_0027,ACC_0329,34642.66,2025-02-21 08:10:20.000000,0,CLEAN
TXN_005360,ACC_0164,ACC_0429,234476.04,2025-02-21 08:44:27.000000,0,CLEAN
TXN_001396,ACC_0337,ACC_0261,24632.1,2025-02-21 08:45:20.000000,0,CLEAN
TXN_002348,ACC_0489,ACC_0416,14591.39,2025-02-21 09:25:39.000000,0,CLEAN
TXN_004274,ACC_0247,ACC_0150,1118.26,2025-02-21 09:49:41.000000,0,CLEAN
TXN_003156,ACC_0319,ACC_0414,36708.65,2025-02-21 11:20:10.000000,0,CLEAN
TXN_002868,ACC_0109,ACC_0148,66218.96,2025-02-21 11:42:44.000000,0,CLEAN
TXN_000754,ACC_0228,ACC_0005,229006.0,2025-02-21 11:58:46.000000,0,CLEAN
TXN_005532,ACC_0344,ACC_0100,77168.73,2025-02-21 12:19:21.000000,0,CLEAN
TXN_005042,ACC_0269,ACC_0089,227731.62,2025-02-21 12:25:51.000000,0,CLEAN
TXN_004503,ACC_0338,ACC_0188,22133.88,2025-02-21 12:51:29.000000,0,CLEAN
TXN_001518,ACC_0123,ACC_0447,94195.44,2025-02-21 12:52:43.000000,0,CLEAN
TXN_004967,ACC_0231,ACC_0180,52792.61,2025-02-21 13:41:11.000000,0,CLEAN
TXN_003674,ACC_0226,ACC_0119,27915.36,2025-02-21 13:54:05.000000,0,CLEAN
TXN_003990,ACC_0492,ACC_0389,65718.22,2025-02-21 14:53:04.000000,0,CLEAN
TXN_003266,ACC_0087,ACC_0043,8408.1,2025-02-21 15:43:21.000000,0,CLEAN
TXN_003019,ACC_0416,ACC_0400,1306.06,2025-02-21 16:35:42.000000,0,CLEAN
TXN_001844,ACC_0124,ACC_0036,1436.53,2025-02-21 16:50:52.000000,0,CLEAN
TXN_002363,ACC_0340,ACC_0199,100915.55,2025-02-21 17:41:02.000000,0,CLEAN
TXN_001933,ACC_0313,ACC_0316,27958.28,2025-02-21 19:40:11.000000,0,CLEAN
TXN_002902,ACC_0433,ACC_0211,48689.69,2025-02-21 20:00:22.000000,0,CLEAN
TXN_002312,ACC_0171,ACC_0138,493006.2,2025-02-21 20:43:09.000000,0,CLEAN
TXN_002554,ACC_0180,ACC_0460,490119.67,2025-02-21 21:58:40.000000,0,CLEAN
TXN_003241,ACC_0449,ACC_0285,79373.5,2025-02-21 22:35:58.000000,0,CLEAN
TXN_004837,ACC_0481,ACC_0064,10912.98,2025-02-21 23:03:44.000000,0,CLEAN
TXN_003204,ACC_0283,ACC_0032,29420.22,2025-02-22 00:15:58.000000,0,CLEAN
TXN_005566,ACC_0014,ACC_0149,10367.87,2025-02-22 00:36:56.000000,0,CLEAN
TXN_005652,ACC_0446,ACC_0002,11389.59,2025-02-22 01:38:44.000000,0,CLEAN
TXN_004990,ACC_0450,ACC_0354,19603.48,2025-02-22 02:12:52.000000,0,CLEAN
TXN_000462,ACC_0108,ACC_0254,48765.66,2025-02-22 03:28:20.000000,0,CLEAN
TXN_000803,ACC_0115,ACC_0429,11688.75,2025-02-22 03:35:22.000000,0,CLEAN
TXN_000854,ACC_0243,ACC_0472,15294.28,2025-02-22 03:41:37.000000,0,CLEAN
TXN_010747,ACC_0436,ACC_0139,2842090.17,2025-02-22 04:16:53.333020,1,SHELL_LAYERING
TXN_005355,ACC_0140,ACC_0186,2447.15,2025-02-22 04:27:12.000000,0,CLEAN
TXN_000281,ACC_0086,ACC_0071,4899.97,2025-02-22 05:15:11.000000,0,CLEAN
TXN_000895,ACC_0346,ACC_0105,47907.17,2025-02-22 06:01:13.000000,0,CLEAN
TXN_001547,ACC_0134,ACC_0121,35812.4,2025-02-22 07:32:00.000000,0,CLEAN
TXN_004297,ACC_0274,ACC_0416,1950.7,2025-02-22 07:52:32.000000,0,CLEAN
TXN_004924,ACC_0415,ACC_0194,27822.66,2025-02-22 09:52:52.000000,0,CLEAN
TXN_004199,ACC_0126,ACC_0039,17967.21,2025-02-22 10:52:29.000000,0,CLEAN
TXN_004415,ACC_0474,ACC_0068,49866.01,2025-02-22 12:19:03.000000,0,CLEAN
TXN_005260,ACC_0484,ACC_0066,37954.6,2025-02-22 12:39:37.000000,0,CLEAN
TXN_020455,ACC_0201,ACC_0139,195330.83,2025-02-22 13:44:31.000000,1,THRESHOLD_SPLIT
TXN_006185,ACC_0208,ACC_0308,45024.38,2025-02-22 13:45:17.000000,0,CLEAN
TXN_020456,ACC_0201,ACC_0139,197266.7,2025-02-22 13:58:31.000000,1,THRESHOLD_SPLIT
TXN_020457,ACC_0201,ACC_0139,198651.84,2025-02-22 14:02:31.000000,1,THRESHOLD_SPLIT
TXN_002443,ACC_0073,ACC_0328,27289.17,2025-02-22 14:43:02.000000,0,CLEAN
TXN_004215,ACC_0144,ACC_0283,34308.91,2025-02-22 15:12:10.000000,0,CLEAN
TXN_006324,ACC_0083,ACC_0218,111739.31,2025-02-22 15:18:53.000000,0,CLEAN
TXN_005674,ACC_0450,ACC_0346,60247.91,2025-02-22 15:27:11.000000,0,CLEAN
TXN_001596,ACC_0330,ACC_0202,99282.14,2025-02-22 16:06:27.000000,0,CLEAN
TXN_004571,ACC_0476,ACC_0080,26121.02,2025-02-22 18:48:30.000000,0,CLEAN
TXN_000630,ACC_0162,ACC_0232,58808.16,2025-02-22 19:24:22.000000,0,CLEAN
TXN_020250,ACC_0107,ACC_0436,146353.53,2025-02-22 19:26:12.000000,1,THRESHOLD_SPLIT
TXN_020252,ACC_0107,ACC_0436,146353.53,2025-02-22 19:40:12.000000,1,THRESHOLD_SPLIT
TXN_020251,ACC_0107,ACC_0436,146353.53,2025-02-22 19:59:12.000000,1,THRESHOLD_SPLIT
TXN_001659,ACC_0316,ACC_0231,83829.19,2025-02-22 20:14:13.000000,0,CLEAN
TXN_002311,ACC_0333,ACC_0440,13997.91,2025-02-22 22:21:51.000000,0,CLEAN
TXN_002688,ACC_0083,ACC_0027,138611.57,2025-02-22 22:44:09.000000,0,CLEAN
TXN_005813,ACC_0427,ACC_0096,90378.39,2025-02-22 23:20:14.000000,0,CLEAN
TXN_000025,ACC_0258,ACC_0239,2422.79,2025-02-22 23:30:46.000000,0,CLEAN
TXN_002792,ACC_0297,ACC_0304,246581.56,2025-02-23 00:08:43.000000,0,CLEAN
TXN_003464,ACC_0362,ACC_0231,14583.71,2025-02-23 00:20:00.000000,0,CLEAN
TXN_003672,ACC_0254,ACC_0162,17566.33,2025-02-23 00:21:46.000000,0,CLEAN
TXN_003803,ACC_0005,ACC_0347,104312.02,2025-02-23 01:26:52.000000,0,CLEAN
TXN_004204,ACC_0170,ACC_0399,86339.74,2025-02-23 01:27:04.000000,0,CLEAN
TXN_001354,ACC_0324,ACC_0425,162897.02,2025-02-23 02:34:49.000000,0,CLEAN
TXN_020130,ACC_0241,ACC_0418,190797.27,2025-02-23 02:50:41.000000,1,THRESHOLD_SPLIT
TXN_020131,ACC_0241,ACC_0418,190797.27,2025-02-23 03:24:41.000000,1,THRESHOLD_SPLIT
TXN_004138,ACC_0293,ACC_0245,1761.62,2025-02-23 03:39:00.000000,0,CLEAN
TXN_020132,ACC_0241,ACC_0418,190797.27,2025-02-23 04:14:41.000000,1,THRESHOLD_SPLIT
TXN_002427,ACC_0032,ACC_0062,50114.71,2025-02-23 04:26:08.000000,0,CLEAN
TXN_004686,ACC_0072,ACC_0035,20880.91,2025-02-23 04:29:28.000000,0,CLEAN
TXN_005038,ACC_0055,ACC_0495,5717.88,2025-02-23 04:34:40.000000,0,CLEAN
TXN_002970,ACC_0404,ACC_0017,31662.89,2025-02-23 05:06:09.000000,0,CLEAN
TXN_020515,ACC_0110,ACC_0129,198681.05,2025-02-23 05:35:35.000000,1,THRESHOLD_SPLIT
TXN_005757,ACC_0360,ACC_0129,4827.99,2025-02-23 05:44:33.000000,0,CLEAN
TXN_020516,ACC_0110,ACC_0129,195497.58,2025-02-23 06:04:35.000000,1,THRESHOLD_SPLIT
TXN_020517,ACC_0110,ACC_0129,196957.87,2025-02-23 06:45:35.000000,1,THRESHOLD_SPLIT
TXN_002939,ACC_0109,ACC_0497,56335.11,2025-02-23 07:28:59.000000,0,CLEAN
TXN_004901,ACC_0370,ACC_0154,20010.55,2025-02-23 08:04:17.000000,0,CLEAN
TXN_006356,ACC_0241,ACC_0008,45574.84,2025-02-23 08:16:11.000000,0,CLEAN
TXN_001530,ACC_0294,ACC_0445,121866.8,2025-02-23 08:20:55.000000,0,CLEAN
TXN_000406,ACC_0149,ACC_0016,4723.08,2025-02-23 08:54:26.000000,0,CLEAN
TXN_003400,ACC_0492,ACC_0009,15769.33,2025-02-23 09:25:05.000000,0,CLEAN
TXN_004804,ACC_0337,ACC_0026,24687.44,2025-02-23 09:25:44.000000,0,CLEAN
TXN_005149,ACC_0188,ACC_0342,148443.55,2025-02-23 10:26:16.000000,0,CLEAN
TXN_004131,ACC_0332,ACC_0195,16172.09,2025-02-23 10:35:58.000000,0,CLEAN
TXN_004985,ACC_0272,ACC_0051,111048.94,2025-02-23 11:44:03.000000,0,CLEAN
TXN_006489,ACC_0072,ACC_0345,33292.06,2025-02-23 11:47:04.000000,0,CLEAN
TXN_000103,ACC_0177,ACC_0079,277466.86,2025-02-23 12:37:15.000000,0,CLEAN
TXN_001897,ACC_0120,ACC_0257,8055.13,2025-02-23 13:41:09.000000,0,CLEAN
TXN_002570,ACC_0055,ACC_0085,5410.0,2025-02-23 13:59:10.000000,0,CLEAN
TXN_005371,ACC_0392,ACC_0403,49636.6,2025-02-23 14:55:33.000000,0,CLEAN
TXN_006484,ACC_0115,ACC_0494,5534.51,2025-02-23 15:16:06.000000,0,CLEAN
TXN_005045,ACC_0301,ACC_0213,2960.89,2025-02-23 15:24:17.000000,0,CLEAN
TXN_002124,ACC_0098,ACC_0147,67147.31,2025-02-23 17:16:49.000000,0,CLEAN
TXN_003980,ACC_0193,ACC_0063,6052.43,2025-02-23 17:48:19.000000,0,CLEAN
TXN_005983,ACC_0398,ACC_0095,22051.39,2025-02-23 18:13:56.000000,0,CLEAN
TXN_006294,ACC_0220,ACC_0419,26895.07,2025-02-23 18:17:02.000000,0,CLEAN
TXN_000918,ACC_0166,ACC_0442,359583.84,2025-02-23 18:22:38.000000,0,CLEAN
TXN_002675,ACC_0061,ACC_0392,11746.93,2025-02-23 19:55:30.000000,0,CLEAN
TXN_005712,ACC_0303,ACC_0310,17768.33,2025-02-23 20:01:13.000000,0,CLEAN
TXN_003386,ACC_0226,ACC_0377,1347.23,2025-02-23 20:39:41.000000,0,CLEAN
TXN_004181,ACC_0302,ACC_0183,15296.37,2025-02-23 20:45:27.000000,0,CLEAN
TXN_006162,ACC_0136,ACC_0283,132769.87,2025-02-23 21:08:04.000000,0,CLEAN
TXN_004414,ACC_0482,ACC_0452,5389.03,2025-02-23 22:26:20.000000,0,CLEAN
TXN_003523,ACC_0114,ACC_0024,117640.01,2025-02-23 23:15:42.000000,0,CLEAN
TXN_005319,ACC_0017,ACC_0139,24395.25,2025-02-23 23:25:17.000000,0,CLEAN
TXN_004878,ACC_0052,ACC_0288,90499.84,2025-02-23 23:47:59.000000,0,CLEAN
TXN_001086,ACC_0169,ACC_0497,47318.77,2025-02-24 00:18:22.000000,0,CLEAN
TXN_000451,ACC_0263,ACC_0384,61579.43,2025-02-24 00:37:32.000000,0,CLEAN
TXN_005487,ACC_0220,ACC_0266,38614.65,2025-02-24 00:46:04.000000,0,CLEAN
TXN_005171,ACC_0402,ACC_0071,38910.12,2025-02-24 01:09:32.000000,0,CLEAN
TXN_000368,ACC_0109,ACC_0105,97520.36,2025-02-24 01:10:51.000000,0,CLEAN
TXN_005513,ACC_0442,ACC_0070,187450.36,2025-02-24 01:41:09.000000,0,CLEAN
TXN_002790,ACC_0371,ACC_0255,304917.65,2025-02-24 01:59:22.000000,0,CLEAN
TXN_006030,ACC_0461,ACC_0306,86542.68,2025-02-24 03:40:25.000000,0,CLEAN
TXN_002797,ACC_0248,ACC_0262,8793.25,2025-02-24 03:43:28.000000,0,CLEAN
TXN_001200,ACC_0020,ACC_0220,61447.91,2025-02-24 04:45:26.000000,0,CLEAN
TXN_020570,ACC_0468,ACC_0310,197634.21,2025-02-24 05:31:31.000000,1,THRESHOLD_SPLIT
TXN_005476,ACC_0369,ACC_0301,433637.61,2025-02-24 05:37:49.000000,0,CLEAN
TXN_020571,ACC_0468,ACC_0310,199041.79,2025-02-24 05:43:31.000000,1,THRESHOLD_SPLIT
TXN_020572,ACC_0468,ACC_0310,196404.19,2025-02-24 06:01:31.000000,1,THRESHOLD_SPLIT
TXN_002250,ACC_0384,ACC_0399,505454.62,2025-02-24 06:11:35.000000,0,CLEAN
TXN_003293,ACC_0004,ACC_0424,25311.2,2025-02-24 07:52:21.000000,0,CLEAN
TXN_005706,ACC_0374,ACC_0110,19946.36,2025-02-24 08:49:37.000000,0,CLEAN
TXN_004637,ACC_0082,ACC_0034,108381.4,2025-02-24 09:26:28.000000,0,CLEAN
TXN_001901,ACC_0483,ACC_0284,47345.7,2025-02-24 09:47:52.000000,0,CLEAN
TXN_001532,ACC_0468,ACC_0261,74201.28,2025-02-24 10:08:13.000000,0,CLEAN
TXN_000857,ACC_0155,ACC_0160,65362.63,2025-02-24 10:30:36.000000,0,CLEAN
TXN_004934,ACC_0338,ACC_0250,101915.51,2025-02-24 11:25:07.000000,0,CLEAN
TXN_001317,ACC_0041,ACC_0431,12348.25,2025-02-24 11:45:54.000000,0,CLEAN
TXN_002276,ACC_0067,ACC_0316,24728.96,2025-02-24 13:25:26.000000,0,CLEAN
TXN_003453,ACC_0430,ACC_0261,85456.33,2025-02-24 15:00:20.000000,0,CLEAN
TXN_002062,ACC_0103,ACC_0354,9062.16,2025-02-24 16:28:32.000000,0,CLEAN
TXN_002998,ACC_0167,ACC_0410,27591.81,2025-02-24 17:16:14.000000,0,CLEAN
TXN_004490,ACC_0052,ACC_0490,1557.7,2025-02-24 17:20:58.000000,0,CLEAN
TXN_005504,ACC_0189,ACC_0104,26338.17,2025-02-24 17:27:28.000000,0,CLEAN
TXN_004098,ACC_0372,ACC_0144,68368.68,2025-02-24 19:54:43.000000,0,CLEAN
TXN_004599,ACC_0182,ACC_0385,40219.55,2025-02-24 20:05:22.000000,0,CLEAN
TXN_003223,ACC_0318,ACC_0106,2490.99,2025-02-24 20:20:45.000000,0,CLEAN
TXN_010400,ACC_0129,ACC_0440,3231569.81,2025-02-24 20:49:56.000000,1,SHELL_LAYERING
TXN_005289,ACC_0224,ACC_0092,41853.54,2025-02-24 20:59:33.000000,0,CLEAN
TXN_001017,ACC_0316,ACC_0060,93546.84,2025-02-24 21:30:32.000000,0,CLEAN
TXN_003058,ACC_0474,ACC_0220,30647.55,2025-02-24 22:31:42.000000,0,CLEAN
TXN_003023,ACC_0110,ACC_0422,418214.42,2025-02-24 22:43:22.000000,0,CLEAN
TXN_005060,ACC_0020,ACC_0112,7568.16,2025-02-24 22:57:22.000000,0,CLEAN
TXN_005066,ACC_0179,ACC_0450,185640.19,2025-02-25 00:06:47.000000,0,CLEAN
TXN_001425,ACC_0439,ACC_0042,9144.64,2025-02-25 00:07:06.000000,0,CLEAN
TXN_002325,ACC_0112,ACC_0372,467969.44,2025-02-25 00:15:35.000000,0,CLEAN
TXN_005153,ACC_0075,ACC_0014,197276.12,2025-02-25 00:50:35.000000,0,CLEAN
TXN_003366,ACC_0156,ACC_0456,58646.72,2025-02-25 01:07:23.000000,0,CLEAN
TXN_000463,ACC_0165,ACC_0425,105188.12,2025-02-25 01:38:22.000000,0,CLEAN
TXN_002439,ACC_0303,ACC_0455,20156.73,2025-02-25 02:17:05.000000,0,CLEAN
TXN_006018,ACC_0011,ACC_0385,629.53,2025-02-25 03:00:44.000000,0,CLEAN
TXN_010403,ACC_0155,ACC_0129,3150807.85,2025-02-25 03:11:34.214651,1,SHELL_LAYERING
TXN_003614,ACC_0101,ACC_0102,418512.99,2025-02-25 04:00:21.000000,0,CLEAN
TXN_006251,ACC_0224,ACC_0473,11504.76,2025-02-25 04:37:57.000000,0,CLEAN
TXN_005627,ACC_0142,ACC_0248,343570.1,2025-02-25 05:30:25.000000,0,CLEAN
TXN_000021,ACC_0475,ACC_0171,82046.41,2025-02-25 06:09:12.000000,0,CLEAN
TXN_001581,ACC_0089,ACC_0400,89483.55,2025-02-25 06:22:22.000000,0,CLEAN
TXN_001653,ACC_0350,ACC_0139,51331.06,2025-02-25 06:41:25.000000,0,CLEAN
TXN_005986,ACC_0092,ACC_0348,25796.43,2025-02-25 07:47:18.000000,0,CLEAN
TXN_004737,ACC_0223,ACC_0195,220546.7,2025-02-25 08:19:35.000000,0,CLEAN
TXN_005482,ACC_0475,ACC_0218,720035.38,2025-02-25 09:23:41.000000,0,CLEAN
TXN_004355,ACC_0164,ACC_0108,1221366.75,2025-02-25 09:40:24.000000,0,CLEAN
TXN_004245,ACC_0043,ACC_0381,23679.35,2025-02-25 12:09:41.000000,0,CLEAN
TXN_001463,ACC_0335,ACC_0266,95589.99,2025-02-25 15:02:36.000000,0,CLEAN
TXN_001170,ACC_0402,ACC_0082,25377.08,2025-02-25 15:43:30.000000,0,CLEAN
TXN_000204,ACC_0140,ACC_0275,3515.92,2025-02-25 16:03:55.000000,0,CLEAN
TXN_001636,ACC_0069,ACC_0177,42310.24,2025-02-25 16:24:32.000000,0,CLEAN
TXN_004560,ACC_0355,ACC_0006,22976.26,2025-02-25 16:26:26.000000,0,CLEAN
TXN_002272,ACC_0319,ACC_0013,27856.98,2025-02-25 16:39:28.000000,0,CLEAN
TXN_004234,ACC_0239,ACC_0258,56185.9,2025-02-25 16:40:35.000000,0,CLEAN
TXN_004484,ACC_0180,ACC_0336,84733.26,2025-02-25 16:48:00.000000,0,CLEAN
TXN_004500,ACC_0319,ACC_0419,19232.57,2025-02-25 17:32:34.000000,0,CLEAN
TXN_005342,ACC_0477,ACC_0347,3865.07,2025-02-25 19:28:01.000000,0,CLEAN
TXN_001862,ACC_0426,ACC_0419,3701.38,2025-02-25 20:42:34.000000,0,CLEAN
TXN_003759,ACC_0377,ACC_0046,9588.75,2025-02-25 21:45:58.000000,0,CLEAN
TXN_005236,ACC_0080,ACC_0496,86596.97,2025-02-25 22:29:55.000000,0,CLEAN
TXN_005051,ACC_0405,ACC_0177,66831.72,2025-02-26 00:04:52.000000,0,CLEAN
TXN_003872,ACC_0331,ACC_0417,7057.3,2025-02-26 00:17:53.000000,0,CLEAN
TXN_000407,ACC_0115,ACC_0276,111232.77,2025-02-26 01:18:04.000000,0,CLEAN
TXN_002002,ACC_0492,ACC_0228,22093.47,2025-02-26 01:48:53.000000,0,CLEAN
TXN_002303,ACC_0222,ACC_0006,8053.95,2025-02-26 01:52:09.000000,0,CLEAN
TXN_001657,ACC_0093,ACC_0069,22548.58,2025-02-26 05:36:42.000000,0,CLEAN
TXN_004392,ACC_0495,ACC_0066,15457.12,2025-02-26 05:53:47.000000,0,CLEAN
TXN_005055,ACC_0076,ACC_0268,4120.0,2025-02-26 06:28:51.000000,0,CLEAN
TXN_002616,ACC_0242,ACC_0459,27135.45,2025-02-26 06:41:33.000000,0,CLEAN
TXN_005232,ACC_0420,ACC_0482,168427.76,2025-02-26 07:00:55.000000,0,CLEAN
TXN_004750,ACC_0016,ACC_0342,8529.84,2025-02-26 07:03:09.000000,0,CLEAN
TXN_002381,ACC_0389,ACC_0393,1508.62,2025-02-26 07:18:19.000000,0,CLEAN
TXN_005146,ACC_0243,ACC_0246,14598.1,2025-02-26 07:39:59.000000,0,CLEAN
TXN_005593,ACC_0367,ACC_0117,9830.16,2025-02-26 08:22:18.000000,0,CLEAN
TXN_002053,ACC_0119,ACC_0363,65148.29,2025-02-26 09:46:20.000000,0,CLEAN
TXN_003610,ACC_0058,ACC_0073,202611.42,2025-02-26 10:10:59.000000,0,CLEAN
TXN_001153,ACC_0319,ACC_0366,21380.84,2025-02-26 10:11:54.000000,0,CLEAN
TXN_005013,ACC_0290,ACC_0349,53538.41,2025-02-26 10:34:01.000000,0,CLEAN
TXN_004622,ACC_0067,ACC_0174,24675.58,2025-02-26 11:25:12.000000,0,CLEAN
TXN_005400,ACC_0188,ACC_0022,32684.93,2025-02-26 11:33:52.000000,0,CLEAN
TXN_006506,ACC_0249,ACC_0389,405093.26,2025-02-26 12:39:23.000000,0,CLEAN
TXN_005624,ACC_0241,ACC_0192,360591.8,2025-02-26 13:16:13.000000,0,CLEAN
TXN_001594,ACC_0162,ACC_0335,172588.89,2025-02-26 13:49:08.000000,0,CLEAN
TXN_030143,ACC_0077,ACC_0016,34972.62,2025-02-26 14:09:47.000000,1,VELOCITY_BURST
TXN_000301,ACC_0495,ACC_0163,16746.3,2025-02-26 14:14:48.000000,0,CLEAN
TXN_030142,ACC_0077,ACC_0091,42204.08,2025-02-26 14:18:47.000000,1,VELOCITY_BURST
TXN_030140,ACC_0077,ACC_0001,49266.55,2025-02-26 14:18:47.000000,1,VELOCITY_BURST
TXN_030144,ACC_0077,ACC_0068,6819.34,2025-02-26 14:35:47.000000,1,VELOCITY_BURST
TXN_030141,ACC_0077,ACC_0242,35543.29,2025-02-26 14:36:47.000000,1,VELOCITY_BURST
TXN_000597,ACC_0188,ACC_0102,1812.93,2025-02-26 14:55:53.000000,0,CLEAN
TXN_002691,ACC_0024,ACC_0149,105713.01,2025-02-26 15:15:11.000000,0,CLEAN
TXN_010402,ACC_0285,ACC_0155,3267551.32,2025-02-26 15:44:06.978181,1,SHELL_LAYERING
TXN_004412,ACC_0273,ACC_0121,125576.84,2025-02-26 16:05:18.000000,0,CLEAN
TXN_003255,ACC_0080,ACC_0373,1894.32,2025-02-26 17:23:30.000000,0,CLEAN
TXN_010401,ACC_0440,ACC_0285,3190064.9,2025-02-26 18:12:42.639820,1,SHELL_LAYERING
TXN_001641,ACC_0220,ACC_0409,39196.06,2025-02-26 21:07:05.000000,0,CLEAN
TXN_005421,ACC_0428,ACC_0294,46256.13,2025-02-26 21:46:59.000000,0,CLEAN
TXN_006365,ACC_0378,ACC_0338,170414.62,2025-02-26 21:52:23.000000,0,CLEAN
TXN_005947,ACC_0136,ACC_0091,18180.4,2025-02-26 22:35:45.000000,0,CLEAN
TXN_005457,ACC_0123,ACC_0365,89668.1,2025-02-26 23:18:19.000000,0,CLEAN
TXN_004169,ACC_0463,ACC_0400,38305.51,2025-02-26 23:19:41.000000,0,CLEAN
TXN_005398,ACC_0482,ACC_0499,38419.21,2025-02-27 02:25:59.000000,0,CLEAN
TXN_001144,ACC_0493,ACC_0175,7379.12,2025-02-27 02:56:53.000000,0,CLEAN
TXN_003638,ACC_0437,ACC_0274,138268.89,2025-02-27 02:59:27.000000,0,CLEAN
TXN_001971,ACC_0085,ACC_0217,1258975.36,2025-02-27 04:05:43.000000,0,CLEAN
TXN_000738,ACC_0375,ACC_0352,85261.19,2025-02-27 04:32:59.000000,0,CLEAN
TXN_003676,ACC_0461,ACC_0042,35813.03,2025-02-27 04:33:09.000000,0,CLEAN
TXN_002338,ACC_0094,ACC_0130,1012740.27,2025-02-27 04:47:21.000000,0,CLEAN
TXN_006116,ACC_0225,ACC_0345,186149.4,2025-02-27 06:14:19.000000,0,CLEAN
TXN_004424,ACC_0459,ACC_0313,71046.57,2025-02-27 06:18:42.000000,0,CLEAN
TXN_000768,ACC_0433,ACC_0017,12048.62,2025-02-27 06:22:25.000000,0,CLEAN
TXN_000051,ACC_0327,ACC_0470,28752.62,2025-02-27 06:58:29.000000,0,CLEAN
TXN_000676,ACC_0125,ACC_0332,2865.69,2025-02-27 07:17:23.000000,0,CLEAN
TXN_002615,ACC_0331,ACC_0362,52955.67,2025-02-27 09:23:41.000000,0,CLEAN
TXN_004636,ACC_0086,ACC_0479,74552.68,2025-02-27 09:38:02.000000,0,CLEAN
TXN_001034,ACC_0118,ACC_0234,18050.8,2025-02-27 11:33:48.000000,0,CLEAN
TXN_004937,ACC_0135,ACC_0393,214482.01,2025-02-27 12:33:04.000000,0,CLEAN
TXN_004694,ACC_0493,ACC_0385,2275.92,2025-02-27 15:40:39.000000,0,CLEAN
TXN_005949,ACC_0228,ACC_0166,60111.25,2025-02-27 19:18:17.000000,0,CLEAN
TXN_000986,ACC_0421,ACC_0023,4326.23,2025-02-27 21:43:23.000000,0,CLEAN
TXN_004687,ACC_0207,ACC_0041,50046.77,2025-02-27 22:21:00.000000,0,CLEAN
TXN_004142,ACC_0359,ACC_0222,25887.5,2025-02-27 22:28:26.000000,0,CLEAN
TXN_000019,ACC_0019,ACC_0004,112092.61,2025-02-27 22:36:30.000000,0,CLEAN
TXN_001691,ACC_0246,ACC_0327,72639.13,2025-02-28 00:34:11.000000,0,CLEAN
TXN_002384,ACC_0338,ACC_0097,589.19,2025-02-28 00:50:12.000000,0,CLEAN
TXN_004091,ACC_0372,ACC_0200,48745.17,2025-02-28 01:54:55.000000,0,CLEAN
TXN_004273,ACC_0060,ACC_0149,37386.76,2025-02-28 02:16:13.000000,0,CLEAN
TXN_000495,ACC_0188,ACC_0452,23821.64,2025-02-28 02:37:51.000000,0,CLEAN
TXN_002080,ACC_0427,ACC_0266,63459.56,2025-02-28 03:02:34.000000,0,CLEAN
TXN_003716,ACC_0353,ACC_0275,588287.56,2025-02-28 04:24:38.000000,0,CLEAN
TXN_002203,ACC_0449,ACC_0162,168647.21,2025-02-28 04:52:04.000000,0,CLEAN
TXN_000134,ACC_0209,ACC_0076,7957.29,2025-02-28 05:34:54.000000,0,CLEAN
TXN_005134,ACC_0474,ACC_0062,11227.28,2025-02-28 05:44:45.000000,0,CLEAN
TXN_001566,ACC_0402,ACC_0249,936.15,2025-02-28 06:15:38.000000,0,CLEAN
TXN_002668,ACC_0078,ACC_0135,31415.75,2025-02-28 06:53:26.000000,0,CLEAN
TXN_030288,ACC_0475,ACC_0302,7149.37,2025-02-28 07:27:04.000000,1,VELOCITY_BURST
TXN_030281,ACC_0475,ACC_0452,6741.97,2025-02-28 07:32:04.000000,1,VELOCITY_BURST
TXN_030286,ACC_0475,ACC_0161,41967.82,2025-02-28 07:32:04.000000,1,VELOCITY_BURST
TXN_030284,ACC_0475,ACC_0118,5192.83,2025-02-28 07:32:04.000000,1,VELOCITY_BURST
TXN_030289,ACC_0475,ACC_0114,41107.6,2025-02-28 07:33:04.000000,1,VELOCITY_BURST
TXN_030283,ACC_0475,ACC_0292,16436.39,2025-02-28 07:33:04.000000,1,VELOCITY_BURST
TXN_030287,ACC_0475,ACC_0427,22864.11,2025-02-28 07:38:04.000000,1,VELOCITY_BURST
TXN_030291,ACC_0475,ACC_0135,29594.57,2025-02-28 07:38:04.000000,1,VELOCITY_BURST
TXN_001792,ACC_0154,ACC_0003,41273.55,2025-02-28 07:39:27.000000,0,CLEAN
TXN_020380,ACC_0305,ACC_0013,199247.25,2025-02-28 07:42:01.000000,1,THRESHOLD_SPLIT
TXN_030282,ACC_0475,ACC_0311,35079.45,2025-02-28 07:43:04.000000,1,VELOCITY_BURST
TXN_020381,ACC_0305,ACC_0013,199845.15,2025-02-28 07:50:01.000000,1,THRESHOLD_SPLIT
TXN_030280,ACC_0475,ACC_0468,45118.09,2025-02-28 07:52:04.000000,1,VELOCITY_BURST
TXN_030290,ACC_0475,ACC_0230,29086.59,2025-02-28 07:53:04.000000,1,VELOCITY_BURST
TXN_030285,ACC_0475,ACC_0472,6824.49,2025-02-28 07:55:04.000000,1,VELOCITY_BURST
TXN_003136,ACC_0410,ACC_0244,21836.03,2025-02-28 07:56:02.000000,0,CLEAN
TXN_005320,ACC_0301,ACC_0196,38199.53,2025-02-28 08:01:31.000000,0,CLEAN
TXN_004167,ACC_0000,ACC_0128,441541.76,2025-02-28 08:53:50.000000,0,CLEAN
TXN_000137,ACC_0434,ACC_0115,40537.26,2025-02-28 09:31:59.000000,0,CLEAN
TXN_001208,ACC_0431,ACC_0338,29763.84,2025-02-28 11:28:59.000000,0,CLEAN
TXN_002297,ACC_0204,ACC_0244,2492.9,2025-02-28 12:28:21.000000,0,CLEAN
TXN_005602,ACC_0080,ACC_0145,6633.37,2025-02-28 12:56:07.000000,0,CLEAN
TXN_004499,ACC_0341,ACC_0352,10177.16,2025-02-28 13:23:20.000000,0,CLEAN
TXN_000122,ACC_0164,ACC_0121,611112.74,2025-02-28 14:19:27.000000,0,CLEAN
TXN_000475,ACC_0451,ACC_0332,2133.86,2025-02-28 14:47:42.000000,0,CLEAN
TXN_000908,ACC_0111,ACC_0239,22381.28,2025-02-28 16:05:53.000000,0,CLEAN
TXN_003950,ACC_0129,ACC_0355,17284.26,2025-02-28 16:26:42.000000,0,CLEAN
TXN_001896,ACC_0181,ACC_0321,9110.75,2025-02-28 16:56:32.000000,0,CLEAN
TXN_003172,ACC_0202,ACC_0412,6538.55,2025-02-28 18:28:56.000000,0,CLEAN
TXN_005300,ACC_0227,ACC_0366,56548.21,2025-02-28 18:46:20.000000,0,CLEAN
TXN_006166,ACC_0067,ACC_0268,5539.95,2025-02-28 18:58:04.000000,0,CLEAN
TXN_003168,ACC_0371,ACC_0249,29342.15,2025-02-28 19:09:00.000000,0,CLEAN
TXN_006323,ACC_0106,ACC_0103,83759.63,2025-02-28 19:45:13.000000,0,CLEAN
TXN_006122,ACC_0108,ACC_0299,62823.93,2025-02-28 19:52:47.000000,0,CLEAN
TXN_002652,ACC_0073,ACC_0107,463.83,2025-02-28 21:09:34.000000,0,CLEAN
TXN_001927,ACC_0492,ACC_0210,33080.97,2025-02-28 21:42:16.000000,0,CLEAN
TXN_005264,ACC_0220,ACC_0245,42651.25,2025-02-28 22:01:55.000000,0,CLEAN
TXN_001633,ACC_0133,ACC_0079,88231.67,2025-02-28 22:45:08.000000,0,CLEAN
TXN_000598,ACC_0288,ACC_0402,143557.58,2025-03-01 00:19:12.000000,0,CLEAN
TXN_002266,ACC_0305,ACC_0384,34529.91,2025-03-01 01:04:22.000000,0,CLEAN
TXN_004348,ACC_0329,ACC_0026,15634.52,2025-03-01 02:05:38.000000,0,CLEAN
TXN_004921,ACC_0056,ACC_0024,6089.91,2025-03-01 02:05:40.000000,0,CLEAN
TXN_004359,ACC_0186,ACC_0171,29369.48,2025-03-01 02:24:18.000000,0,CLEAN
TXN_003436,ACC_0402,ACC_0064,236631.03,2025-03-01 03:35:55.000000,0,CLEAN
TXN_003728,ACC_0327,ACC_0459,54988.11,2025-03-01 03:45:02.000000,0,CLEAN
TXN_000290,ACC_0054,ACC_0070,69177.25,2025-03-01 03:48:33.000000,0,CLEAN
TXN_002722,ACC_0088,ACC_0364,283737.34,2025-03-01 03:55:53.000000,0,CLEAN
TXN_001282,ACC_0484,ACC_0043,3800.62,2025-03-01 03:57:49.000000,0,CLEAN
TXN_001823,ACC_0195,ACC_0027,447637.33,2025-03-01 04:23:36.000000,0,CLEAN
TXN_001851,ACC_0012,ACC_0395,91629.53,2025-03-01 04:33:31.000000,0,CLEAN
TXN_004277,ACC_0111,ACC_0473,220505.27,2025-03-01 04:33:47.000000,0,CLEAN
TXN_002522,ACC_0245,ACC_0343,19591.68,2025-03-01 04:38:29.000000,0,CLEAN
TXN_002848,ACC_0033,ACC_0445,100548.65,2025-03-01 04:59:42.000000,0,CLEAN
TXN_001892,ACC_0472,ACC_0271,3847.6,2025-03-01 05:03:54.000000,0,CLEAN
TXN_001864,ACC_0411,ACC_0056,14130.7,2025-03-01 05:57:11.000000,0,CLEAN
TXN_000385,ACC_0060,ACC_0123,579581.16,2025-03-01 07:10:26.000000,0,CLEAN
TXN_006205,ACC_0157,ACC_0257,6345.09,2025-03-01 07:11:30.000000,0,CLEAN
TXN_000903,ACC_0412,ACC_0483,106769.75,2025-03-01 07:32:43.000000,0,CLEAN
TXN_001314,ACC_0183,ACC_0397,24275.04,2025-03-01 07:36:06.000000,0,CLEAN
TXN_000481,ACC_0202,ACC_0321,68746.86,2025-03-01 07:46:34.000000,0,CLEAN
TXN_004239,ACC_0439,ACC_0044,104009.98,2025-03-01 08:29:09.000000,0,CLEAN
TXN_001303,ACC_0315,ACC_0338,3749.69,2025-03-01 08:33:03.000000,0,CLEAN
TXN_005700,ACC_0299,ACC_0374,15860.83,2025-03-01 08:53:59.000000,0,CLEAN
TXN_005062,ACC_0027,ACC_0251,14231.8,2025-03-01 09:13:53.000000,0,CLEAN
TXN_003910,ACC_0194,ACC_0238,13326.13,2025-03-01 09:21:05.000000,0,CLEAN
TXN_004569,ACC_0292,ACC_0256,56037.45,2025-03-01 10:13:17.000000,0,CLEAN
TXN_002589,ACC_0459,ACC_0404,45043.41,2025-03-01 12:22:12.000000,0,CLEAN
TXN_001443,ACC_0247,ACC_0129,21703.13,2025-03-01 13:06:25.000000,0,CLEAN
TXN_000046,ACC_0060,ACC_0239,86302.01,2025-03-01 13:49:16.000000,0,CLEAN
TXN_000737,ACC_0089,ACC_0194,15829.3,2025-03-01 13:53:59.000000,0,CLEAN
TXN_006444,ACC_0447,ACC_0177,2461.96,2025-03-01 14:51:55.000000,0,CLEAN
TXN_000947,ACC_0381,ACC_0447,87513.3,2025-03-01 15:07:15.000000,0,CLEAN
TXN_004959,ACC_0084,ACC_0352,26763.87,2025-03-01 15:24:27.000000,0,CLEAN
TXN_004763,ACC_0337,ACC_0135,67927.59,2025-03-01 16:34:20.000000,0,CLEAN
TXN_002726,ACC_0352,ACC_0116,10195.72,2025-03-01 16:43:11.000000,0,CLEAN
TXN_005875,ACC_0088,ACC_0155,188664.83,2025-03-01 17:10:42.000000,0,CLEAN
TXN_003921,ACC_0196,ACC_0251,7121.82,2025-03-01 18:30:08.000000,0,CLEAN
TXN_006223,ACC_0161,ACC_0231,863.32,2025-03-01 19:27:45.000000,0,CLEAN
TXN_002000,ACC_0026,ACC_0215,85469.9,2025-03-01 19:40:26.000000,0,CLEAN
TXN_002624,ACC_0282,ACC_0059,29463.4,2025-03-01 19:46:01.000000,0,CLEAN
TXN_000077,ACC_0344,ACC_0414,115415.94,2025-03-01 20:10:27.000000,0,CLEAN
TXN_002949,ACC_0188,ACC_0421,19527.45,2025-03-01 20:10:58.000000,0,CLEAN
TXN_000266,ACC_0046,ACC_0002,34458.72,2025-03-01 20:37:49.000000,0,CLEAN
TXN_003812,ACC_0199,ACC_0354,76271.79,2025-03-01 20:53:42.000000,0,CLEAN
TXN_003390,ACC_0395,ACC_0362,102671.14,2025-03-01 23:20:10.000000,0,CLEAN
TXN_004078,ACC_0306,ACC_0163,15528.12,2025-03-01 23:32:18.000000,0,CLEAN
TXN_000553,ACC_0311,ACC_0028,53691.54,2025-03-02 01:23:46.000000,0,CLEAN
TXN_006137,ACC_0175,ACC_0115,5073.34,2025-03-02 01:28:51.000000,0,CLEAN
TXN_030321,ACC_0131,ACC_0464,29690.63,2025-03-02 02:22:21.000000,1,VELOCITY_BURST
TXN_030329,ACC_0131,ACC_0478,25308.12,2025-03-02 02:23:21.000000,1,VELOCITY_BURST
TXN_030322,ACC_0131,ACC_0219,8430.16,2025-03-02 02:24:21.000000,1,VELOCITY_BURST
TXN_030320,ACC_0131,ACC_0082,49904.83,2025-03-02 02:42:21.000000,1,VELOCITY_BURST
TXN_030325,ACC_0131,ACC_0083,15779.81,2025-03-02 02:44:21.000000,1,VELOCITY_BURST
TXN_030328,ACC_0131,ACC_0392,13053.67,2025-03-02 02:44:21.000000,1,VELOCITY_BURST
TXN_030326,ACC_0131,ACC_0186,39665.27,2025-03-02 02:44:21.000000,1,VELOCITY_BURST
TXN_030330,ACC_0131,ACC_0148,27520.84,2025-03-02 02:46:21.000000,1,VELOCITY_BURST
TXN_030323,ACC_0131,ACC_0104,44294.95,2025-03-02 02:47:21.000000,1,VELOCITY_BURST
TXN_030327,ACC_0131,ACC_0049,47496.38,2025-03-02 02:50:21.000000,1,VELOCITY_BURST
TXN_030324,ACC_0131,ACC_0374,47169.63,2025-03-02 02:50:21.000000,1,VELOCITY_BURST
TXN_006350,ACC_0181,ACC_0185,6764.02,2025-03-02 04:37:10.000000,0,CLEAN
TXN_003117,ACC_0412,ACC_0472,23712.73,2025-03-02 05:10:36.000000,0,CLEAN
TXN_003749,ACC_0294,ACC_0481,33313.68,2025-03-02 06:10:00.000000,0,CLEAN
TXN_002107,ACC_0447,ACC_0268,1328.29,2025-03-02 06:22:35.000000,0,CLEAN
TXN_002908,ACC_0408,ACC_0424,26011.33,2025-03-02 07:13:26.000000,0,CLEAN
TXN_005637,ACC_0055,ACC_0330,15416.97,2025-03-02 07:32:48.000000,0,CLEAN
TXN_005124,ACC_0154,ACC_0322,476327.75,2025-03-02 08:51:22.000000,0,CLEAN
TXN_005908,ACC_0077,ACC_0146,18833.53,2025-03-02 09:47:38.000000,0,CLEAN
TXN_002135,ACC_0087,ACC_0036,181192.4,2025-03-02 11:07:28.000000,0,CLEAN
TXN_004849,ACC_0392,ACC_0300,38217.33,2025-03-02 12:05:31.000000,0,CLEAN
TXN_006473,ACC_0284,ACC_0343,208165.82,2025-03-02 12:11:10.000000,0,CLEAN
TXN_003576,ACC_0030,ACC_0066,21064.09,2025-03-02 12:28:22.000000,0,CLEAN
TXN_005729,ACC_0242,ACC_0181,14080.17,2025-03-02 12:54:55.000000,0,CLEAN
TXN_004950,ACC_0160,ACC_0390,18717.73,2025-03-02 13:12:42.000000,0,CLEAN
TXN_000347,ACC_0072,ACC_0179,1444032.65,2025-03-02 13:30:51.000000,0,CLEAN
TXN_001686,ACC_0348,ACC_0493,4290.1,2025-03-02 14:32:06.000000,0,CLEAN
TXN_005618,ACC_0310,ACC_0440,83112.17,2025-03-02 14:54:34.000000,0,CLEAN
TXN_001909,ACC_0218,ACC_0497,6487.32,2025-03-02 15:48:33.000000,0,CLEAN
TXN_002825,ACC_0220,ACC_0068,74068.94,2025-03-02 16:10:03.000000,0,CLEAN
TXN_002120,ACC_0337,ACC_0382,104480.93,2025-03-02 16:15:57.000000,0,CLEAN
TXN_002257,ACC_0408,ACC_0296,11644.36,2025-03-02 16:21:15.000000,0,CLEAN
TXN_001185,ACC_0499,ACC_0350,215673.09,2025-03-02 17:04:23.000000,0,CLEAN
TXN_004240,ACC_0208,ACC_0395,79087.24,2025-03-02 17:27:34.000000,0,CLEAN
TXN_000170,ACC_0104,ACC_0190,235420.32,2025-03-02 18:19:20.000000,0,CLEAN
TXN_005655,ACC_0279,ACC_0255,71162.99,2025-03-02 18:45:39.000000,0,CLEAN
TXN_000384,ACC_0344,ACC_0068,100996.11,2025-03-02 19:33:04.000000,0,CLEAN
TXN_001307,ACC_0086,ACC_0002,77892.7,2025-03-02 19:41:12.000000,0,CLEAN
TXN_003054,ACC_0133,ACC_0059,2298.2,2025-03-02 19:56:31.000000,0,CLEAN
TXN_000494,ACC_0052,ACC_0053,8083.42,2025-03-02 20:19:25.000000,0,CLEAN
TXN_002880,ACC_0339,ACC_0276,934329.19,2025-03-02 20:19:50.000000,0,CLEAN
TXN_000376,ACC_0494,ACC_0327,16707.0,2025-03-02 20:34:08.000000,0,CLEAN
TXN_002933,ACC_0395,ACC_0414,31354.94,2025-03-02 20:35:52.000000,0,CLEAN
TXN_000965,ACC_0323,ACC_0090,87804.46,2025-03-02 20:36:55.000000,0,CLEAN
TXN_001593,ACC_0175,ACC_0116,6579.74,2025-03-02 20:55:56.000000,0,CLEAN
TXN_004650,ACC_0432,ACC_0319,1103213.83,2025-03-02 21:41:36.000000,0,CLEAN
TXN_004635,ACC_0048,ACC_0233,39157.28,2025-03-02 22:02:06.000000,0,CLEAN
TXN_002987,ACC_0321,ACC_0156,98458.53,2025-03-02 22:02:58.000000,0,CLEAN
TXN_003153,ACC_0360,ACC_0152,10525.11,2025-03-02 23:05:45.000000,0,CLEAN
TXN_000299,ACC_0102,ACC_0246,37973.13,2025-03-03 00:12:00.000000,0,CLEAN
TXN_002763,ACC_0057,ACC_0390,210899.14,2025-03-03 00:39:08.000000,0,CLEAN
TXN_003280,ACC_0043,ACC_0174,28984.58,2025-03-03 03:05:44.000000,0,CLEAN
TXN_005522,ACC_0361,ACC_0352,1526176.27,2025-03-03 03:07:14.000000,0,CLEAN
TXN_006321,ACC_0167,ACC_0446,568550.16,2025-03-03 05:34:24.000000,0,CLEAN
TXN_001886,ACC_0050,ACC_0463,25703.92,2025-03-03 06:07:52.000000,0,CLEAN
TXN_001541,ACC_0265,ACC_0235,19654.79,2025-03-03 07:02:29.000000,0,CLEAN
TXN_002305,ACC_0195,ACC_0348,2529.13,2025-03-03 07:12:56.000000,0,CLEAN
TXN_001565,ACC_0273,ACC_0369,15151.61,2025-03-03 07:23:44.000000,0,CLEAN
TXN_003203,ACC_0216,ACC_0296,10348.73,2025-03-03 07:58:06.000000,0,CLEAN
TXN_004196,ACC_0420,ACC_0078,78060.25,2025-03-03 10:20:45.000000,0,CLEAN
TXN_000526,ACC_0006,ACC_0185,38445.82,2025-03-03 10:52:10.000000,0,CLEAN
TXN_005730,ACC_0429,ACC_0267,56207.42,2025-03-03 13:11:46.000000,0,CLEAN
TXN_004771,ACC_0379,ACC_0307,1761829.75,2025-03-03 15:31:18.000000,0,CLEAN
TXN_001920,ACC_0469,ACC_0080,174726.39,2025-03-03 15:38:22.000000,0,CLEAN
TXN_005525,ACC_0406,ACC_0266,43254.99,2025-03-03 15:47:02.000000,0,CLEAN
TXN_006034,ACC_0390,ACC_0325,12984.19,2025-03-03 16:56:21.000000,0,CLEAN
TXN_004883,ACC_0387,ACC_0222,454424.59,2025-03-03 16:58:38.000000,0,CLEAN
TXN_001301,ACC_0460,ACC_0099,33156.99,2025-03-03 16:59:23.000000,0,CLEAN
TXN_001211,ACC_0401,ACC_0362,30315.92,2025-03-03 17:19:49.000000,0,CLEAN
TXN_003850,ACC_0452,ACC_0352,1712.43,2025-03-03 17:50:00.000000,0,CLEAN
TXN_004217,ACC_0024,ACC_0088,214568.64,2025-03-03 17:58:14.000000,0,CLEAN
TXN_000704,ACC_0121,ACC_0304,39077.03,2025-03-03 18:00:27.000000,0,CLEAN
TXN_004780,ACC_0206,ACC_0463,13882.41,2025-03-03 18:34:10.000000,0,CLEAN
TXN_003461,ACC_0490,ACC_0410,618876.51,2025-03-03 19:24:13.000000,0,CLEAN
TXN_003428,ACC_0137,ACC_0031,6191.58,2025-03-03 19:33:19.000000,0,CLEAN
TXN_005483,ACC_0165,ACC_0197,65471.5,2025-03-03 20:40:56.000000,0,CLEAN
TXN_002899,ACC_0222,ACC_0210,19799.34,2025-03-03 21:01:53.000000,0,CLEAN
TXN_001925,ACC_0015,ACC_0392,78541.48,2025-03-03 21:11:28.000000,0,CLEAN
TXN_004854,ACC_0139,ACC_0418,16165.15,2025-03-03 21:28:35.000000,0,CLEAN
TXN_006171,ACC_0400,ACC_0026,13379.24,2025-03-03 21:59:15.000000,0,CLEAN
TXN_005304,ACC_0457,ACC_0136,212304.63,2025-03-03 21:59:25.000000,0,CLEAN
TXN_005559,ACC_0237,ACC_0490,89067.41,2025-03-03 22:12:34.000000,0,CLEAN
TXN_001824,ACC_0268,ACC_0021,36011.95,2025-03-04 00:07:22.000000,0,CLEAN
TXN_004927,ACC_0061,ACC_0065,35237.0,2025-03-04 00:11:53.000000,0,CLEAN
TXN_000749,ACC_0121,ACC_0178,3519.79,2025-03-04 01:03:53.000000,0,CLEAN
TXN_006001,ACC_0175,ACC_0174,5912.12,2025-03-04 01:38:36.000000,0,CLEAN
TXN_004064,ACC_0198,ACC_0217,119108.36,2025-03-04 01:38:39.000000,0,CLEAN
TXN_000828,ACC_0304,ACC_0132,5916.25,2025-03-04 02:08:26.000000,0,CLEAN
TXN_000586,ACC_0468,ACC_0368,170318.45,2025-03-04 03:00:20.000000,0,CLEAN
TXN_001236,ACC_0333,ACC_0098,7476.17,2025-03-04 04:45:56.000000,0,CLEAN
TXN_020015,ACC_0111,ACC_0013,131764.78,2025-03-04 05:11:43.000000,1,THRESHOLD_SPLIT
TXN_005474,ACC_0232,ACC_0194,71002.66,2025-03-04 05:20:38.000000,0,CLEAN
TXN_002553,ACC_0389,ACC_0115,11207.85,2025-03-04 05:28:10.000000,0,CLEAN
TXN_020016,ACC_0111,ACC_0013,131764.78,2025-03-04 05:28:43.000000,1,THRESHOLD_SPLIT
TXN_020405,ACC_0219,ACC_0013,156218.08,2025-03-04 05:34:49.000000,1,THRESHOLD_SPLIT
TXN_020018,ACC_0111,ACC_0013,131764.78,2025-03-04 05:59:43.000000,1,THRESHOLD_SPLIT
TXN_020406,ACC_0219,ACC_0013,156218.08,2025-03-04 06:02:49.000000,1,THRESHOLD_SPLIT
TXN_020017,ACC_0111,ACC_0013,131764.78,2025-03-04 06:23:43.000000,1,THRESHOLD_SPLIT
TXN_000297,ACC_0069,ACC_0154,100936.92,2025-03-04 06:24:28.000000,0,CLEAN
TXN_001849,ACC_0178,ACC_0097,20170.59,2025-03-04 06:44:56.000000,0,CLEAN
TXN_020407,ACC_0219,ACC_0013,156218.08,2025-03-04 07:00:49.000000,1,THRESHOLD_SPLIT
TXN_001227,ACC_0349,ACC_0454,122037.87,2025-03-04 07:40:29.000000,0,CLEAN
TXN_000006,ACC_0493,ACC_0147,14934.2,2025-03-04 08:44:59.000000,0,CLEAN
TXN_006269,ACC_0109,ACC_0094,14131.78,2025-03-04 09:12:48.000000,0,CLEAN
TXN_003465,ACC_0125,ACC_0340,62609.57,2025-03-04 10:56:34.000000,0,CLEAN
TXN_003651,ACC_0237,ACC_0091,197140.19,2025-03-04 11:48:16.000000,0,CLEAN
TXN_001739,ACC_0209,ACC_0329,101669.0,2025-03-04 12:44:27.000000,0,CLEAN
TXN_005839,ACC_0461,ACC_0017,33938.85,2025-03-04 14:21:45.000000,0,CLEAN
TXN_004788,ACC_0081,ACC_0486,14651.03,2025-03-04 14:30:52.000000,0,CLEAN
TXN_001738,ACC_0313,ACC_0144,19721.12,2025-03-04 15:25:30.000000,0,CLEAN
TXN_000728,ACC_0172,ACC_0154,154171.16,2025-03-04 15:26:23.000000,0,CLEAN
TXN_002696,ACC_0085,ACC_0279,105774.85,2025-03-04 15:27:24.000000,0,CLEAN
TXN_001205,ACC_0020,ACC_0079,25288.71,2025-03-04 15:33:53.000000,0,CLEAN
TXN_010040,ACC_0166,ACC_0418,4439208.52,2025-03-04 16:10:10.000000,1,SHELL_LAYERING
TXN_002031,ACC_0393,ACC_0153,9049.17,2025-03-04 16:27:31.000000,0,CLEAN
TXN_004912,ACC_0071,ACC_0053,11541.68,2025-03-04 16:37:55.000000,0,CLEAN
TXN_003517,ACC_0026,ACC_0438,103182.24,2025-03-04 17:17:08.000000,0,CLEAN
TXN_003104,ACC_0329,ACC_0144,117382.72,2025-03-04 18:05:07.000000,0,CLEAN
TXN_003032,ACC_0068,ACC_0447,31096.58,2025-03-04 18:26:07.000000,0,CLEAN
TXN_003832,ACC_0054,ACC_0183,112656.65,2025-03-04 19:00:11.000000,0,CLEAN
TXN_002343,ACC_0394,ACC_0395,6300.16,2025-03-04 19:10:20.000000,0,CLEAN
TXN_001845,ACC_0397,ACC_0220,188288.2,2025-03-04 19:12:26.000000,0,CLEAN
TXN_001352,ACC_0020,ACC_0333,6060.48,2025-03-04 22:16:51.000000,0,CLEAN
TXN_003421,ACC_0211,ACC_0458,50835.6,2025-03-04 22:57:51.000000,0,CLEAN
TXN_000274,ACC_0306,ACC_0402,92292.2,2025-03-04 23:57:17.000000,0,CLEAN
TXN_006052,ACC_0484,ACC_0011,65913.3,2025-03-05 02:42:15.000000,0,CLEAN
TXN_003417,ACC_0314,ACC_0493,82659.04,2025-03-05 03:57:52.000000,0,CLEAN
TXN_001544,ACC_0297,ACC_0051,10576.29,2025-03-05 04:38:33.000000,0,CLEAN
TXN_020560,ACC_0291,ACC_0126,195708.5,2025-03-05 04:50:12.000000,1,THRESHOLD_SPLIT
TXN_020561,ACC_0291,ACC_0126,197385.1,2025-03-05 04:56:12.000000,1,THRESHOLD_SPLIT
TXN_006235,ACC_0404,ACC_0195,78004.72,2025-03-05 05:48:09.000000,0,CLEAN
TXN_005389,ACC_0121,ACC_0104,21457.57,2025-03-05 06:17:13.000000,0,CLEAN
TXN_000304,ACC_0400,ACC_0124,18925.31,2025-03-05 06:44:23.000000,0,CLEAN
TXN_003781,ACC_0392,ACC_0400,3760.0,2025-03-05 07:19:52.000000,0,CLEAN
TXN_002850,ACC_0010,ACC_0276,16662.32,2025-03-05 07:48:52.000000,0,CLEAN
TXN_000629,ACC_0425,ACC_0376,59465.03,2025-03-05 08:26:33.000000,0,CLEAN
TXN_002584,ACC_0330,ACC_0403,27480.48,2025-03-05 08:41:53.000000,0,CLEAN
TXN_002627,ACC_0182,ACC_0047,262354.91,2025-03-05 08:58:40.000000,0,CLEAN
TXN_004037,ACC_0082,ACC_0476,23039.72,2025-03-05 09:36:14.000000,0,CLEAN
TXN_030085,ACC_0190,ACC_0456,15178.95,2025-03-05 09:45:15.000000,1,VELOCITY_BURST
TXN_030089,ACC_0190,ACC_0169,49609.08,2025-03-05 09:46:15.000000,1,VELOCITY_BURST
TXN_030084,ACC_0190,ACC_0281,40023.33,2025-03-05 09:52:15.000000,1,VELOCITY_BURST
TXN_030091,ACC_0190,ACC_0341,41075.32,2025-03-05 09:53:15.000000,1,VELOCITY_BURST
TXN_030086,ACC_0190,ACC_0462,24524.3,2025-03-05 09:53:15.000000,1,VELOCITY_BURST
TXN_030090,ACC_0190,ACC_0324,47844.52,2025-03-05 09:54:15.000000,1,VELOCITY_BURST
TXN_005963,ACC_0020,ACC_0040,89201.67,2025-03-05 10:00:45.000000,0,CLEAN
TXN_030087,ACC_0190,ACC_0417,19766.91,2025-03-05 10:01:15.000000,1,VELOCITY_BURST
TXN_030083,ACC_0190,ACC_0286,17553.41,2025-03-05 10:04:15.000000,1,VELOCITY_BURST
TXN_030082,ACC_0190,ACC_0296,31540.08,2025-03-05 10:06:15.000000,1,VELOCITY_BURST
TXN_030080,ACC_0190,ACC_0490,28701.91,2025-03-05 10:06:15.000000,1,VELOCITY_BURST
TXN_030081,ACC_0190,ACC_0132,35688.08,2025-03-05 10:07:15.000000,1,VELOCITY_BURST
TXN_030088,ACC_0190,ACC_0380,18525.6,2025-03-05 10:08:15.000000,1,VELOCITY_BURST
TXN_000544,ACC_0079,ACC_0275,28030.8,2025-03-05 10:46:00.000000,0,CLEAN
TXN_002806,ACC_0309,ACC_0348,80660.91,2025-03-05 11:43:29.000000,0,CLEAN
TXN_006282,ACC_0447,ACC_0408,39608.38,2025-03-05 12:15:24.000000,0,CLEAN
TXN_003791,ACC_0469,ACC_0069,19044.55,2025-03-05 12:26:41.000000,0,CLEAN
TXN_005890,ACC_0204,ACC_0396,1972.81,2025-03-05 12:27:05.000000,0,CLEAN
TXN_003639,ACC_0404,ACC_0076,36546.65,2025-03-05 15:06:08.000000,0,CLEAN
TXN_000035,ACC_0218,ACC_0264,38991.46,2025-03-05 16:14:56.000000,0,CLEAN
TXN_010041,ACC_0418,ACC_0378,4581114.15,2025-03-05 16:57:25.381976,1,SHELL_LAYERING
TXN_002768,ACC_0020,ACC_0043,51388.46,2025-03-05 17:07:43.000000,0,CLEAN
TXN_000068,ACC_0076,ACC_0085,2194.73,2025-03-05 17:08:20.000000,0,CLEAN
TXN_001302,ACC_0248,ACC_0230,12548.92,2025-03-05 18:12:13.000000,0,CLEAN
TXN_005750,ACC_0300,ACC_0158,15451.35,2025-03-05 18:41:42.000000,0,CLEAN
TXN_003467,ACC_0491,ACC_0306,2133.51,2025-03-05 18:43:18.000000,0,CLEAN
TXN_006407,ACC_0337,ACC_0154,21226.68,2025-03-05 19:30:25.000000,0,CLEAN
TXN_005422,ACC_0466,ACC_0124,95433.57,2025-03-05 19:46:50.000000,0,CLEAN
TXN_005998,ACC_0325,ACC_0304,32870.36,2025-03-05 20:05:43.000000,0,CLEAN
TXN_010043,ACC_0129,ACC_0166,4701244.28,2025-03-05 20:15:16.153160,1,SHELL_LAYERING
TXN_004872,ACC_0005,ACC_0368,7014.04,2025-03-05 20:38:32.000000,0,CLEAN
TXN_006547,ACC_0012,ACC_0323,31592.92,2025-03-05 21:04:30.000000,0,CLEAN
TXN_010042,ACC_0378,ACC_0129,4740928.92,2025-03-05 22:00:45.329855,1,SHELL_LAYERING
TXN_002037,ACC_0440,ACC_0140,144016.29,2025-03-05 22:13:22.000000,0,CLEAN
TXN_003683,ACC_0100,ACC_0346,15102.85,2025-03-05 22:22:32.000000,0,CLEAN
TXN_001910,ACC_0465,ACC_0309,124016.07,2025-03-05 22:34:41.000000,0,CLEAN
TXN_004922,ACC_0038,ACC_0136,145650.13,2025-03-05 22:47:03.000000,0,CLEAN
TXN_003097,ACC_0336,ACC_0002,164505.62,2025-03-05 23:14:26.000000,0,CLEAN
TXN_005249,ACC_0418,ACC_0375,8395.07,2025-03-06 00:05:24.000000,0,CLEAN
TXN_000041,ACC_0136,ACC_0489,6670.43,2025-03-06 00:09:54.000000,0,CLEAN
TXN_002364,ACC_0077,ACC_0359,67031.03,2025-03-06 01:07:23.000000,0,CLEAN
TXN_006100,ACC_0135,ACC_0049,5248.93,2025-03-06 02:01:52.000000,0,CLEAN
TXN_005710,ACC_0392,ACC_0196,158859.99,2025-03-06 02:39:28.000000,0,CLEAN
TXN_002161,ACC_0469,ACC_0340,9484.32,2025-03-06 03:26:23.000000,0,CLEAN
TXN_002070,ACC_0089,ACC_0100,38459.35,2025-03-06 04:18:38.000000,0,CLEAN
TXN_001203,ACC_0130,ACC_0002,191865.48,2025-03-06 04:32:03.000000,0,CLEAN
TXN_001297,ACC_0249,ACC_0488,11003.42,2025-03-06 05:52:37.000000,0,CLEAN
TXN_020005,ACC_0340,ACC_0476,196047.95,2025-03-06 06:06:31.000000,1,THRESHOLD_SPLIT
TXN_020006,ACC_0340,ACC_0476,196898.43,2025-03-06 06:14:31.000000,1,THRESHOLD_SPLIT
TXN_000359,ACC_0282,ACC_0081,93844.81,2025-03-06 06:31:24.000000,0,CLEAN
TXN_020007,ACC_0340,ACC_0476,196449.68,2025-03-06 06:40:31.000000,1,THRESHOLD_SPLIT
TXN_006072,ACC_0309,ACC_0429,903933.05,2025-03-06 07:46:47.000000,0,CLEAN
TXN_003874,ACC_0433,ACC_0375,161404.85,2025-03-06 07:49:52.000000,0,CLEAN
TXN_002614,ACC_0279,ACC_0259,65086.22,2025-03-06 07:52:46.000000,0,CLEAN
TXN_004604,ACC_0345,ACC_0049,66194.57,2025-03-06 08:03:16.000000,0,CLEAN
TXN_002262,ACC_0293,ACC_0376,139111.79,2025-03-06 08:58:01.000000,0,CLEAN
TXN_000665,ACC_0424,ACC_0414,1410745.17,2025-03-06 09:08:04.000000,0,CLEAN
TXN_000243,ACC_0459,ACC_0276,37764.95,2025-03-06 09:58:23.000000,0,CLEAN
TXN_000716,ACC_0244,ACC_0000,13223.68,2025-03-06 09:59:32.000000,0,CLEAN
TXN_004473,ACC_0083,ACC_0158,1589.47,2025-03-06 10:05:47.000000,0,CLEAN
TXN_010240,ACC_0259,ACC_0366,3510354.94,2025-03-06 10:15:14.000000,1,SHELL_LAYERING
TXN_003848,ACC_0355,ACC_0068,8860.88,2025-03-06 11:26:56.000000,0,CLEAN
TXN_005001,ACC_0085,ACC_0096,80806.36,2025-03-06 11:57:21.000000,0,CLEAN
TXN_000964,ACC_0041,ACC_0250,15202.49,2025-03-06 14:09:56.000000,0,CLEAN
TXN_005776,ACC_0377,ACC_0008,142247.49,2025-03-06 14:19:52.000000,0,CLEAN
TXN_002974,ACC_0474,ACC_0430,12387.9,2025-03-06 14:35:52.000000,0,CLEAN
TXN_004045,ACC_0407,ACC_0354,87244.63,2025-03-06 14:57:56.000000,0,CLEAN
TXN_003038,ACC_0030,ACC_0026,33740.56,2025-03-06 15:15:06.000000,0,CLEAN
TXN_004084,ACC_0030,ACC_0415,27381.09,2025-03-06 16:33:58.000000,0,CLEAN
TXN_005586,ACC_0399,ACC_0360,22797.67,2025-03-06 17:14:06.000000,0,CLEAN
TXN_002117,ACC_0446,ACC_0044,41068.36,2025-03-06 17:14:34.000000,0,CLEAN
TXN_002375,ACC_0478,ACC_0183,9278.68,2025-03-06 17:56:30.000000,0,CLEAN
TXN_005112,ACC_0332,ACC_0054,172458.02,2025-03-06 18:08:43.000000,0,CLEAN
TXN_003540,ACC_0027,ACC_0421,49371.98,2025-03-06 18:38:05.000000,0,CLEAN
TXN_006284,ACC_0144,ACC_0295,101384.52,2025-03-06 19:23:58.000000,0,CLEAN
TXN_003682,ACC_0279,ACC_0102,10203.24,2025-03-06 19:25:27.000000,0,CLEAN
TXN_005004,ACC_0242,ACC_0219,17581.0,2025-03-06 20:48:18.000000,0,CLEAN
TXN_006042,ACC_0272,ACC_0425,2626.84,2025-03-06 20:48:30.000000,0,CLEAN
TXN_003536,ACC_0408,ACC_0320,78859.24,2025-03-06 21:57:45.000000,0,CLEAN
TXN_005246,ACC_0133,ACC_0102,20418.32,2025-03-06 23:04:30.000000,0,CLEAN
TXN_003259,ACC_0331,ACC_0186,35121.95,2025-03-06 23:23:02.000000,0,CLEAN
TXN_003526,ACC_0200,ACC_0099,11251.6,2025-03-06 23:50:31.000000,0,CLEAN
TXN_000294,ACC_0168,ACC_0226,7175.41,2025-03-06 23:59:01.000000,0,CLEAN
TXN_004496,ACC_0219,ACC_0272,105568.56,2025-03-07 00:29:11.000000,0,CLEAN
TXN_005395,ACC_0403,ACC_0184,164406.14,2025-03-07 01:08:48.000000,0,CLEAN
TXN_005929,ACC_0242,ACC_0365,18036.25,2025-03-07 01:30:32.000000,0,CLEAN
TXN_002426,ACC_0303,ACC_0088,30505.32,2025-03-07 03:33:38.000000,0,CLEAN
TXN_003595,ACC_0296,ACC_0289,7723.84,2025-03-07 04:17:28.000000,0,CLEAN
TXN_000753,ACC_0373,ACC_0454,63645.56,2025-03-07 04:42:21.000000,0,CLEAN
TXN_001833,ACC_0075,ACC_0067,21257.31,2025-03-07 06:39:26.000000,0,CLEAN
TXN_010244,ACC_0267,ACC_0259,3606413.25,2025-03-07 08:16:34.281372,1,SHELL_LAYERING
TXN_010243,ACC_0395,ACC_0267,3739857.26,2025-03-07 08:47:01.423905,1,SHELL_LAYERING
TXN_005459,ACC_0422,ACC_0460,790742.8,2025-03-07 08:51:30.000000,0,CLEAN
TXN_005843,ACC_0243,ACC_0171,28349.91,2025-03-07 09:00:16.000000,0,CLEAN
TXN_002873,ACC_0048,ACC_0304,546229.76,2025-03-07 09:46:44.000000,0,CLEAN
TXN_020430,ACC_0326,ACC_0376,154906.94,2025-03-07 10:53:04.000000,1,THRESHOLD_SPLIT
TXN_003819,ACC_0014,ACC_0007,21920.36,2025-03-07 11:04:38.000000,0,CLEAN
TXN_020431,ACC_0326,ACC_0376,154906.94,2025-03-07 11:32:04.000000,1,THRESHOLD_SPLIT
TXN_004558,ACC_0210,ACC_0370,29502.54,2025-03-07 12:06:15.000000,0,CLEAN
TXN_006430,ACC_0263,ACC_0474,11231.4,2025-03-07 12:09:59.000000,0,CLEAN
TXN_020432,ACC_0326,ACC_0376,154906.94,2025-03-07 12:23:04.000000,1,THRESHOLD_SPLIT
TXN_002318,ACC_0099,ACC_0267,65558.36,2025-03-07 12:25:43.000000,0,CLEAN
TXN_004094,ACC_0280,ACC_0200,35876.23,2025-03-07 12:26:42.000000,0,CLEAN
TXN_005944,ACC_0129,ACC_0218,117738.3,2025-03-07 12:41:08.000000,0,CLEAN
TXN_001776,ACC_0205,ACC_0259,100615.33,2025-03-07 12:55:26.000000,0,CLEAN
TXN_020433,ACC_0326,ACC_0376,154906.94,2025-03-07 13:08:04.000000,1,THRESHOLD_SPLIT
TXN_000180,ACC_0483,ACC_0350,107206.06,2025-03-07 13:09:48.000000,0,CLEAN
TXN_003235,ACC_0413,ACC_0032,30239.8,2025-03-07 13:57:28.000000,0,CLEAN
TXN_001451,ACC_0205,ACC_0403,241079.55,2025-03-07 17:14:04.000000,0,CLEAN
TXN_004120,ACC_0263,ACC_0333,18389.69,2025-03-07 17:27:29.000000,0,CLEAN
TXN_002136,ACC_0313,ACC_0457,48337.04,2025-03-07 18:38:15.000000,0,CLEAN
TXN_003322,ACC_0002,ACC_0233,33950.55,2025-03-07 19:45:45.000000,0,CLEAN
TXN_003050,ACC_0252,ACC_0477,16363.66,2025-03-07 20:40:41.000000,0,CLEAN
TXN_005169,ACC_0368,ACC_0288,268559.73,2025-03-07 21:12:39.000000,0,CLEAN
TXN_001497,ACC_0124,ACC_0388,9673.91,2025-03-07 22:56:01.000000,0,CLEAN
TXN_006097,ACC_0211,ACC_0337,14592.52,2025-03-07 23:44:38.000000,0,CLEAN
TXN_005575,ACC_0372,ACC_0112,11427.43,2025-03-07 23:46:35.000000,0,CLEAN
TXN_005899,ACC_0188,ACC_0185,4227.18,2025-03-07 23:49:12.000000,0,CLEAN
TXN_002379,ACC_0436,ACC_0492,27419.41,2025-03-08 00:48:26.000000,0,CLEAN
TXN_002105,ACC_0078,ACC_0098,27534.97,2025-03-08 01:03:17.000000,0,CLEAN
TXN_002705,ACC_0248,ACC_0210,13154.34,2025-03-08 01:58:26.000000,0,CLEAN
TXN_010242,ACC_0155,ACC_0395,3623099.74,2025-03-08 02:33:57.104908,1,SHELL_LAYERING
TXN_003309,ACC_0159,ACC_0267,122540.64,2025-03-08 03:49:06.000000,0,CLEAN
TXN_002177,ACC_0196,ACC_0033,3473.08,2025-03-08 03:50:35.000000,0,CLEAN
TXN_000718,ACC_0412,ACC_0066,10373.19,2025-03-08 04:03:08.000000,0,CLEAN
TXN_001102,ACC_0343,ACC_0233,13781.11,2025-03-08 04:29:44.000000,0,CLEAN
TXN_006190,ACC_0272,ACC_0127,73844.6,2025-03-08 05:50:17.000000,0,CLEAN
TXN_002841,ACC_0456,ACC_0320,25234.77,2025-03-08 06:22:14.000000,0,CLEAN
TXN_006499,ACC_0466,ACC_0368,66048.57,2025-03-08 06:55:58.000000,0,CLEAN
TXN_005793,ACC_0179,ACC_0060,69867.34,2025-03-08 07:17:02.000000,0,CLEAN
TXN_005439,ACC_0407,ACC_0146,1032246.82,2025-03-08 07:50:23.000000,0,CLEAN
TXN_010241,ACC_0366,ACC_0155,3693597.68,2025-03-08 07:51:29.857445,1,SHELL_LAYERING
TXN_001902,ACC_0115,ACC_0077,15994.18,2025-03-08 08:50:20.000000,0,CLEAN
TXN_004693,ACC_0461,ACC_0219,14959.07,2025-03-08 09:55:29.000000,0,CLEAN
TXN_002721,ACC_0267,ACC_0391,113124.33,2025-03-08 10:02:45.000000,0,CLEAN
TXN_005827,ACC_0147,ACC_0106,91908.56,2025-03-08 10:40:47.000000,0,CLEAN
TXN_006104,ACC_0387,ACC_0133,33207.08,2025-03-08 11:53:58.000000,0,CLEAN
TXN_003462,ACC_0452,ACC_0349,39103.31,2025-03-08 12:47:45.000000,0,CLEAN
TXN_006249,ACC_0028,ACC_0328,27742.7,2025-03-08 13:03:36.000000,0,CLEAN
TXN_003582,ACC_0158,ACC_0309,450454.35,2025-03-08 14:01:52.000000,0,CLEAN
TXN_003994,ACC_0349,ACC_0456,131275.54,2025-03-08 14:51:24.000000,0,CLEAN
TXN_000932,ACC_0417,ACC_0097,132020.2,2025-03-08 15:16:27.000000,0,CLEAN
TXN_004048,ACC_0033,ACC_0330,67226.66,2025-03-08 15:32:53.000000,0,CLEAN
TXN_000466,ACC_0248,ACC_0404,13166.24,2025-03-08 17:56:33.000000,0,CLEAN
TXN_003588,ACC_0027,ACC_0217,200653.2,2025-03-08 18:17:57.000000,0,CLEAN
TXN_002606,ACC_0340,ACC_0162,5220.18,2025-03-08 18:26:35.000000,0,CLEAN
TXN_001284,ACC_0462,ACC_0371,41095.74,2025-03-08 18:27:53.000000,0,CLEAN
TXN_006552,ACC_0419,ACC_0349,175443.72,2025-03-08 19:23:16.000000,0,CLEAN
TXN_003292,ACC_0160,ACC_0466,53412.41,2025-03-08 19:53:22.000000,0,CLEAN
TXN_002207,ACC_0367,ACC_0469,37641.2,2025-03-08 20:23:21.000000,0,CLEAN
TXN_000982,ACC_0355,ACC_0450,484293.19,2025-03-08 20:47:10.000000,0,CLEAN
TXN_000130,ACC_0024,ACC_0498,2867.81,2025-03-08 21:05:21.000000,0,CLEAN
TXN_004257,ACC_0273,ACC_0384,248055.89,2025-03-09 00:05:56.000000,0,CLEAN
TXN_002293,ACC_0375,ACC_0432,9044.87,2025-03-09 00:10:09.000000,0,CLEAN
TXN_030220,ACC_0482,ACC_0282,7972.49,2025-03-09 00:13:56.000000,1,VELOCITY_BURST
TXN_030226,ACC_0482,ACC_0107,19561.08,2025-03-09 00:16:56.000000,1,VELOCITY_BURST
TXN_030222,ACC_0482,ACC_0300,16348.19,2025-03-09 00:17:56.000000,1,VELOCITY_BURST
TXN_030231,ACC_0482,ACC_0186,44066.02,2025-03-09 00:17:56.000000,1,VELOCITY_BURST
TXN_030233,ACC_0482,ACC_0200,12388.06,2025-03-09 00:20:56.000000,1,VELOCITY_BURST
TXN_030224,ACC_0482,ACC_0479,34624.83,2025-03-09 00:24:56.000000,1,VELOCITY_BURST
TXN_030228,ACC_0482,ACC_0242,48501.37,2025-03-09 00:25:56.000000,1,VELOCITY_BURST
TXN_030223,ACC_0482,ACC_0154,41563.35,2025-03-09 00:26:56.000000,1,VELOCITY_BURST
TXN_030234,ACC_0482,ACC_0098,23711.05,2025-03-09 00:27:56.000000,1,VELOCITY_BURST
TXN_030230,ACC_0482,ACC_0017,46197.2,2025-03-09 00:30:56.000000,1,VELOCITY_BURST
TXN_030227,ACC_0482,ACC_0458,41710.15,2025-03-09 00:35:56.000000,1,VELOCITY_BURST
TXN_030221,ACC_0482,ACC_0373,42850.46,2025-03-09 00:37:56.000000,1,VELOCITY_BURST
TXN_030232,ACC_0482,ACC_0080,5334.74,2025-03-09 00:37:56.000000,1,VELOCITY_BURST
TXN_030225,ACC_0482,ACC_0363,40267.62,2025-03-09 00:39:56.000000,1,VELOCITY_BURST
TXN_030229,ACC_0482,ACC_0335,34628.22,2025-03-09 00:42:56.000000,1,VELOCITY_BURST
TXN_005957,ACC_0457,ACC_0140,161774.8,2025-03-09 01:37:00.000000,0,CLEAN
TXN_004902,ACC_0162,ACC_0386,80946.79,2025-03-09 03:39:31.000000,0,CLEAN
TXN_000247,ACC_0381,ACC_0499,11695.1,2025-03-09 03:49:19.000000,0,CLEAN
TXN_005871,ACC_0072,ACC_0411,27397.61,2025-03-09 04:57:15.000000,0,CLEAN
TXN_005306,ACC_0053,ACC_0027,1145.6,2025-03-09 07:26:17.000000,0,CLEAN
TXN_000558,ACC_0254,ACC_0488,82075.94,2025-03-09 07:45:46.000000,0,CLEAN
TXN_004825,ACC_0499,ACC_0175,35818.74,2025-03-09 08:07:45.000000,0,CLEAN
TXN_005894,ACC_0273,ACC_0036,9374.86,2025-03-09 08:31:05.000000,0,CLEAN
TXN_001629,ACC_0158,ACC_0466,106646.89,2025-03-09 09:55:17.000000,0,CLEAN
TXN_001537,ACC_0016,ACC_0258,16925.13,2025-03-09 10:29:01.000000,0,CLEAN
TXN_002876,ACC_0218,ACC_0107,23867.77,2025-03-09 10:36:43.000000,0,CLEAN
TXN_004384,ACC_0464,ACC_0286,93777.6,2025-03-09 10:43:10.000000,0,CLEAN
TXN_005489,ACC_0160,ACC_0050,20110.96,2025-03-09 10:44:52.000000,0,CLEAN
TXN_004419,ACC_0000,ACC_0333,252487.73,2025-03-09 11:17:23.000000,0,CLEAN
TXN_005560,ACC_0338,ACC_0058,39104.48,2025-03-09 11:50:00.000000,0,CLEAN
TXN_004992,ACC_0402,ACC_0104,20575.58,2025-03-09 12:05:15.000000,0,CLEAN
TXN_000094,ACC_0334,ACC_0441,172182.44,2025-03-09 12:43:30.000000,0,CLEAN
TXN_020525,ACC_0493,ACC_0236,198780.07,2025-03-09 14:52:10.000000,1,THRESHOLD_SPLIT
TXN_020526,ACC_0493,ACC_0236,195433.17,2025-03-09 15:13:10.000000,1,THRESHOLD_SPLIT
TXN_004018,ACC_0406,ACC_0041,61237.35,2025-03-09 15:21:14.000000,0,CLEAN
TXN_004839,ACC_0488,ACC_0047,115405.04,2025-03-09 16:22:35.000000,0,CLEAN
TXN_002167,ACC_0144,ACC_0394,5717.09,2025-03-09 16:39:56.000000,0,CLEAN
TXN_003369,ACC_0062,ACC_0281,161809.88,2025-03-09 16:49:18.000000,0,CLEAN
TXN_005545,ACC_0120,ACC_0327,19444.94,2025-03-09 17:04:38.000000,0,CLEAN
TXN_005043,ACC_0466,ACC_0347,26999.38,2025-03-09 17:44:08.000000,0,CLEAN
TXN_004213,ACC_0048,ACC_0271,62035.32,2025-03-09 17:59:34.000000,0,CLEAN
TXN_004695,ACC_0084,ACC_0102,19091.88,2025-03-09 19:44:43.000000,0,CLEAN
TXN_003077,ACC_0075,ACC_0063,13940.81,2025-03-09 21:16:26.000000,0,CLEAN
TXN_002059,ACC_0023,ACC_0171,145278.11,2025-03-09 21:29:14.000000,0,CLEAN
TXN_005290,ACC_0022,ACC_0161,3170.62,2025-03-09 21:34:06.000000,0,CLEAN
TXN_004285,ACC_0054,ACC_0002,22961.73,2025-03-09 21:49:16.000000,0,CLEAN
TXN_010600,ACC_0292,ACC_0376,4491183.62,2025-03-09 23:39:52.000000,1,SHELL_LAYERING
TXN_005263,ACC_0115,ACC_0333,4415.05,2025-03-10 00:19:08.000000,0,CLEAN
TXN_003327,ACC_0304,ACC_0119,75458.68,2025-03-10 00:41:21.000000,0,CLEAN
TXN_005694,ACC_0080,ACC_0034,620.84,2025-03-10 01:13:42.000000,0,CLEAN
TXN_004755,ACC_0486,ACC_0063,6629.3,2025-03-10 01:58:41.000000,0,CLEAN
TXN_005019,ACC_0251,ACC_0377,3811.18,2025-03-10 02:45:29.000000,0,CLEAN
TXN_004350,ACC_0143,ACC_0483,708.23,2025-03-10 03:53:34.000000,0,CLEAN
TXN_001577,ACC_0210,ACC_0062,220979.82,2025-03-10 04:12:00.000000,0,CLEAN
TXN_002642,ACC_0145,ACC_0177,31299.54,2025-03-10 05:25:59.000000,0,CLEAN
TXN_002324,ACC_0350,ACC_0228,33570.18,2025-03-10 06:11:06.000000,0,CLEAN
TXN_004730,ACC_0211,ACC_0210,546567.32,2025-03-10 07:10:33.000000,0,CLEAN
TXN_005278,ACC_0462,ACC_0188,37940.93,2025-03-10 07:27:21.000000,0,CLEAN
TXN_001895,ACC_0177,ACC_0351,4127.93,2025-03-10 08:02:01.000000,0,CLEAN
TXN_006028,ACC_0281,ACC_0209,37399.01,2025-03-10 08:33:13.000000,0,CLEAN
TXN_005221,ACC_0242,ACC_0257,480812.49,2025-03-10 08:55:59.000000,0,CLEAN
TXN_005008,ACC_0004,ACC_0305,25831.27,2025-03-10 09:06:29.000000,0,CLEAN
TXN_001159,ACC_0059,ACC_0390,200750.44,2025-03-10 09:32:49.000000,0,CLEAN
TXN_005063,ACC_0002,ACC_0221,111354.19,2025-03-10 09:37:46.000000,0,CLEAN
TXN_001778,ACC_0307,ACC_0226,98663.34,2025-03-10 09:56:57.000000,0,CLEAN
TXN_004515,ACC_0392,ACC_0197,16854.19,2025-03-10 11:16:33.000000,0,CLEAN
TXN_003480,ACC_0344,ACC_0063,280364.07,2025-03-10 13:04:28.000000,0,CLEAN
TXN_004938,ACC_0364,ACC_0042,60641.69,2025-03-10 13:08:39.000000,0,CLEAN
TXN_001505,ACC_0161,ACC_0212,50008.11,2025-03-10 13:32:52.000000,0,CLEAN
TXN_004638,ACC_0295,ACC_0186,12854.82,2025-03-10 14:48:59.000000,0,CLEAN
TXN_001512,ACC_0243,ACC_0160,11456.2,2025-03-10 15:36:22.000000,0,CLEAN
TXN_004284,ACC_0168,ACC_0152,2264414.12,2025-03-10 17:15:35.000000,0,CLEAN
TXN_000272,ACC_0013,ACC_0046,93771.06,2025-03-10 17:21:36.000000,0,CLEAN
TXN_006452,ACC_0375,ACC_0382,4034.1,2025-03-10 17:27:49.000000,0,CLEAN
TXN_000671,ACC_0218,ACC_0088,55369.66,2025-03-10 17:29:42.000000,0,CLEAN
TXN_010601,ACC_0376,ACC_0285,4302646.05,2025-03-10 18:31:33.810928,1,SHELL_LAYERING
TXN_005094,ACC_0183,ACC_0240,196299.89,2025-03-10 18:39:46.000000,0,CLEAN
TXN_005074,ACC_0242,ACC_0478,8350.79,2025-03-10 20:42:21.000000,0,CLEAN
TXN_003712,ACC_0337,ACC_0428,120182.38,2025-03-10 20:50:48.000000,0,CLEAN
TXN_005159,ACC_0464,ACC_0465,13262.98,2025-03-10 21:08:49.000000,0,CLEAN
TXN_002760,ACC_0092,ACC_0428,25408.38,2025-03-10 21:35:31.000000,0,CLEAN
TXN_003239,ACC_0174,ACC_0402,4807.48,2025-03-10 23:32:34.000000,0,CLEAN
TXN_006326,ACC_0111,ACC_0396,3853.31,2025-03-11 00:01:35.000000,0,CLEAN
TXN_004117,ACC_0028,ACC_0050,514.78,2025-03-11 01:08:27.000000,0,CLEAN
TXN_002145,ACC_0228,ACC_0316,11190.91,2025-03-11 01:19:45.000000,0,CLEAN
TXN_004282,ACC_0249,ACC_0029,2875.53,2025-03-11 01:53:15.000000,0,CLEAN
TXN_000255,ACC_0251,ACC_0116,1883369.65,2025-03-11 02:12:01.000000,0,CLEAN
TXN_004602,ACC_0200,ACC_0372,52706.17,2025-03-11 02:19:19.000000,0,CLEAN
TXN_002690,ACC_0466,ACC_0490,19642.88,2025-03-11 03:00:25.000000,0,CLEAN
TXN_006141,ACC_0332,ACC_0100,537668.67,2025-03-11 05:25:02.000000,0,CLEAN
TXN_003073,ACC_0020,ACC_0227,48585.38,2025-03-11 05:30:14.000000,0,CLEAN
TXN_006519,ACC_0428,ACC_0128,39450.38,2025-03-11 06:09:43.000000,0,CLEAN
TXN_002687,ACC_0354,ACC_0069,138766.3,2025-03-11 09:32:13.000000,0,CLEAN
TXN_001044,ACC_0087,ACC_0169,14715.87,2025-03-11 10:11:54.000000,0,CLEAN
TXN_005234,ACC_0199,ACC_0361,15350.08,2025-03-11 11:57:32.000000,0,CLEAN
TXN_003482,ACC_0423,ACC_0307,4106514.21,2025-03-11 12:14:28.000000,0,CLEAN
TXN_005845,ACC_0095,ACC_0468,40680.75,2025-03-11 12:25:19.000000,0,CLEAN
TXN_003804,ACC_0078,ACC_0226,5109.95,2025-03-11 12:48:22.000000,0,CLEAN
TXN_000458,ACC_0340,ACC_0358,85361.54,2025-03-11 13:26:20.000000,0,CLEAN
TXN_000636,ACC_0061,ACC_0275,216253.31,2025-03-11 13:44:25.000000,0,CLEAN
TXN_006341,ACC_0379,ACC_0309,15559.23,2025-03-11 14:13:12.000000,0,CLEAN
TXN_000936,ACC_0481,ACC_0343,25008.31,2025-03-11 14:43:03.000000,0,CLEAN
TXN_006551,ACC_0456,ACC_0129,66071.2,2025-03-11 15:08:43.000000,0,CLEAN
TXN_002487,ACC_0099,ACC_0324,41775.22,2025-03-11 15:09:04.000000,0,CLEAN
TXN_001060,ACC_0194,ACC_0399,35170.01,2025-03-11 15:11:31.000000,0,CLEAN
TXN_003675,ACC_0330,ACC_0038,75906.57,2025-03-11 17:29:39.000000,0,CLEAN
TXN_004301,ACC_0222,ACC_0002,33319.8,2025-03-11 18:09:52.000000,0,CLEAN
TXN_000164,ACC_0273,ACC_0333,12465.64,2025-03-11 18:16:15.000000,0,CLEAN
TXN_000325,ACC_0018,ACC_0405,321282.71,2025-03-11 19:31:43.000000,0,CLEAN
TXN_003898,ACC_0486,ACC_0498,183520.95,2025-03-11 19:46:23.000000,0,CLEAN
TXN_000165,ACC_0157,ACC_0133,42601.53,2025-03-11 20:03:55.000000,0,CLEAN
TXN_006344,ACC_0409,ACC_0259,1413857.84,2025-03-11 21:03:43.000000,0,CLEAN
TXN_010680,ACC_0166,ACC_0418,2397428.99,2025-03-11 22:21:05.000000,1,SHELL_LAYERING
TXN_002029,ACC_0383,ACC_0296,6658.62,2025-03-11 22:36:02.000000,0,CLEAN
TXN_001881,ACC_0467,ACC_0337,8641.0,2025-03-11 22:44:34.000000,0,CLEAN
TXN_003220,ACC_0334,ACC_0377,161679.66,2025-03-11 22:54:45.000000,0,CLEAN
TXN_004492,ACC_0170,ACC_0060,30570.68,2025-03-12 00:01:17.000000,0,CLEAN
TXN_003057,ACC_0143,ACC_0383,43678.76,2025-03-12 00:28:53.000000,0,CLEAN
TXN_010602,ACC_0285,ACC_0292,4716525.62,2025-03-12 01:11:25.211537,1,SHELL_LAYERING
TXN_001218,ACC_0169,ACC_0170,105258.84,2025-03-12 01:26:23.000000,0,CLEAN
TXN_004534,ACC_0466,ACC_0178,106255.45,2025-03-12 01:43:21.000000,0,CLEAN
TXN_005748,ACC_0100,ACC_0227,2860.11,2025-03-12 02:20:30.000000,0,CLEAN
TXN_002638,ACC_0465,ACC_0341,73880.77,2025-03-12 02:41:03.000000,0,CLEAN
TXN_001349,ACC_0464,ACC_0405,68926.19,2025-03-12 03:33:12.000000,0,CLEAN
TXN_004812,ACC_0253,ACC_0433,10854.74,2025-03-12 04:14:00.000000,0,CLEAN
TXN_003935,ACC_0471,ACC_0416,103135.17,2025-03-12 04:18:45.000000,0,CLEAN
TXN_003254,ACC_0105,ACC_0467,12856.75,2025-03-12 05:21:26.000000,0,CLEAN
TXN_002677,ACC_0306,ACC_0382,17118.19,2025-03-12 05:55:17.000000,0,CLEAN
TXN_000063,ACC_0270,ACC_0361,22269.31,2025-03-12 06:02:22.000000,0,CLEAN
TXN_002453,ACC_0048,ACC_0317,355581.35,2025-03-12 06:34:56.000000,0,CLEAN
TXN_004111,ACC_0333,ACC_0004,1754.8,2025-03-12 08:05:40.000000,0,CLEAN
TXN_001433,ACC_0161,ACC_0210,30979.39,2025-03-12 08:17:58.000000,0,CLEAN
TXN_005430,ACC_0039,ACC_0469,8518.09,2025-03-12 08:25:34.000000,0,CLEAN
TXN_004531,ACC_0435,ACC_0008,238352.88,2025-03-12 08:53:56.000000,0,CLEAN
TXN_002700,ACC_0357,ACC_0352,47942.77,2025-03-12 09:28:41.000000,0,CLEAN
TXN_006456,ACC_0409,ACC_0272,41847.67,2025-03-12 10:06:00.000000,0,CLEAN
TXN_004585,ACC_0053,ACC_0039,1187083.43,2025-03-12 10:18:43.000000,0,CLEAN
TXN_002957,ACC_0490,ACC_0358,20651.62,2025-03-12 11:01:38.000000,0,CLEAN
TXN_003494,ACC_0252,ACC_0496,1639.88,2025-03-12 11:41:55.000000,0,CLEAN
TXN_001598,ACC_0441,ACC_0481,3531.09,2025-03-12 12:28:14.000000,0,CLEAN
TXN_006031,ACC_0163,ACC_0395,72407.38,2025-03-12 12:31:00.000000,0,CLEAN
TXN_002863,ACC_0314,ACC_0153,4754.41,2025-03-12 13:15:38.000000,0,CLEAN
TXN_002159,ACC_0132,ACC_0468,83272.77,2025-03-12 13:47:48.000000,0,CLEAN
TXN_004645,ACC_0249,ACC_0020,43705.08,2025-03-12 13:54:10.000000,0,CLEAN
TXN_004349,ACC_0056,ACC_0138,74536.29,2025-03-12 14:23:15.000000,0,CLEAN
TXN_004954,ACC_0112,ACC_0470,157009.42,2025-03-12 14:42:10.000000,0,CLEAN
TXN_020105,ACC_0423,ACC_0129,195745.91,2025-03-12 15:20:56.000000,1,THRESHOLD_SPLIT
TXN_004725,ACC_0189,ACC_0417,7259.08,2025-03-12 15:24:18.000000,0,CLEAN
TXN_020106,ACC_0423,ACC_0129,197578.64,2025-03-12 15:39:56.000000,1,THRESHOLD_SPLIT
TXN_020107,ACC_0423,ACC_0129,196797.96,2025-03-12 16:10:56.000000,1,THRESHOLD_SPLIT
TXN_002463,ACC_0027,ACC_0331,7444.0,2025-03-12 17:15:45.000000,0,CLEAN
TXN_002895,ACC_0267,ACC_0102,4541.52,2025-03-12 17:38:34.000000,0,CLEAN
TXN_005021,ACC_0249,ACC_0129,13462.83,2025-03-12 17:42:40.000000,0,CLEAN
TXN_001305,ACC_0289,ACC_0291,3373.8,2025-03-12 18:39:45.000000,0,CLEAN
TXN_004295,ACC_0191,ACC_0153,5453.38,2025-03-12 18:40:23.000000,0,CLEAN
TXN_005930,ACC_0432,ACC_0273,14143.28,2025-03-12 20:22:45.000000,0,CLEAN
TXN_000306,ACC_0402,ACC_0201,50675.64,2025-03-12 21:05:44.000000,0,CLEAN
TXN_004550,ACC_0015,ACC_0076,108401.31,2025-03-12 22:09:41.000000,0,CLEAN
TXN_001848,ACC_0211,ACC_0217,102766.88,2025-03-12 22:16:14.000000,0,CLEAN
TXN_001437,ACC_0216,ACC_0290,73243.13,2025-03-13 00:01:29.000000,0,CLEAN
TXN_010682,ACC_0378,ACC_0129,2439306.34,2025-03-13 00:31:45.186882,1,SHELL_LAYERING
TXN_000372,ACC_0274,ACC_0095,4587.18,2025-03-13 00:43:08.000000,0,CLEAN
TXN_005780,ACC_0300,ACC_0370,43052.87,2025-03-13 02:52:45.000000,0,CLEAN
TXN_002838,ACC_0065,ACC_0429,77201.69,2025-03-13 03:35:41.000000,0,CLEAN
TXN_002544,ACC_0020,ACC_0188,106076.38,2025-03-13 03:42:05.000000,0,CLEAN
TXN_002757,ACC_0362,ACC_0243,12477.33,2025-03-13 03:50:29.000000,0,CLEAN
TXN_006096,ACC_0369,ACC_0086,17043.99,2025-03-13 03:50:54.000000,0,CLEAN
TXN_000413,ACC_0278,ACC_0422,386999.98,2025-03-13 05:41:59.000000,0,CLEAN
TXN_001801,ACC_0070,ACC_0136,8126.69,2025-03-13 06:43:48.000000,0,CLEAN
TXN_001727,ACC_0134,ACC_0278,14755.4,2025-03-13 06:52:09.000000,0,CLEAN
TXN_003120,ACC_0049,ACC_0427,4631.85,2025-03-13 08:28:22.000000,0,CLEAN
TXN_001192,ACC_0363,ACC_0331,134181.14,2025-03-13 09:47:52.000000,0,CLEAN
TXN_003011,ACC_0045,ACC_0491,9748.21,2025-03-13 10:37:55.000000,0,CLEAN
TXN_005751,ACC_0048,ACC_0467,21231.86,2025-03-13 15:02:48.000000,0,CLEAN
TXN_004916,ACC_0461,ACC_0415,20461.93,2025-03-13 15:06:11.000000,0,CLEAN
TXN_004420,ACC_0323,ACC_0309,440470.72,2025-03-13 16:10:40.000000,0,CLEAN
TXN_006011,ACC_0382,ACC_0271,136411.28,2025-03-13 16:33:24.000000,0,CLEAN
TXN_002211,ACC_0150,ACC_0031,361693.19,2025-03-13 16:42:12.000000,0,CLEAN
TXN_005943,ACC_0306,ACC_0352,140448.06,2025-03-13 17:02:45.000000,0,CLEAN
TXN_006250,ACC_0141,ACC_0276,138877.73,2025-03-13 17:45:22.000000,0,CLEAN
TXN_005765,ACC_0053,ACC_0019,44778.37,2025-03-13 18:09:09.000000,0,CLEAN
TXN_003358,ACC_0056,ACC_0062,12258.99,2025-03-13 18:23:43.000000,0,CLEAN
TXN_002640,ACC_0437,ACC_0218,129334.35,2025-03-13 18:36:01.000000,0,CLEAN
TXN_002281,ACC_0337,ACC_0228,13702.75,2025-03-13 19:14:17.000000,0,CLEAN
TXN_002429,ACC_0086,ACC_0357,159241.08,2025-03-13 19:59:10.000000,0,CLEAN
TXN_010681,ACC_0418,ACC_0378,2526445.3,2025-03-13 20:36:51.315298,1,SHELL_LAYERING
TXN_004229,ACC_0371,ACC_0327,37384.67,2025-03-13 21:01:38.000000,0,CLEAN
TXN_006055,ACC_0350,ACC_0046,4427.99,2025-03-13 21:42:14.000000,0,CLEAN
TXN_030129,ACC_0485,ACC_0221,8729.53,2025-03-13 22:07:46.000000,1,VELOCITY_BURST
TXN_030120,ACC_0485,ACC_0033,10320.19,2025-03-13 22:12:46.000000,1,VELOCITY_BURST
TXN_030124,ACC_0485,ACC_0455,24354.75,2025-03-13 22:12:46.000000,1,VELOCITY_BURST
TXN_030127,ACC_0485,ACC_0207,12163.64,2025-03-13 22:15:46.000000,1,VELOCITY_BURST
TXN_030126,ACC_0485,ACC_0223,41203.83,2025-03-13 22:15:46.000000,1,VELOCITY_BURST
TXN_030123,ACC_0485,ACC_0474,31479.05,2025-03-13 22:17:46.000000,1,VELOCITY_BURST
TXN_030122,ACC_0485,ACC_0160,46752.6,2025-03-13 22:17:46.000000,1,VELOCITY_BURST
TXN_030121,ACC_0485,ACC_0396,26893.4,2025-03-13 22:20:46.000000,1,VELOCITY_BURST
TXN_030131,ACC_0485,ACC_0212,5382.04,2025-03-13 22:22:46.000000,1,VELOCITY_BURST
TXN_020045,ACC_0244,ACC_0221,197451.49,2025-03-13 22:23:28.000000,1,THRESHOLD_SPLIT
TXN_030125,ACC_0485,ACC_0029,17891.04,2025-03-13 22:24:46.000000,1,VELOCITY_BURST
TXN_030134,ACC_0485,ACC_0170,41364.43,2025-03-13 22:25:46.000000,1,VELOCITY_BURST
TXN_030130,ACC_0485,ACC_0078,8703.96,2025-03-13 22:28:46.000000,1,VELOCITY_BURST
TXN_030133,ACC_0485,ACC_0015,9154.18,2025-03-13 22:30:46.000000,1,VELOCITY_BURST
TXN_030128,ACC_0485,ACC_0417,31705.07,2025-03-13 22:32:46.000000,1,VELOCITY_BURST
TXN_030132,ACC_0485,ACC_0242,24284.42,2025-03-13 22:33:46.000000,1,VELOCITY_BURST
TXN_020046,ACC_0244,ACC_0221,198363.97,2025-03-13 22:40:28.000000,1,THRESHOLD_SPLIT
TXN_020047,ACC_0244,ACC_0221,198782.25,2025-03-13 22:53:28.000000,1,THRESHOLD_SPLIT
TXN_020048,ACC_0244,ACC_0221,199690.77,2025-03-13 23:44:28.000000,1,THRESHOLD_SPLIT
TXN_003993,ACC_0219,ACC_0172,18252.22,2025-03-13 23:59:02.000000,0,CLEAN
TXN_006111,ACC_0113,ACC_0451,153853.22,2025-03-14 00:17:29.000000,0,CLEAN
TXN_001527,ACC_0434,ACC_0246,232912.83,2025-03-14 01:54:04.000000,0,CLEAN
TXN_005680,ACC_0487,ACC_0365,154235.17,2025-03-14 02:09:56.000000,0,CLEAN
TXN_001780,ACC_0166,ACC_0433,2727.91,2025-03-14 04:20:18.000000,0,CLEAN
TXN_002591,ACC_0116,ACC_0248,113501.17,2025-03-14 05:11:25.000000,0,CLEAN
TXN_020265,ACC_0187,ACC_0236,197609.33,2025-03-14 06:09:28.000000,1,THRESHOLD_SPLIT
TXN_020266,ACC_0187,ACC_0236,196140.16,2025-03-14 06:23:28.000000,1,THRESHOLD_SPLIT
TXN_003626,ACC_0189,ACC_0415,9690.19,2025-03-14 07:16:40.000000,0,CLEAN
TXN_005313,ACC_0107,ACC_0062,10272.93,2025-03-14 07:27:47.000000,0,CLEAN
TXN_000619,ACC_0358,ACC_0459,175603.1,2025-03-14 07:56:18.000000,0,CLEAN
TXN_005631,ACC_0201,ACC_0488,15976.73,2025-03-14 09:05:00.000000,0,CLEAN
TXN_000213,ACC_0203,ACC_0040,66085.47,2025-03-14 10:32:46.000000,0,CLEAN
TXN_000976,ACC_0102,ACC_0375,30290.15,2025-03-14 10:46:42.000000,0,CLEAN
TXN_005102,ACC_0297,ACC_0262,26349.04,2025-03-14 10:49:26.000000,0,CLEAN
TXN_003920,ACC_0496,ACC_0380,283382.16,2025-03-14 10:58:52.000000,0,CLEAN
TXN_010280,ACC_0129,ACC_0440,712181.34,2025-03-14 10:59:27.000000,1,SHELL_LAYERING
TXN_003440,ACC_0495,ACC_0072,64133.98,2025-03-14 11:43:42.000000,0,CLEAN
TXN_000386,ACC_0059,ACC_0094,87194.13,2025-03-14 11:43:56.000000,0,CLEAN
TXN_006233,ACC_0150,ACC_0427,13085.49,2025-03-14 12:31:13.000000,0,CLEAN
TXN_002485,ACC_0091,ACC_0199,8603.55,2025-03-14 12:33:59.000000,0,CLEAN
TXN_010281,ACC_0440,ACC_0285,780341.69,2025-03-14 12:34:55.278813,1,SHELL_LAYERING
TXN_003090,ACC_0062,ACC_0202,180334.55,2025-03-14 12:54:28.000000,0,CLEAN
TXN_000055,ACC_0382,ACC_0310,19578.45,2025-03-14 13:13:04.000000,0,CLEAN
TXN_001643,ACC_0003,ACC_0281,52361.65,2025-03-14 13:18:24.000000,0,CLEAN
TXN_004857,ACC_0290,ACC_0180,9344.83,2025-03-14 14:46:55.000000,0,CLEAN
TXN_003663,ACC_0478,ACC_0431,2311.06,2025-03-14 15:27:59.000000,0,CLEAN
TXN_005979,ACC_0409,ACC_0025,56504.69,2025-03-14 16:04:04.000000,0,CLEAN
TXN_005880,ACC_0432,ACC_0397,795492.55,2025-03-14 16:10:04.000000,0,CLEAN
TXN_005198,ACC_0226,ACC_0391,31024.99,2025-03-14 16:28:02.000000,0,CLEAN
TXN_003361,ACC_0190,ACC_0156,11114.35,2025-03-14 17:06:32.000000,0,CLEAN
TXN_003862,ACC_0030,ACC_0071,54989.7,2025-03-14 17:24:23.000000,0,CLEAN
TXN_004760,ACC_0003,ACC_0482,237711.04,2025-03-14 17:57:59.000000,0,CLEAN
TXN_003816,ACC_0475,ACC_0127,6692.59,2025-03-14 17:58:15.000000,0,CLEAN
TXN_003967,ACC_0087,ACC_0091,67949.57,2025-03-14 18:00:07.000000,0,CLEAN
TXN_002942,ACC_0251,ACC_0274,44867.73,2025-03-14 18:15:06.000000,0,CLEAN
TXN_006329,ACC_0063,ACC_0428,18889.34,2025-03-14 20:09:27.000000,0,CLEAN
TXN_003911,ACC_0232,ACC_0145,33136.36,2025-03-14 20:18:40.000000,0,CLEAN
TXN_001000,ACC_0405,ACC_0019,116720.98,2025-03-14 20:31:24.000000,0,CLEAN
TXN_000256,ACC_0283,ACC_0482,76113.19,2025-03-14 21:36:59.000000,0,CLEAN
TXN_000091,ACC_0464,ACC_0193,17738.87,2025-03-14 22:38:06.000000,0,CLEAN
TXN_006527,ACC_0428,ACC_0289,6694.92,2025-03-14 23:27:32.000000,0,CLEAN
TXN_005225,ACC_0218,ACC_0321,5871.06,2025-03-15 00:50:16.000000,0,CLEAN
TXN_005530,ACC_0070,ACC_0301,3131.02,2025-03-15 01:15:40.000000,0,CLEAN
TXN_000610,ACC_0388,ACC_0336,27281.84,2025-03-15 01:34:04.000000,0,CLEAN
TXN_005885,ACC_0241,ACC_0343,243273.29,2025-03-15 01:38:45.000000,0,CLEAN
TXN_003481,ACC_0497,ACC_0416,425458.14,2025-03-15 02:02:28.000000,0,CLEAN
TXN_005175,ACC_0330,ACC_0247,37427.45,2025-03-15 02:43:23.000000,0,CLEAN
TXN_004114,ACC_0439,ACC_0075,39489.73,2025-03-15 02:52:37.000000,0,CLEAN
TXN_004083,ACC_0149,ACC_0361,117712.93,2025-03-15 03:35:22.000000,0,CLEAN
TXN_001495,ACC_0355,ACC_0226,180814.22,2025-03-15 05:19:17.000000,0,CLEAN
TXN_000148,ACC_0026,ACC_0138,25683.35,2025-03-15 05:43:48.000000,0,CLEAN
TXN_000220,ACC_0207,ACC_0194,57624.47,2025-03-15 05:44:15.000000,0,CLEAN
TXN_001199,ACC_0263,ACC_0061,47542.18,2025-03-15 05:52:16.000000,0,CLEAN
TXN_005273,ACC_0198,ACC_0393,10361.61,2025-03-15 06:00:32.000000,0,CLEAN
TXN_005727,ACC_0286,ACC_0201,65565.82,2025-03-15 06:23:23.000000,0,CLEAN
TXN_003547,ACC_0469,ACC_0017,2475571.08,2025-03-15 06:47:19.000000,0,CLEAN
TXN_020575,ACC_0347,ACC_0310,199234.07,2025-03-15 06:55:42.000000,1,THRESHOLD_SPLIT
TXN_020576,ACC_0347,ACC_0310,197642.21,2025-03-15 07:31:42.000000,1,THRESHOLD_SPLIT
TXN_004721,ACC_0085,ACC_0308,37055.63,2025-03-15 07:32:28.000000,0,CLEAN
TXN_001714,ACC_0010,ACC_0353,17942.67,2025-03-15 08:31:51.000000,0,CLEAN
TXN_006021,ACC_0275,ACC_0067,32455.01,2025-03-15 11:36:22.000000,0,CLEAN
TXN_001088,ACC_0281,ACC_0330,10494.58,2025-03-15 12:34:44.000000,0,CLEAN
TXN_001993,ACC_0486,ACC_0081,316616.96,2025-03-15 12:46:13.000000,0,CLEAN
TXN_002192,ACC_0394,ACC_0420,34236.21,2025-03-15 13:51:11.000000,0,CLEAN
TXN_002032,ACC_0188,ACC_0460,83555.72,2025-03-15 13:59:07.000000,0,CLEAN
TXN_004197,ACC_0403,ACC_0222,244961.23,2025-03-15 13:59:50.000000,0,CLEAN
TXN_001729,ACC_0326,ACC_0259,164599.5,2025-03-15 14:28:15.000000,0,CLEAN
TXN_004268,ACC_0216,ACC_0254,170096.24,2025-03-15 14:42:34.000000,0,CLEAN
TXN_005809,ACC_0158,ACC_0027,37917.32,2025-03-15 15:42:53.000000,0,CLEAN
TXN_005326,ACC_0114,ACC_0105,30836.82,2025-03-15 15:47:30.000000,0,CLEAN
TXN_001543,ACC_0345,ACC_0107,45639.66,2025-03-15 16:15:45.000000,0,CLEAN
TXN_010282,ACC_0285,ACC_0155,729907.88,2025-03-15 17:46:46.699225,1,SHELL_LAYERING
TXN_000177,ACC_0168,ACC_0117,503030.29,2025-03-15 18:10:53.000000,0,CLEAN
TXN_000262,ACC_0137,ACC_0078,1689810.26,2025-03-15 18:55:41.000000,0,CLEAN
TXN_006347,ACC_0008,ACC_0003,74188.21,2025-03-15 19:03:50.000000,0,CLEAN
TXN_000258,ACC_0299,ACC_0339,10021.25,2025-03-15 19:16:02.000000,0,CLEAN
TXN_004060,ACC_0436,ACC_0160,7293.31,2025-03-15 19:50:15.000000,0,CLEAN
TXN_004678,ACC_0307,ACC_0397,30111.72,2025-03-15 20:15:20.000000,0,CLEAN
TXN_004581,ACC_0207,ACC_0424,44528.6,2025-03-15 21:07:08.000000,0,CLEAN
TXN_000280,ACC_0086,ACC_0351,47408.25,2025-03-15 22:20:23.000000,0,CLEAN
TXN_010860,ACC_0218,ACC_0285,1073870.23,2025-03-15 23:21:06.000000,1,SHELL_LAYERING
TXN_003723,ACC_0443,ACC_0200,212727.87,2025-03-16 01:04:23.000000,0,CLEAN
TXN_001267,ACC_0474,ACC_0224,27894.12,2025-03-16 01:30:57.000000,0,CLEAN
TXN_002219,ACC_0195,ACC_0208,43709.53,2025-03-16 02:13:19.000000,0,CLEAN
TXN_001183,ACC_0024,ACC_0475,59073.57,2025-03-16 02:18:14.000000,0,CLEAN
TXN_000956,ACC_0444,ACC_0348,112421.72,2025-03-16 02:42:26.000000,0,CLEAN
TXN_002661,ACC_0095,ACC_0427,71959.32,2025-03-16 03:10:29.000000,0,CLEAN
TXN_004184,ACC_0130,ACC_0134,7664.86,2025-03-16 03:14:04.000000,0,CLEAN
TXN_004433,ACC_0381,ACC_0352,195548.03,2025-03-16 04:09:37.000000,0,CLEAN
TXN_003410,ACC_0270,ACC_0162,4346.38,2025-03-16 04:18:00.000000,0,CLEAN
TXN_005629,ACC_0259,ACC_0125,4094.57,2025-03-16 06:09:07.000000,0,CLEAN
TXN_000089,ACC_0191,ACC_0457,10055.49,2025-03-16 06:29:03.000000,0,CLEAN
TXN_004974,ACC_0025,ACC_0333,28147.72,2025-03-16 06:41:03.000000,0,CLEAN
TXN_006529,ACC_0473,ACC_0341,58909.46,2025-03-16 06:59:08.000000,0,CLEAN
TXN_005324,ACC_0009,ACC_0442,14833.71,2025-03-16 06:59:24.000000,0,CLEAN
TXN_010864,ACC_0395,ACC_0418,1071041.49,2025-03-16 07:05:04.993435,1,SHELL_LAYERING
TXN_002805,ACC_0497,ACC_0091,178448.7,2025-03-16 07:11:56.000000,0,CLEAN
TXN_003952,ACC_0337,ACC_0454,203721.27,2025-03-16 07:55:27.000000,0,CLEAN
TXN_002542,ACC_0026,ACC_0057,15066.11,2025-03-16 08:41:58.000000,0,CLEAN
TXN_000579,ACC_0241,ACC_0186,130005.58,2025-03-16 08:48:49.000000,0,CLEAN
TXN_000679,ACC_0044,ACC_0144,6936.94,2025-03-16 08:58:50.000000,0,CLEAN
TXN_000845,ACC_0210,ACC_0135,3915.32,2025-03-16 09:06:43.000000,0,CLEAN
TXN_000492,ACC_0036,ACC_0118,25065.16,2025-03-16 09:14:06.000000,0,CLEAN
TXN_010683,ACC_0129,ACC_0166,2381268.66,2025-03-16 09:41:31.830010,1,SHELL_LAYERING
TXN_000974,ACC_0494,ACC_0244,11188.62,2025-03-16 10:23:02.000000,0,CLEAN
TXN_000039,ACC_0003,ACC_0134,15285.53,2025-03-16 11:35:10.000000,0,CLEAN
TXN_002818,ACC_0468,ACC_0060,195396.63,2025-03-16 11:50:41.000000,0,CLEAN
TXN_000389,ACC_0070,ACC_0295,191578.97,2025-03-16 12:13:04.000000,0,CLEAN
TXN_003560,ACC_0005,ACC_0233,111842.89,2025-03-16 13:11:49.000000,0,CLEAN
TXN_004459,ACC_0051,ACC_0194,77237.13,2025-03-16 13:31:32.000000,0,CLEAN
TXN_005906,ACC_0047,ACC_0174,32100.26,2025-03-16 13:52:47.000000,0,CLEAN
TXN_002383,ACC_0283,ACC_0020,72151.97,2025-03-16 14:19:56.000000,0,CLEAN
TXN_001461,ACC_0019,ACC_0371,55733.19,2025-03-16 15:05:20.000000,0,CLEAN
TXN_002237,ACC_0419,ACC_0230,60688.33,2025-03-16 16:54:01.000000,0,CLEAN
TXN_002769,ACC_0252,ACC_0059,95772.83,2025-03-16 17:12:35.000000,0,CLEAN
TXN_001680,ACC_0365,ACC_0127,27308.18,2025-03-16 17:17:17.000000,0,CLEAN
TXN_003924,ACC_0471,ACC_0063,9406.11,2025-03-16 17:25:09.000000,0,CLEAN
TXN_010440,ACC_0218,ACC_0285,4553724.87,2025-03-16 17:46:13.000000,1,SHELL_LAYERING
TXN_001765,ACC_0118,ACC_0273,217240.71,2025-03-16 19:46:22.000000,0,CLEAN
TXN_001400,ACC_0117,ACC_0194,103304.02,2025-03-16 20:22:57.000000,0,CLEAN
TXN_001050,ACC_0139,ACC_0428,31249.82,2025-03-16 21:33:52.000000,0,CLEAN
TXN_001229,ACC_0483,ACC_0058,572218.11,2025-03-16 22:18:43.000000,0,CLEAN
TXN_003734,ACC_0466,ACC_0494,3482.3,2025-03-16 22:23:48.000000,0,CLEAN
TXN_000758,ACC_0000,ACC_0025,12612.99,2025-03-16 22:35:50.000000,0,CLEAN
TXN_003725,ACC_0032,ACC_0274,79209.63,2025-03-17 00:54:44.000000,0,CLEAN
TXN_010861,ACC_0285,ACC_0221,1106546.02,2025-03-17 03:54:06.873004,1,SHELL_LAYERING
TXN_000810,ACC_0031,ACC_0431,34977.48,2025-03-17 04:02:42.000000,0,CLEAN
TXN_001899,ACC_0131,ACC_0450,40296.36,2025-03-17 04:20:44.000000,0,CLEAN
TXN_003382,ACC_0319,ACC_0209,2285.43,2025-03-17 04:38:47.000000,0,CLEAN
TXN_020350,ACC_0105,ACC_0267,196098.87,2025-03-17 04:57:57.000000,1,THRESHOLD_SPLIT
TXN_020351,ACC_0105,ACC_0267,196114.93,2025-03-17 05:04:57.000000,1,THRESHOLD_SPLIT
TXN_001965,ACC_0020,ACC_0286,137439.11,2025-03-17 05:24:17.000000,0,CLEAN
TXN_020352,ACC_0105,ACC_0267,198418.84,2025-03-17 05:35:57.000000,1,THRESHOLD_SPLIT
TXN_000798,ACC_0328,ACC_0278,54235.37,2025-03-17 06:00:26.000000,0,CLEAN
TXN_000276,ACC_0149,ACC_0212,12201.26,2025-03-17 07:16:36.000000,0,CLEAN
TXN_003122,ACC_0228,ACC_0454,1868.07,2025-03-17 08:37:41.000000,0,CLEAN
TXN_004661,ACC_0037,ACC_0115,1616.53,2025-03-17 09:15:01.000000,0,CLEAN
TXN_000688,ACC_0257,ACC_0164,82874.12,2025-03-17 09:59:16.000000,0,CLEAN
TXN_000142,ACC_0271,ACC_0068,24602.74,2025-03-17 10:09:50.000000,0,CLEAN
TXN_000701,ACC_0433,ACC_0408,19070.38,2025-03-17 10:10:48.000000,0,CLEAN
TXN_002346,ACC_0031,ACC_0196,15013.42,2025-03-17 10:57:45.000000,0,CLEAN
TXN_010862,ACC_0221,ACC_0376,1131040.79,2025-03-17 11:24:56.823224,1,SHELL_LAYERING
TXN_001179,ACC_0331,ACC_0287,19007.13,2025-03-17 12:20:35.000000,0,CLEAN
TXN_003743,ACC_0380,ACC_0035,103573.13,2025-03-17 12:50:17.000000,0,CLEAN
TXN_001454,ACC_0026,ACC_0083,14861.18,2025-03-17 13:21:16.000000,0,CLEAN
TXN_001685,ACC_0106,ACC_0243,362271.99,2025-03-17 13:26:39.000000,0,CLEAN
TXN_004700,ACC_0354,ACC_0292,22111.16,2025-03-17 13:30:51.000000,0,CLEAN
TXN_001257,ACC_0161,ACC_0008,151647.17,2025-03-17 15:12:36.000000,0,CLEAN
TXN_004218,ACC_0484,ACC_0384,107391.93,2025-03-17 15:29:48.000000,0,CLEAN
TXN_002090,ACC_0292,ACC_0311,232386.5,2025-03-17 15:30:37.000000,0,CLEAN
TXN_000264,ACC_0078,ACC_0379,203599.48,2025-03-17 15:46:12.000000,0,CLEAN
TXN_001647,ACC_0377,ACC_0330,10480.32,2025-03-17 16:14:31.000000,0,CLEAN
TXN_001613,ACC_0476,ACC_0453,8076.54,2025-03-17 16:48:54.000000,0,CLEAN
TXN_003419,ACC_0029,ACC_0153,33219.0,2025-03-17 17:15:02.000000,0,CLEAN
TXN_006304,ACC_0319,ACC_0425,9937.1,2025-03-17 17:17:13.000000,0,CLEAN
TXN_002200,ACC_0272,ACC_0149,64874.69,2025-03-17 17:27:03.000000,0,CLEAN
TXN_003304,ACC_0275,ACC_0171,9516.85,2025-03-17 17:30:05.000000,0,CLEAN
TXN_006244,ACC_0399,ACC_0337,8087.12,2025-03-17 17:49:31.000000,0,CLEAN
TXN_004508,ACC_0163,ACC_0075,12072.07,2025-03-17 20:19:33.000000,0,CLEAN
TXN_003724,ACC_0104,ACC_0486,4628.07,2025-03-17 20:29:47.000000,0,CLEAN
TXN_010443,ACC_0376,ACC_0395,4716576.74,2025-03-17 21:54:33.063692,1,SHELL_LAYERING
TXN_010445,ACC_0418,ACC_0366,4904133.08,2025-03-17 21:57:11.521432,1,SHELL_LAYERING
TXN_010283,ACC_0155,ACC_0129,766160.83,2025-03-17 22:05:23.725898,1,SHELL_LAYERING
TXN_006481,ACC_0330,ACC_0214,258891.97,2025-03-17 22:11:25.000000,0,CLEAN
TXN_005044,ACC_0454,ACC_0169,20997.08,2025-03-17 22:18:51.000000,0,CLEAN
TXN_003740,ACC_0465,ACC_0210,2291.94,2025-03-17 22:40:57.000000,0,CLEAN
TXN_002314,ACC_0335,ACC_0299,567408.94,2025-03-17 22:54:31.000000,0,CLEAN
TXN_004096,ACC_0178,ACC_0388,23949.04,2025-03-17 23:52:56.000000,0,CLEAN
TXN_005571,ACC_0162,ACC_0211,3778.82,2025-03-17 23:57:19.000000,0,CLEAN
TXN_002832,ACC_0259,ACC_0028,394257.08,2025-03-17 23:59:07.000000,0,CLEAN
TXN_000741,ACC_0485,ACC_0293,26759.09,2025-03-18 00:59:41.000000,0,CLEAN
TXN_003190,ACC_0424,ACC_0427,80824.78,2025-03-18 01:36:35.000000,0,CLEAN
TXN_000519,ACC_0096,ACC_0383,68613.8,2025-03-18 01:41:31.000000,0,CLEAN
TXN_002141,ACC_0044,ACC_0219,26184.72,2025-03-18 02:27:52.000000,0,CLEAN
TXN_001330,ACC_0076,ACC_0188,105063.65,2025-03-18 05:10:29.000000,0,CLEAN
TXN_004847,ACC_0143,ACC_0493,1336.93,2025-03-18 06:42:05.000000,0,CLEAN
TXN_001828,ACC_0344,ACC_0375,103084.74,2025-03-18 06:57:57.000000,0,CLEAN
TXN_000785,ACC_0049,ACC_0025,4930.28,2025-03-18 07:03:25.000000,0,CLEAN
TXN_001979,ACC_0279,ACC_0069,102680.54,2025-03-18 07:49:25.000000,0,CLEAN
TXN_020460,ACC_0136,ACC_0074,199883.99,2025-03-18 07:53:24.000000,1,THRESHOLD_SPLIT
TXN_020461,ACC_0136,ACC_0074,195921.24,2025-03-18 08:14:24.000000,1,THRESHOLD_SPLIT
TXN_003282,ACC_0222,ACC_0031,7601.75,2025-03-18 08:45:13.000000,0,CLEAN
TXN_020420,ACC_0420,ACC_0366,198523.92,2025-03-18 08:45:31.000000,1,THRESHOLD_SPLIT
TXN_004775,ACC_0315,ACC_0330,117599.27,2025-03-18 08:59:36.000000,0,CLEAN
TXN_020462,ACC_0136,ACC_0074,195353.75,2025-03-18 09:01:24.000000,1,THRESHOLD_SPLIT
TXN_004905,ACC_0313,ACC_0024,36658.83,2025-03-18 09:02:20.000000,0,CLEAN
TXN_001893,ACC_0170,ACC_0251,13697.44,2025-03-18 09:22:33.000000,0,CLEAN
TXN_020421,ACC_0420,ACC_0366,198412.87,2025-03-18 09:24:31.000000,1,THRESHOLD_SPLIT
TXN_010441,ACC_0285,ACC_0221,4487853.84,2025-03-18 09:33:49.708039,1,SHELL_LAYERING
TXN_003000,ACC_0188,ACC_0093,213408.06,2025-03-18 09:48:56.000000,0,CLEAN
TXN_006224,ACC_0217,ACC_0289,17176.4,2025-03-18 10:02:22.000000,0,CLEAN
TXN_004276,ACC_0323,ACC_0291,35019.16,2025-03-18 10:24:32.000000,0,CLEAN
TXN_006537,ACC_0215,ACC_0418,8968.23,2025-03-18 10:59:06.000000,0,CLEAN
TXN_005893,ACC_0217,ACC_0306,13400.18,2025-03-18 11:28:32.000000,0,CLEAN
TXN_005173,ACC_0155,ACC_0473,2511764.08,2025-03-18 11:50:27.000000,0,CLEAN
TXN_005883,ACC_0281,ACC_0352,30038.09,2025-03-18 12:23:36.000000,0,CLEAN
TXN_004451,ACC_0090,ACC_0419,237922.25,2025-03-18 13:05:33.000000,0,CLEAN
TXN_002217,ACC_0359,ACC_0302,137015.21,2025-03-18 13:25:24.000000,0,CLEAN
TXN_001832,ACC_0148,ACC_0403,3726.37,2025-03-18 13:40:32.000000,0,CLEAN
TXN_003919,ACC_0473,ACC_0212,1303.07,2025-03-18 15:12:03.000000,0,CLEAN
TXN_003045,ACC_0195,ACC_0154,58087.06,2025-03-18 15:25:13.000000,0,CLEAN
TXN_001645,ACC_0287,ACC_0223,339352.67,2025-03-18 15:40:40.000000,0,CLEAN
TXN_003343,ACC_0265,ACC_0399,4639.61,2025-03-18 15:49:10.000000,0,CLEAN
TXN_010560,ACC_0155,ACC_0310,3933429.95,2025-03-18 16:23:47.000000,1,SHELL_LAYERING
TXN_003456,ACC_0153,ACC_0045,31589.61,2025-03-18 18:15:15.000000,0,CLEAN
TXN_004294,ACC_0115,ACC_0241,28993.43,2025-03-18 18:30:20.000000,0,CLEAN
TXN_003383,ACC_0119,ACC_0461,9552.17,2025-03-18 18:41:03.000000,0,CLEAN
TXN_004440,ACC_0439,ACC_0385,87631.31,2025-03-18 18:59:35.000000,0,CLEAN
TXN_000291,ACC_0003,ACC_0486,49589.36,2025-03-18 20:03:29.000000,0,CLEAN
TXN_006023,ACC_0063,ACC_0049,121852.87,2025-03-18 20:19:38.000000,0,CLEAN
TXN_004759,ACC_0401,ACC_0379,754556.43,2025-03-18 20:36:05.000000,0,CLEAN
TXN_000078,ACC_0370,ACC_0011,3952.57,2025-03-18 21:15:17.000000,0,CLEAN
TXN_002067,ACC_0170,ACC_0175,96442.7,2025-03-18 21:43:25.000000,0,CLEAN
TXN_006211,ACC_0098,ACC_0393,309632.15,2025-03-18 22:36:43.000000,0,CLEAN
TXN_000646,ACC_0495,ACC_0182,7013.47,2025-03-18 22:37:58.000000,0,CLEAN
TXN_006276,ACC_0210,ACC_0219,134353.5,2025-03-18 22:55:44.000000,0,CLEAN
TXN_004970,ACC_0108,ACC_0077,352627.39,2025-03-19 01:49:06.000000,0,CLEAN
TXN_000881,ACC_0237,ACC_0259,17468.12,2025-03-19 01:53:06.000000,0,CLEAN
TXN_004668,ACC_0491,ACC_0472,11508.24,2025-03-19 01:53:49.000000,0,CLEAN
TXN_000015,ACC_0018,ACC_0429,112767.88,2025-03-19 02:07:43.000000,0,CLEAN
TXN_001609,ACC_0013,ACC_0395,89749.81,2025-03-19 02:12:44.000000,0,CLEAN
TXN_001788,ACC_0229,ACC_0492,14820.03,2025-03-19 02:34:34.000000,0,CLEAN
TXN_005634,ACC_0295,ACC_0012,10901.99,2025-03-19 03:46:43.000000,0,CLEAN
TXN_000831,ACC_0198,ACC_0285,225966.67,2025-03-19 03:48:30.000000,0,CLEAN
TXN_000795,ACC_0157,ACC_0402,31309.15,2025-03-19 04:19:55.000000,0,CLEAN
TXN_003033,ACC_0498,ACC_0354,5661.37,2025-03-19 04:44:21.000000,0,CLEAN
TXN_001143,ACC_0127,ACC_0141,71579.05,2025-03-19 06:12:30.000000,0,CLEAN
TXN_010562,ACC_0267,ACC_0129,3805920.48,2025-03-19 06:20:42.726144,1,SHELL_LAYERING
TXN_005600,ACC_0052,ACC_0257,15036.19,2025-03-19 06:31:21.000000,0,CLEAN
TXN_003960,ACC_0476,ACC_0383,215970.1,2025-03-19 06:40:32.000000,0,CLEAN
TXN_000535,ACC_0485,ACC_0404,384992.89,2025-03-19 06:41:52.000000,0,CLEAN
TXN_001968,ACC_0149,ACC_0226,101214.11,2025-03-19 07:00:01.000000,0,CLEAN
TXN_005912,ACC_0091,ACC_0083,2426.91,2025-03-19 07:49:18.000000,0,CLEAN
TXN_000300,ACC_0090,ACC_0494,148364.25,2025-03-19 07:55:51.000000,0,CLEAN
TXN_001568,ACC_0290,ACC_0024,306852.42,2025-03-19 08:41:14.000000,0,CLEAN
TXN_006542,ACC_0019,ACC_0482,72489.42,2025-03-19 10:02:34.000000,0,CLEAN
TXN_003107,ACC_0195,ACC_0047,184052.66,2025-03-19 10:48:55.000000,0,CLEAN
TXN_010863,ACC_0376,ACC_0395,1070331.31,2025-03-19 10:59:27.642170,1,SHELL_LAYERING
TXN_006333,ACC_0228,ACC_0224,42771.38,2025-03-19 12:18:18.000000,0,CLEAN
TXN_004843,ACC_0262,ACC_0485,15646.35,2025-03-19 15:51:55.000000,0,CLEAN
TXN_010442,ACC_0221,ACC_0376,4886207.29,2025-03-19 17:11:34.965426,1,SHELL_LAYERING
TXN_002794,ACC_0329,ACC_0483,5940.02,2025-03-19 17:13:57.000000,0,CLEAN
TXN_006348,ACC_0411,ACC_0215,1615074.47,2025-03-19 17:34:19.000000,0,CLEAN
TXN_003606,ACC_0192,ACC_0105,23356.63,2025-03-19 17:35:30.000000,0,CLEAN
TXN_004574,ACC_0380,ACC_0108,49082.98,2025-03-19 18:00:37.000000,0,CLEAN
TXN_002376,ACC_0349,ACC_0155,8912.77,2025-03-19 19:00:01.000000,0,CLEAN
TXN_010561,ACC_0310,ACC_0267,3983400.62,2025-03-19 19:28:10.697779,1,SHELL_LAYERING
TXN_005607,ACC_0193,ACC_0336,9985.26,2025-03-19 19:38:05.000000,0,CLEAN
TXN_006466,ACC_0142,ACC_0025,15249.63,2025-03-19 20:12:10.000000,0,CLEAN
TXN_004646,ACC_0439,ACC_0146,30138.88,2025-03-19 20:30:43.000000,0,CLEAN
TXN_003655,ACC_0137,ACC_0298,26220.67,2025-03-19 20:32:38.000000,0,CLEAN
TXN_006027,ACC_0398,ACC_0376,34132.12,2025-03-19 21:20:18.000000,0,CLEAN
TXN_006485,ACC_0071,ACC_0458,15795.41,2025-03-19 22:50:54.000000,0,CLEAN
TXN_006302,ACC_0455,ACC_0010,1068.83,2025-03-19 22:58:02.000000,0,CLEAN
TXN_000850,ACC_0348,ACC_0356,6278.15,2025-03-20 00:09:01.000000,0,CLEAN
TXN_003405,ACC_0310,ACC_0164,22403.17,2025-03-20 00:30:49.000000,0,CLEAN
TXN_002421,ACC_0377,ACC_0347,111024.7,2025-03-20 01:29:45.000000,0,CLEAN
TXN_003833,ACC_0088,ACC_0007,48978.46,2025-03-20 02:06:21.000000,0,CLEAN
TXN_002881,ACC_0102,ACC_0213,216603.31,2025-03-20 02:51:30.000000,0,CLEAN
TXN_003112,ACC_0198,ACC_0400,27760.24,2025-03-20 03:18:08.000000,0,CLEAN
TXN_004455,ACC_0465,ACC_0330,4519.03,2025-03-20 03:48:21.000000,0,CLEAN
TXN_004222,ACC_0451,ACC_0435,37771.39,2025-03-20 04:29:27.000000,0,CLEAN
TXN_010866,ACC_0366,ACC_0218,1059550.47,2025-03-20 05:10:07.255060,1,SHELL_LAYERING
TXN_004895,ACC_0430,ACC_0496,121143.63,2025-03-20 05:14:03.000000,0,CLEAN
TXN_000450,ACC_0393,ACC_0047,25289.53,2025-03-20 05:25:14.000000,0,CLEAN
TXN_000848,ACC_0088,ACC_0142,4673.59,2025-03-20 05:59:41.000000,0,CLEAN
TXN_000994,ACC_0470,ACC_0415,367017.54,2025-03-20 07:56:28.000000,0,CLEAN
TXN_001215,ACC_0278,ACC_0274,31704.06,2025-03-20 08:03:35.000000,0,CLEAN
TXN_001095,ACC_0009,ACC_0053,7985.67,2025-03-20 08:09:54.000000,0,CLEAN
TXN_006374,ACC_0104,ACC_0157,4813.21,2025-03-20 09:09:55.000000,0,CLEAN
TXN_003692,ACC_0177,ACC_0401,249233.05,2025-03-20 09:53:46.000000,0,CLEAN
TXN_006403,ACC_0048,ACC_0368,18046.68,2025-03-20 10:01:26.000000,0,CLEAN
TXN_002368,ACC_0244,ACC_0223,81001.75,2025-03-20 10:22:11.000000,0,CLEAN
TXN_004122,ACC_0321,ACC_0370,9595.08,2025-03-20 10:44:54.000000,0,CLEAN
TXN_006226,ACC_0390,ACC_0482,10814.17,2025-03-20 11:09:16.000000,0,CLEAN
TXN_002209,ACC_0313,ACC_0261,378935.03,2025-03-20 11:41:47.000000,0,CLEAN
TXN_000649,ACC_0089,ACC_0015,10194.03,2025-03-20 12:36:15.000000,0,CLEAN
TXN_002796,ACC_0308,ACC_0487,448915.31,2025-03-20 12:50:37.000000,0,CLEAN
TXN_003301,ACC_0400,ACC_0332,3293.13,2025-03-20 13:07:59.000000,0,CLEAN
TXN_003918,ACC_0191,ACC_0252,21455.28,2025-03-20 13:21:50.000000,0,CLEAN
TXN_004987,ACC_0358,ACC_0367,69044.95,2025-03-20 13:23:00.000000,0,CLEAN
TXN_000929,ACC_0464,ACC_0214,23975.32,2025-03-20 13:34:03.000000,0,CLEAN
TXN_010564,ACC_0139,ACC_0476,3653407.13,2025-03-20 15:22:53.989549,1,SHELL_LAYERING
TXN_000361,ACC_0118,ACC_0409,3738.29,2025-03-20 15:39:28.000000,0,CLEAN
TXN_010565,ACC_0476,ACC_0285,3937439.66,2025-03-20 16:44:55.665704,1,SHELL_LAYERING
TXN_004146,ACC_0275,ACC_0094,4495.79,2025-03-20 16:58:37.000000,0,CLEAN
TXN_002527,ACC_0447,ACC_0360,71241.31,2025-03-20 17:06:58.000000,0,CLEAN
TXN_006425,ACC_0497,ACC_0295,5002.37,2025-03-20 18:29:52.000000,0,CLEAN
TXN_002169,ACC_0260,ACC_0052,92822.69,2025-03-20 18:38:01.000000,0,CLEAN
TXN_010720,ACC_0013,ACC_0376,2009121.4,2025-03-20 19:07:46.000000,1,SHELL_LAYERING
TXN_002189,ACC_0157,ACC_0490,91008.05,2025-03-20 19:08:08.000000,0,CLEAN
TXN_001362,ACC_0114,ACC_0265,119399.83,2025-03-20 19:21:42.000000,0,CLEAN
TXN_002905,ACC_0307,ACC_0120,813.73,2025-03-20 19:28:20.000000,0,CLEAN
TXN_002969,ACC_0392,ACC_0329,26160.87,2025-03-20 21:26:35.000000,0,CLEAN
TXN_006077,ACC_0349,ACC_0346,8008.01,2025-03-20 21:42:46.000000,0,CLEAN
TXN_000635,ACC_0238,ACC_0160,154219.28,2025-03-20 22:29:08.000000,0,CLEAN
TXN_005651,ACC_0289,ACC_0307,9647.18,2025-03-20 22:35:13.000000,0,CLEAN
TXN_002518,ACC_0354,ACC_0375,18458.16,2025-03-20 22:58:39.000000,0,CLEAN
TXN_004201,ACC_0350,ACC_0280,4155.52,2025-03-20 23:44:17.000000,0,CLEAN
TXN_003518,ACC_0221,ACC_0433,16704.96,2025-03-21 00:10:44.000000,0,CLEAN
TXN_000002,ACC_0475,ACC_0080,4456.63,2025-03-21 00:19:34.000000,0,CLEAN
TXN_002921,ACC_0461,ACC_0490,32343.5,2025-03-21 00:47:21.000000,0,CLEAN
TXN_003429,ACC_0237,ACC_0284,47022.5,2025-03-21 01:06:49.000000,0,CLEAN
TXN_005987,ACC_0139,ACC_0002,4400.77,2025-03-21 01:36:33.000000,0,CLEAN
TXN_003415,ACC_0078,ACC_0158,31641.75,2025-03-21 02:02:44.000000,0,CLEAN
TXN_002773,ACC_0115,ACC_0284,107119.79,2025-03-21 02:04:21.000000,0,CLEAN
TXN_004343,ACC_0026,ACC_0195,29364.07,2025-03-21 02:08:32.000000,0,CLEAN
TXN_002762,ACC_0263,ACC_0116,9349.5,2025-03-21 03:27:03.000000,0,CLEAN
TXN_005436,ACC_0397,ACC_0466,228788.18,2025-03-21 03:38:05.000000,0,CLEAN
TXN_020270,ACC_0443,ACC_0376,198134.39,2025-03-21 04:36:21.000000,1,THRESHOLD_SPLIT
TXN_020271,ACC_0443,ACC_0376,199476.42,2025-03-21 04:57:21.000000,1,THRESHOLD_SPLIT
TXN_020272,ACC_0443,ACC_0376,195564.62,2025-03-21 05:28:21.000000,1,THRESHOLD_SPLIT
TXN_005214,ACC_0184,ACC_0397,65635.37,2025-03-21 05:32:43.000000,0,CLEAN
TXN_004423,ACC_0369,ACC_0068,302937.24,2025-03-21 07:00:56.000000,0,CLEAN
TXN_003025,ACC_0214,ACC_0092,6242.77,2025-03-21 07:51:37.000000,0,CLEAN
TXN_001944,ACC_0115,ACC_0016,17077.85,2025-03-21 08:09:48.000000,0,CLEAN
TXN_003357,ACC_0308,ACC_0437,88170.16,2025-03-21 08:18:23.000000,0,CLEAN
TXN_006051,ACC_0292,ACC_0375,205921.58,2025-03-21 09:01:50.000000,0,CLEAN
TXN_006227,ACC_0028,ACC_0496,25972.44,2025-03-21 09:05:20.000000,0,CLEAN
TXN_000085,ACC_0016,ACC_0147,52697.9,2025-03-21 09:27:28.000000,0,CLEAN
TXN_005568,ACC_0435,ACC_0400,133356.48,2025-03-21 10:06:19.000000,0,CLEAN
TXN_000315,ACC_0407,ACC_0408,3911.43,2025-03-21 10:44:16.000000,0,CLEAN
TXN_005789,ACC_0352,ACC_0258,22637.82,2025-03-21 11:15:01.000000,0,CLEAN
TXN_003273,ACC_0211,ACC_0471,11619.56,2025-03-21 11:31:10.000000,0,CLEAN
TXN_010563,ACC_0129,ACC_0139,4001197.77,2025-03-21 13:31:09.567183,1,SHELL_LAYERING
TXN_001022,ACC_0183,ACC_0361,25855.38,2025-03-21 13:36:08.000000,0,CLEAN
TXN_004861,ACC_0129,ACC_0301,43094.57,2025-03-21 13:50:41.000000,0,CLEAN
TXN_005577,ACC_0157,ACC_0230,9479.23,2025-03-21 13:51:36.000000,0,CLEAN
TXN_000605,ACC_0003,ACC_0478,7632.27,2025-03-21 14:54:24.000000,0,CLEAN
TXN_006476,ACC_0030,ACC_0387,58776.44,2025-03-21 16:29:18.000000,0,CLEAN
TXN_010721,ACC_0376,ACC_0284,2074338.82,2025-03-21 16:59:32.676712,1,SHELL_LAYERING
TXN_002242,ACC_0256,ACC_0137,38764.96,2025-03-21 18:38:34.000000,0,CLEAN
TXN_003557,ACC_0316,ACC_0386,71179.04,2025-03-21 19:54:07.000000,0,CLEAN
TXN_002322,ACC_0034,ACC_0006,33747.25,2025-03-21 20:33:29.000000,0,CLEAN
TXN_004745,ACC_0315,ACC_0478,35597.94,2025-03-21 20:42:07.000000,0,CLEAN
TXN_020440,ACC_0102,ACC_0440,198535.24,2025-03-21 21:54:42.000000,1,THRESHOLD_SPLIT
TXN_020441,ACC_0102,ACC_0440,197823.14,2025-03-21 22:11:42.000000,1,THRESHOLD_SPLIT
TXN_020442,ACC_0102,ACC_0440,196135.26,2025-03-21 22:20:42.000000,1,THRESHOLD_SPLIT
TXN_002582,ACC_0330,ACC_0171,1899.59,2025-03-21 22:37:21.000000,0,CLEAN
TXN_002843,ACC_0176,ACC_0183,229808.32,2025-03-21 23:43:51.000000,0,CLEAN
TXN_002444,ACC_0267,ACC_0230,59046.79,2025-03-22 00:12:18.000000,0,CLEAN
TXN_001632,ACC_0157,ACC_0188,99637.3,2025-03-22 01:00:32.000000,0,CLEAN
TXN_020590,ACC_0198,ACC_0440,194952.64,2025-03-22 01:59:02.000000,1,THRESHOLD_SPLIT
TXN_020592,ACC_0198,ACC_0440,194952.64,2025-03-22 02:11:02.000000,1,THRESHOLD_SPLIT
TXN_020591,ACC_0198,ACC_0440,194952.64,2025-03-22 02:24:02.000000,1,THRESHOLD_SPLIT
TXN_000140,ACC_0029,ACC_0288,21945.62,2025-03-22 03:12:59.000000,0,CLEAN
TXN_001655,ACC_0414,ACC_0137,14406.83,2025-03-22 04:16:17.000000,0,CLEAN
TXN_002973,ACC_0241,ACC_0378,7398.94,2025-03-22 04:32:21.000000,0,CLEAN
TXN_003143,ACC_0261,ACC_0217,34457.73,2025-03-22 04:48:35.000000,0,CLEAN
TXN_001946,ACC_0473,ACC_0138,56462.74,2025-03-22 04:55:28.000000,0,CLEAN
TXN_000618,ACC_0432,ACC_0266,49101.68,2025-03-22 04:59:03.000000,0,CLEAN
TXN_005282,ACC_0005,ACC_0117,72112.77,2025-03-22 05:01:28.000000,0,CLEAN
TXN_000957,ACC_0271,ACC_0152,64327.18,2025-03-22 05:13:09.000000,0,CLEAN
TXN_004009,ACC_0243,ACC_0264,32718.68,2025-03-22 05:18:34.000000,0,CLEAN
TXN_003472,ACC_0344,ACC_0088,61165.73,2025-03-22 05:28:45.000000,0,CLEAN
TXN_004930,ACC_0494,ACC_0458,12976.89,2025-03-22 06:05:21.000000,0,CLEAN
TXN_005595,ACC_0191,ACC_0169,109903.26,2025-03-22 06:33:41.000000,0,CLEAN
TXN_002174,ACC_0205,ACC_0303,7999.77,2025-03-22 06:46:44.000000,0,CLEAN
TXN_020400,ACC_0308,ACC_0126,195785.12,2025-03-22 07:05:23.000000,1,THRESHOLD_SPLIT
TXN_010722,ACC_0284,ACC_0139,2002293.33,2025-03-22 07:18:14.792613,1,SHELL_LAYERING
TXN_000124,ACC_0266,ACC_0113,396241.81,2025-03-22 07:19:48.000000,0,CLEAN
TXN_020401,ACC_0308,ACC_0126,195305.72,2025-03-22 07:26:23.000000,1,THRESHOLD_SPLIT
TXN_004815,ACC_0407,ACC_0011,24576.27,2025-03-22 08:11:31.000000,0,CLEAN
TXN_004517,ACC_0246,ACC_0356,777055.35,2025-03-22 09:07:13.000000,0,CLEAN
TXN_002078,ACC_0401,ACC_0417,55323.59,2025-03-22 09:09:39.000000,0,CLEAN
TXN_010444,ACC_0395,ACC_0418,4642286.89,2025-03-22 09:13:00.131695,1,SHELL_LAYERING
TXN_001600,ACC_0494,ACC_0230,63870.59,2025-03-22 09:19:43.000000,0,CLEAN
TXN_001926,ACC_0450,ACC_0499,85655.28,2025-03-22 09:34:01.000000,0,CLEAN
TXN_002058,ACC_0315,ACC_0212,59381.13,2025-03-22 09:34:17.000000,0,CLEAN
TXN_000447,ACC_0137,ACC_0322,12863.36,2025-03-22 10:25:43.000000,0,CLEAN
TXN_000837,ACC_0214,ACC_0057,23070.16,2025-03-22 11:26:29.000000,0,CLEAN
TXN_002999,ACC_0101,ACC_0043,21268.67,2025-03-22 11:41:36.000000,0,CLEAN
TXN_002657,ACC_0468,ACC_0139,42792.27,2025-03-22 11:46:31.000000,0,CLEAN
TXN_006366,ACC_0190,ACC_0317,187624.47,2025-03-22 13:27:50.000000,0,CLEAN
TXN_003871,ACC_0266,ACC_0406,16009.5,2025-03-22 13:32:36.000000,0,CLEAN
TXN_004900,ACC_0424,ACC_0410,6114.1,2025-03-22 14:24:27.000000,0,CLEAN
TXN_006342,ACC_0383,ACC_0162,601157.19,2025-03-22 14:38:09.000000,0,CLEAN
TXN_002428,ACC_0072,ACC_0388,387386.08,2025-03-22 14:45:33.000000,0,CLEAN
TXN_004480,ACC_0453,ACC_0428,6021.25,2025-03-22 15:22:00.000000,0,CLEAN
TXN_005612,ACC_0390,ACC_0375,74673.47,2025-03-22 15:48:40.000000,0,CLEAN
TXN_003825,ACC_0085,ACC_0022,171863.24,2025-03-22 17:12:33.000000,0,CLEAN
TXN_003193,ACC_0365,ACC_0221,177380.51,2025-03-22 17:14:12.000000,0,CLEAN
TXN_010865,ACC_0418,ACC_0366,1075974.48,2025-03-22 18:12:56.419854,1,SHELL_LAYERING
TXN_001214,ACC_0258,ACC_0081,16268.85,2025-03-22 18:22:48.000000,0,CLEAN
TXN_001757,ACC_0480,ACC_0455,19319.25,2025-03-22 18:28:56.000000,0,CLEAN
TXN_005391,ACC_0421,ACC_0348,106217.02,2025-03-22 18:33:33.000000,0,CLEAN
TXN_000344,ACC_0053,ACC_0152,46615.03,2025-03-22 18:35:09.000000,0,CLEAN
TXN_001056,ACC_0081,ACC_0053,142968.12,2025-03-22 18:49:46.000000,0,CLEAN
TXN_000585,ACC_0164,ACC_0127,69221.2,2025-03-22 19:53:46.000000,0,CLEAN
TXN_000133,ACC_0163,ACC_0357,19142.73,2025-03-22 20:12:48.000000,0,CLEAN
TXN_004553,ACC_0425,ACC_0416,24173.87,2025-03-22 21:00:24.000000,0,CLEAN
TXN_001817,ACC_0418,ACC_0222,14387.57,2025-03-22 21:07:54.000000,0,CLEAN
TXN_002574,ACC_0011,ACC_0151,12093.83,2025-03-22 21:12:05.000000,0,CLEAN
TXN_001006,ACC_0353,ACC_0059,103216.21,2025-03-22 22:18:53.000000,0,CLEAN
TXN_003218,ACC_0364,ACC_0199,27662.32,2025-03-22 22:42:48.000000,0,CLEAN
TXN_003347,ACC_0374,ACC_0499,18134.85,2025-03-22 22:59:56.000000,0,CLEAN
TXN_003205,ACC_0457,ACC_0331,57608.13,2025-03-23 00:00:05.000000,0,CLEAN
TXN_002224,ACC_0184,ACC_0431,689609.51,2025-03-23 00:27:30.000000,0,CLEAN
TXN_001907,ACC_0351,ACC_0116,126070.76,2025-03-23 00:54:51.000000,0,CLEAN
TXN_002714,ACC_0410,ACC_0058,109472.98,2025-03-23 00:58:28.000000,0,CLEAN
TXN_000175,ACC_0296,ACC_0369,11308.1,2025-03-23 02:03:17.000000,0,CLEAN
TXN_003964,ACC_0396,ACC_0356,15214.06,2025-03-23 03:16:25.000000,0,CLEAN
TXN_005542,ACC_0091,ACC_0019,987588.0,2025-03-23 04:45:49.000000,0,CLEAN
TXN_006029,ACC_0384,ACC_0111,10898.22,2025-03-23 04:51:36.000000,0,CLEAN
TXN_004231,ACC_0347,ACC_0311,33697.53,2025-03-23 05:09:25.000000,0,CLEAN
TXN_006046,ACC_0334,ACC_0214,3397.67,2025-03-23 05:16:39.000000,0,CLEAN
TXN_010723,ACC_0139,ACC_0013,1989256.08,2025-03-23 06:22:19.041567,1,SHELL_LAYERING
TXN_005446,ACC_0085,ACC_0061,14739.85,2025-03-23 06:56:12.000000,0,CLEAN
TXN_000811,ACC_0419,ACC_0267,123828.08,2025-03-23 06:58:00.000000,0,CLEAN
TXN_004521,ACC_0125,ACC_0197,12056.09,2025-03-23 07:05:43.000000,0,CLEAN
TXN_003596,ACC_0315,ACC_0153,88719.62,2025-03-23 07:15:41.000000,0,CLEAN
TXN_002450,ACC_0154,ACC_0179,221680.35,2025-03-23 07:41:01.000000,0,CLEAN
TXN_003713,ACC_0173,ACC_0115,2232.76,2025-03-23 09:22:05.000000,0,CLEAN
TXN_006367,ACC_0421,ACC_0080,10840.15,2025-03-23 09:47:45.000000,0,CLEAN
TXN_003288,ACC_0498,ACC_0151,47647.91,2025-03-23 10:06:15.000000,0,CLEAN
TXN_000759,ACC_0224,ACC_0376,33401.18,2025-03-23 11:43:32.000000,0,CLEAN
TXN_004195,ACC_0309,ACC_0083,26976.1,2025-03-23 11:52:50.000000,0,CLEAN
TXN_000613,ACC_0271,ACC_0121,76383.56,2025-03-23 12:29:01.000000,0,CLEAN
TXN_006386,ACC_0114,ACC_0047,3966.37,2025-03-23 12:47:45.000000,0,CLEAN
TXN_004719,ACC_0381,ACC_0096,6012.36,2025-03-23 14:09:45.000000,0,CLEAN
TXN_001668,ACC_0111,ACC_0176,25564.76,2025-03-23 14:28:28.000000,0,CLEAN
TXN_000088,ACC_0330,ACC_0494,126184.92,2025-03-23 15:01:43.000000,0,CLEAN
TXN_020465,ACC_0300,ACC_0292,198923.97,2025-03-23 15:38:25.000000,1,THRESHOLD_SPLIT
TXN_005095,ACC_0218,ACC_0239,2659.36,2025-03-23 15:41:54.000000,0,CLEAN
TXN_020466,ACC_0300,ACC_0292,195090.27,2025-03-23 16:23:25.000000,1,THRESHOLD_SPLIT
TXN_005997,ACC_0235,ACC_0302,213808.29,2025-03-23 16:54:21.000000,0,CLEAN
TXN_020467,ACC_0300,ACC_0292,195089.69,2025-03-23 17:04:25.000000,1,THRESHOLD_SPLIT
TXN_000528,ACC_0429,ACC_0291,91151.38,2025-03-23 17:21:58.000000,0,CLEAN
TXN_001011,ACC_0004,ACC_0155,27160.28,2025-03-23 17:24:11.000000,0,CLEAN
TXN_003572,ACC_0131,ACC_0182,3617.81,2025-03-23 18:02:05.000000,0,CLEAN
TXN_004309,ACC_0136,ACC_0060,19357.74,2025-03-23 18:26:47.000000,0,CLEAN
TXN_000284,ACC_0222,ACC_0141,84093.59,2025-03-23 18:28:44.000000,0,CLEAN
TXN_002853,ACC_0263,ACC_0462,40771.34,2025-03-23 18:48:24.000000,0,CLEAN
TXN_006468,ACC_0267,ACC_0498,33268.12,2025-03-23 19:13:59.000000,0,CLEAN
TXN_005245,ACC_0016,ACC_0174,62951.48,2025-03-23 19:53:34.000000,0,CLEAN
TXN_005842,ACC_0004,ACC_0082,29275.63,2025-03-23 19:54:09.000000,0,CLEAN
TXN_001562,ACC_0004,ACC_0091,65231.47,2025-03-23 20:25:43.000000,0,CLEAN
TXN_003818,ACC_0046,ACC_0008,45786.31,2025-03-23 21:11:02.000000,0,CLEAN
TXN_005911,ACC_0490,ACC_0488,31336.39,2025-03-23 21:26:10.000000,0,CLEAN
TXN_001589,ACC_0475,ACC_0172,320841.11,2025-03-23 21:48:26.000000,0,CLEAN
TXN_003183,ACC_0075,ACC_0243,229537.61,2025-03-23 22:05:58.000000,0,CLEAN
TXN_006412,ACC_0067,ACC_0168,12967.38,2025-03-23 22:45:36.000000,0,CLEAN
TXN_001649,ACC_0134,ACC_0040,3087.81,2025-03-23 23:46:41.000000,0,CLEAN
TXN_000490,ACC_0061,ACC_0441,49641.09,2025-03-24 00:07:32.000000,0,CLEAN
TXN_005969,ACC_0383,ACC_0154,13424.62,2025-03-24 01:07:55.000000,0,CLEAN
TXN_005076,ACC_0326,ACC_0197,13330.17,2025-03-24 01:17:15.000000,0,CLEAN
TXN_004975,ACC_0374,ACC_0476,422992.59,2025-03-24 01:24:16.000000,0,CLEAN
TXN_003900,ACC_0241,ACC_0225,75429.81,2025-03-24 01:54:43.000000,0,CLEAN
TXN_002555,ACC_0257,ACC_0349,10045.12,2025-03-24 02:59:33.000000,0,CLEAN
TXN_003948,ACC_0096,ACC_0449,74691.15,2025-03-24 03:03:57.000000,0,CLEAN
TXN_004958,ACC_0035,ACC_0143,7673.56,2025-03-24 03:45:39.000000,0,CLEAN
TXN_001535,ACC_0269,ACC_0410,2279553.29,2025-03-24 04:08:32.000000,0,CLEAN
TXN_003035,ACC_0196,ACC_0363,396988.9,2025-03-24 04:40:43.000000,0,CLEAN
TXN_003345,ACC_0255,ACC_0326,125786.91,2025-03-24 05:17:25.000000,0,CLEAN
TXN_004565,ACC_0202,ACC_0427,26707.11,2025-03-24 06:12:57.000000,0,CLEAN
TXN_004570,ACC_0363,ACC_0116,6195.72,2025-03-24 06:26:47.000000,0,CLEAN
TXN_000081,ACC_0037,ACC_0023,19478.53,2025-03-24 06:34:22.000000,0,CLEAN
TXN_003442,ACC_0125,ACC_0276,14831.94,2025-03-24 06:49:46.000000,0,CLEAN
TXN_002944,ACC_0162,ACC_0280,103063.82,2025-03-24 06:57:50.000000,0,CLEAN
TXN_000905,ACC_0329,ACC_0140,11670.36,2025-03-24 07:04:58.000000,0,CLEAN
TXN_003529,ACC_0115,ACC_0354,120957.28,2025-03-24 07:08:43.000000,0,CLEAN
TXN_004516,ACC_0163,ACC_0254,1545.15,2025-03-24 07:12:02.000000,0,CLEAN
TXN_004248,ACC_0492,ACC_0485,9873.49,2025-03-24 07:54:24.000000,0,CLEAN
TXN_003892,ACC_0101,ACC_0126,59071.88,2025-03-24 08:03:41.000000,0,CLEAN
TXN_005743,ACC_0177,ACC_0373,146297.58,2025-03-24 08:20:47.000000,0,CLEAN
TXN_000100,ACC_0368,ACC_0278,113038.41,2025-03-24 08:34:47.000000,0,CLEAN
TXN_004583,ACC_0190,ACC_0332,7303.57,2025-03-24 09:01:02.000000,0,CLEAN
TXN_002789,ACC_0119,ACC_0430,23574.99,2025-03-24 11:15:54.000000,0,CLEAN
TXN_004545,ACC_0013,ACC_0357,181066.7,2025-03-24 11:17:10.000000,0,CLEAN
TXN_005152,ACC_0213,ACC_0417,29840.19,2025-03-24 11:51:54.000000,0,CLEAN
TXN_003338,ACC_0047,ACC_0031,8500.93,2025-03-24 12:06:56.000000,0,CLEAN
TXN_005924,ACC_0027,ACC_0156,15900.72,2025-03-24 12:33:21.000000,0,CLEAN
TXN_005619,ACC_0401,ACC_0165,21673.66,2025-03-24 13:21:18.000000,0,CLEAN
TXN_005572,ACC_0414,ACC_0226,47928.03,2025-03-24 13:34:20.000000,0,CLEAN
TXN_001422,ACC_0294,ACC_0050,7265.45,2025-03-24 14:55:27.000000,0,CLEAN
TXN_003336,ACC_0075,ACC_0365,232461.67,2025-03-24 15:52:08.000000,0,CLEAN
TXN_002512,ACC_0258,ACC_0017,5267.2,2025-03-24 15:53:41.000000,0,CLEAN
TXN_002234,ACC_0309,ACC_0477,715396.11,2025-03-24 15:55:30.000000,0,CLEAN
TXN_005907,ACC_0334,ACC_0092,57507.82,2025-03-24 15:57:30.000000,0,CLEAN
TXN_001039,ACC_0346,ACC_0160,488.63,2025-03-24 17:16:53.000000,0,CLEAN
TXN_003127,ACC_0222,ACC_0323,114238.62,2025-03-24 17:23:00.000000,0,CLEAN
TXN_001434,ACC_0054,ACC_0080,1917465.88,2025-03-24 17:38:15.000000,0,CLEAN
TXN_003669,ACC_0318,ACC_0172,12481.97,2025-03-24 17:46:51.000000,0,CLEAN
TXN_005699,ACC_0466,ACC_0444,21218.6,2025-03-24 18:04:33.000000,0,CLEAN
TXN_002419,ACC_0411,ACC_0103,253674.61,2025-03-24 18:17:21.000000,0,CLEAN
TXN_005392,ACC_0036,ACC_0329,4453.22,2025-03-24 19:31:08.000000,0,CLEAN
TXN_003949,ACC_0084,ACC_0425,342855.93,2025-03-24 21:21:54.000000,0,CLEAN
TXN_002341,ACC_0141,ACC_0394,3733.26,2025-03-24 21:53:12.000000,0,CLEAN
TXN_004347,ACC_0031,ACC_0262,16412.52,2025-03-24 22:18:13.000000,0,CLEAN
TXN_001773,ACC_0359,ACC_0340,38224.37,2025-03-24 22:18:49.000000,0,CLEAN
TXN_006234,ACC_0012,ACC_0165,91346.66,2025-03-25 00:17:12.000000,0,CLEAN
TXN_000788,ACC_0184,ACC_0001,6939.26,2025-03-25 00:47:17.000000,0,CLEAN
TXN_003139,ACC_0127,ACC_0268,72164.85,2025-03-25 01:22:28.000000,0,CLEAN
TXN_004235,ACC_0141,ACC_0488,152780.79,2025-03-25 01:31:47.000000,0,CLEAN
TXN_003830,ACC_0202,ACC_0481,100915.97,2025-03-25 02:04:00.000000,0,CLEAN
TXN_002774,ACC_0148,ACC_0438,9187.41,2025-03-25 02:26:45.000000,0,CLEAN
TXN_003561,ACC_0237,ACC_0408,55210.13,2025-03-25 03:07:02.000000,0,CLEAN
TXN_002842,ACC_0194,ACC_0049,7788.83,2025-03-25 03:18:54.000000,0,CLEAN
TXN_000427,ACC_0312,ACC_0324,63947.51,2025-03-25 03:24:11.000000,0,CLEAN
TXN_001306,ACC_0413,ACC_0161,54213.76,2025-03-25 04:03:25.000000,0,CLEAN
TXN_004734,ACC_0090,ACC_0235,57627.12,2025-03-25 04:24:44.000000,0,CLEAN
TXN_020315,ACC_0185,ACC_0233,196865.64,2025-03-25 05:03:57.000000,1,THRESHOLD_SPLIT
TXN_006091,ACC_0332,ACC_0225,6206.53,2025-03-25 05:22:02.000000,0,CLEAN
TXN_020316,ACC_0185,ACC_0233,196787.42,2025-03-25 05:45:57.000000,1,THRESHOLD_SPLIT
TXN_020317,ACC_0185,ACC_0233,199694.81,2025-03-25 06:15:57.000000,1,THRESHOLD_SPLIT
TXN_003272,ACC_0070,ACC_0411,11237.31,2025-03-25 06:27:33.000000,0,CLEAN
TXN_003009,ACC_0205,ACC_0317,16311.07,2025-03-25 06:50:04.000000,0,CLEAN
TXN_004326,ACC_0042,ACC_0390,41223.25,2025-03-25 07:03:39.000000,0,CLEAN
TXN_000973,ACC_0219,ACC_0206,37124.5,2025-03-25 07:24:12.000000,0,CLEAN
TXN_004777,ACC_0477,ACC_0295,5463.5,2025-03-25 07:45:44.000000,0,CLEAN
TXN_000509,ACC_0196,ACC_0179,16271.12,2025-03-25 09:05:47.000000,0,CLEAN
TXN_000366,ACC_0230,ACC_0304,55759.22,2025-03-25 09:51:40.000000,0,CLEAN
TXN_004322,ACC_0424,ACC_0175,10213.75,2025-03-25 10:23:03.000000,0,CLEAN
TXN_005274,ACC_0356,ACC_0064,57642.47,2025-03-25 10:38:02.000000,0,CLEAN
TXN_006178,ACC_0004,ACC_0298,13637.45,2025-03-25 10:48:23.000000,0,CLEAN
TXN_001917,ACC_0465,ACC_0069,60529.36,2025-03-25 12:14:41.000000,0,CLEAN
TXN_004680,ACC_0185,ACC_0405,50412.22,2025-03-25 12:27:23.000000,0,CLEAN
TXN_010260,ACC_0233,ACC_0440,1308614.62,2025-03-25 13:37:37.000000,1,SHELL_LAYERING
TXN_000206,ACC_0357,ACC_0345,5320.68,2025-03-25 14:36:59.000000,0,CLEAN
TXN_005034,ACC_0356,ACC_0499,28548.82,2025-03-25 15:18:11.000000,0,CLEAN
TXN_004357,ACC_0310,ACC_0051,150726.11,2025-03-25 16:10:28.000000,0,CLEAN
TXN_003966,ACC_0147,ACC_0376,129977.81,2025-03-25 16:22:14.000000,0,CLEAN
TXN_000269,ACC_0044,ACC_0096,550549.88,2025-03-25 16:30:36.000000,0,CLEAN
TXN_005327,ACC_0094,ACC_0338,38237.15,2025-03-25 17:00:05.000000,0,CLEAN
TXN_005956,ACC_0324,ACC_0252,6167.37,2025-03-25 17:04:26.000000,0,CLEAN
TXN_002731,ACC_0247,ACC_0388,1739.39,2025-03-25 17:45:32.000000,0,CLEAN
TXN_003021,ACC_0195,ACC_0066,862.72,2025-03-25 18:02:37.000000,0,CLEAN
TXN_000776,ACC_0360,ACC_0015,1177606.22,2025-03-25 18:06:44.000000,0,CLEAN
TXN_004969,ACC_0043,ACC_0182,43788.57,2025-03-25 18:48:46.000000,0,CLEAN
TXN_002216,ACC_0015,ACC_0121,92805.58,2025-03-25 19:56:24.000000,0,CLEAN
TXN_006544,ACC_0381,ACC_0399,120206.08,2025-03-25 20:19:17.000000,0,CLEAN
TXN_001831,ACC_0046,ACC_0114,32617.4,2025-03-25 20:57:58.000000,0,CLEAN
TXN_003534,ACC_0014,ACC_0246,10785.19,2025-03-25 21:01:40.000000,0,CLEAN
TXN_003459,ACC_0143,ACC_0450,48032.07,2025-03-25 21:05:27.000000,0,CLEAN
TXN_006198,ACC_0033,ACC_0390,6669.0,2025-03-25 21:20:07.000000,0,CLEAN
TXN_005071,ACC_0375,ACC_0100,16323.55,2025-03-25 21:30:09.000000,0,CLEAN
TXN_000363,ACC_0327,ACC_0337,537033.91,2025-03-25 21:53:33.000000,0,CLEAN
TXN_003746,ACC_0105,ACC_0159,46464.42,2025-03-25 22:12:04.000000,0,CLEAN
TXN_005511,ACC_0227,ACC_0456,70955.26,2025-03-25 22:30:19.000000,0,CLEAN
TXN_005140,ACC_0315,ACC_0063,118138.07,2025-03-25 22:54:51.000000,0,CLEAN
TXN_006301,ACC_0419,ACC_0486,9317.46,2025-03-25 23:07:00.000000,0,CLEAN
TXN_006512,ACC_0428,ACC_0359,134487.38,2025-03-25 23:29:25.000000,0,CLEAN
TXN_003670,ACC_0230,ACC_0240,3589.6,2025-03-25 23:37:20.000000,0,CLEAN
TXN_001132,ACC_0283,ACC_0479,13831.1,2025-03-26 01:02:33.000000,0,CLEAN
TXN_002879,ACC_0411,ACC_0153,12180.5,2025-03-26 01:30:32.000000,0,CLEAN
TXN_001256,ACC_0322,ACC_0207,29549.65,2025-03-26 02:02:34.000000,0,CLEAN
TXN_004979,ACC_0252,ACC_0266,188805.95,2025-03-26 04:33:39.000000,0,CLEAN
TXN_000989,ACC_0268,ACC_0172,241319.28,2025-03-26 05:01:35.000000,0,CLEAN
TXN_006523,ACC_0113,ACC_0303,38137.69,2025-03-26 05:30:03.000000,0,CLEAN
TXN_004442,ACC_0373,ACC_0371,41119.96,2025-03-26 06:08:13.000000,0,CLEAN
TXN_005207,ACC_0379,ACC_0082,56851.43,2025-03-26 06:52:48.000000,0,CLEAN
TXN_006351,ACC_0428,ACC_0033,11704.17,2025-03-26 07:16:49.000000,0,CLEAN
TXN_001695,ACC_0120,ACC_0325,13453.93,2025-03-26 07:20:23.000000,0,CLEAN
TXN_000778,ACC_0310,ACC_0456,48439.64,2025-03-26 07:31:13.000000,0,CLEAN
TXN_005539,ACC_0109,ACC_0001,123742.65,2025-03-26 08:04:20.000000,0,CLEAN
TXN_000551,ACC_0044,ACC_0474,65755.94,2025-03-26 08:50:25.000000,0,CLEAN
TXN_001837,ACC_0204,ACC_0257,39130.62,2025-03-26 08:52:31.000000,0,CLEAN
TXN_010261,ACC_0440,ACC_0221,1218444.5,2025-03-26 09:29:38.576106,1,SHELL_LAYERING
TXN_002464,ACC_0145,ACC_0107,227436.1,2025-03-26 09:43:00.000000,0,CLEAN
TXN_002206,ACC_0482,ACC_0479,45131.32,2025-03-26 09:58:29.000000,0,CLEAN
TXN_005850,ACC_0294,ACC_0356,2350045.94,2025-03-26 11:06:00.000000,0,CLEAN
TXN_005905,ACC_0108,ACC_0155,269804.69,2025-03-26 13:06:50.000000,0,CLEAN
TXN_005672,ACC_0151,ACC_0060,20491.51,2025-03-26 13:28:51.000000,0,CLEAN
TXN_004842,ACC_0414,ACC_0253,2827.5,2025-03-26 16:11:46.000000,0,CLEAN
TXN_003926,ACC_0099,ACC_0391,61423.96,2025-03-26 17:17:44.000000,0,CLEAN
TXN_005279,ACC_0099,ACC_0176,103462.14,2025-03-26 18:21:11.000000,0,CLEAN
TXN_005877,ACC_0439,ACC_0104,40004.97,2025-03-26 18:27:54.000000,0,CLEAN
TXN_005981,ACC_0389,ACC_0479,1734.52,2025-03-26 20:18:51.000000,0,CLEAN
TXN_000248,ACC_0027,ACC_0051,14511.89,2025-03-26 20:58:44.000000,0,CLEAN
TXN_005735,ACC_0073,ACC_0431,155446.04,2025-03-26 21:42:04.000000,0,CLEAN
TXN_004781,ACC_0264,ACC_0081,97595.0,2025-03-26 22:26:20.000000,0,CLEAN
TXN_000548,ACC_0158,ACC_0358,332638.14,2025-03-26 22:49:57.000000,0,CLEAN
TXN_001717,ACC_0248,ACC_0362,32885.96,2025-03-26 22:53:52.000000,0,CLEAN
TXN_003795,ACC_0124,ACC_0366,3674.78,2025-03-26 23:56:24.000000,0,CLEAN
TXN_005276,ACC_0070,ACC_0059,71546.42,2025-03-27 01:00:29.000000,0,CLEAN
TXN_002388,ACC_0453,ACC_0323,20383.22,2025-03-27 01:09:07.000000,0,CLEAN
TXN_002780,ACC_0053,ACC_0203,9971.09,2025-03-27 01:29:59.000000,0,CLEAN
TXN_003211,ACC_0240,ACC_0176,5045.62,2025-03-27 01:44:37.000000,0,CLEAN
TXN_006258,ACC_0287,ACC_0045,803176.85,2025-03-27 02:26:42.000000,0,CLEAN
TXN_006084,ACC_0365,ACC_0012,396831.46,2025-03-27 03:39:23.000000,0,CLEAN
TXN_003543,ACC_0307,ACC_0318,56923.95,2025-03-27 03:41:43.000000,0,CLEAN
TXN_002430,ACC_0283,ACC_0084,133750.56,2025-03-27 04:18:33.000000,0,CLEAN
TXN_003706,ACC_0213,ACC_0107,76198.41,2025-03-27 04:24:02.000000,0,CLEAN
TXN_005224,ACC_0410,ACC_0034,18546.9,2025-03-27 05:19:12.000000,0,CLEAN
TXN_000114,ACC_0022,ACC_0206,1423498.27,2025-03-27 05:42:53.000000,0,CLEAN
TXN_003261,ACC_0434,ACC_0103,35716.28,2025-03-27 06:23:37.000000,0,CLEAN
TXN_001949,ACC_0033,ACC_0091,12889.76,2025-03-27 07:13:02.000000,0,CLEAN
TXN_006328,ACC_0460,ACC_0484,28021.62,2025-03-27 08:52:31.000000,0,CLEAN
TXN_005723,ACC_0261,ACC_0414,609145.13,2025-03-27 09:05:57.000000,0,CLEAN
TXN_010567,ACC_0166,ACC_0155,3705369.99,2025-03-27 09:50:12.987321,1,SHELL_LAYERING
TXN_005362,ACC_0236,ACC_0008,21977.96,2025-03-27 10:07:33.000000,0,CLEAN
TXN_000501,ACC_0332,ACC_0084,145357.36,2025-03-27 11:00:43.000000,0,CLEAN
TXN_006238,ACC_0316,ACC_0257,2967140.67,2025-03-27 11:01:45.000000,0,CLEAN
TXN_010446,ACC_0366,ACC_0218,4923196.44,2025-03-27 11:24:52.889368,1,SHELL_LAYERING
TXN_005378,ACC_0259,ACC_0441,10656.1,2025-03-27 11:59:17.000000,0,CLEAN
TXN_006389,ACC_0459,ACC_0274,31409.32,2025-03-27 12:29:11.000000,0,CLEAN
TXN_001854,ACC_0319,ACC_0074,223667.53,2025-03-27 12:42:30.000000,0,CLEAN
TXN_005419,ACC_0268,ACC_0266,6984.39,2025-03-27 15:17:24.000000,0,CLEAN
TXN_010263,ACC_0418,ACC_0124,1276667.8,2025-03-27 16:31:38.958589,1,SHELL_LAYERING
TXN_004972,ACC_0170,ACC_0027,20742.65,2025-03-27 16:47:46.000000,0,CLEAN
TXN_000865,ACC_0045,ACC_0097,28629.86,2025-03-27 18:32:54.000000,0,CLEAN
TXN_000069,ACC_0437,ACC_0266,21433.92,2025-03-27 19:07:34.000000,0,CLEAN
TXN_001631,ACC_0412,ACC_0045,37399.96,2025-03-27 19:13:05.000000,0,CLEAN
TXN_005091,ACC_0070,ACC_0270,24811.75,2025-03-27 19:24:34.000000,0,CLEAN
TXN_010580,ACC_0259,ACC_0366,3744961.12,2025-03-27 19:58:49.000000,1,SHELL_LAYERING
TXN_004642,ACC_0390,ACC_0449,171240.04,2025-03-27 20:04:50.000000,0,CLEAN
TXN_003807,ACC_0272,ACC_0110,108872.55,2025-03-27 20:08:24.000000,0,CLEAN
TXN_002620,ACC_0464,ACC_0473,17582.47,2025-03-27 20:21:40.000000,0,CLEAN
TXN_020510,ACC_0271,ACC_0284,196927.89,2025-03-27 20:45:08.000000,1,THRESHOLD_SPLIT
TXN_001853,ACC_0420,ACC_0411,4680.06,2025-03-27 20:50:54.000000,0,CLEAN
TXN_020511,ACC_0271,ACC_0284,199191.87,2025-03-27 20:54:08.000000,1,THRESHOLD_SPLIT
TXN_003881,ACC_0164,ACC_0093,47300.91,2025-03-27 21:33:04.000000,0,CLEAN
TXN_020512,ACC_0271,ACC_0284,196955.33,2025-03-27 21:43:08.000000,1,THRESHOLD_SPLIT
TXN_002960,ACC_0121,ACC_0440,462122.05,2025-03-27 21:44:47.000000,0,CLEAN
TXN_020513,ACC_0271,ACC_0284,199074.93,2025-03-27 22:15:08.000000,1,THRESHOLD_SPLIT
TXN_006180,ACC_0368,ACC_0454,22631.56,2025-03-27 22:51:37.000000,0,CLEAN
TXN_001615,ACC_0377,ACC_0145,16817.57,2025-03-28 01:16:38.000000,0,CLEAN
TXN_006200,ACC_0473,ACC_0441,216779.51,2025-03-28 01:27:14.000000,0,CLEAN
TXN_005771,ACC_0061,ACC_0028,110495.87,2025-03-28 02:17:28.000000,0,CLEAN
TXN_006488,ACC_0077,ACC_0106,35113.67,2025-03-28 02:18:24.000000,0,CLEAN
TXN_002984,ACC_0094,ACC_0323,7975.29,2025-03-28 02:25:00.000000,0,CLEAN
TXN_006068,ACC_0350,ACC_0308,50391.79,2025-03-28 03:34:25.000000,0,CLEAN
TXN_002102,ACC_0467,ACC_0047,14002.01,2025-03-28 04:08:13.000000,0,CLEAN
TXN_005361,ACC_0433,ACC_0091,229130.12,2025-03-28 04:17:54.000000,0,CLEAN
TXN_005387,ACC_0039,ACC_0260,10391.28,2025-03-28 04:19:01.000000,0,CLEAN
TXN_002577,ACC_0177,ACC_0216,83246.4,2025-03-28 04:32:15.000000,0,CLEAN
TXN_002772,ACC_0499,ACC_0430,136231.55,2025-03-28 04:59:03.000000,0,CLEAN
TXN_004748,ACC_0051,ACC_0325,124126.92,2025-03-28 05:40:17.000000,0,CLEAN
TXN_001090,ACC_0040,ACC_0236,7272.04,2025-03-28 06:04:12.000000,0,CLEAN
TXN_002645,ACC_0372,ACC_0455,73501.88,2025-03-28 06:13:00.000000,0,CLEAN
TXN_003403,ACC_0454,ACC_0296,8832.23,2025-03-28 06:15:33.000000,0,CLEAN
TXN_004015,ACC_0166,ACC_0348,9235.26,2025-03-28 06:37:00.000000,0,CLEAN
TXN_006002,ACC_0177,ACC_0422,70113.38,2025-03-28 06:58:30.000000,0,CLEAN
TXN_006105,ACC_0151,ACC_0353,2828.5,2025-03-28 08:19:19.000000,0,CLEAN
TXN_005506,ACC_0218,ACC_0375,22432.4,2025-03-28 09:01:59.000000,0,CLEAN
TXN_004170,ACC_0337,ACC_0273,96612.1,2025-03-28 09:28:43.000000,0,CLEAN
TXN_010566,ACC_0285,ACC_0166,3909751.35,2025-03-28 09:48:13.532138,1,SHELL_LAYERING
TXN_005426,ACC_0354,ACC_0123,99566.8,2025-03-28 09:53:06.000000,0,CLEAN
TXN_004132,ACC_0323,ACC_0335,64833.26,2025-03-28 10:24:05.000000,0,CLEAN
TXN_003479,ACC_0417,ACC_0343,7521.47,2025-03-28 10:40:26.000000,0,CLEAN
TXN_001313,ACC_0245,ACC_0236,139421.78,2025-03-28 11:31:06.000000,0,CLEAN
TXN_001223,ACC_0342,ACC_0177,91404.61,2025-03-28 12:57:35.000000,0,CLEAN
TXN_004374,ACC_0098,ACC_0361,14588.53,2025-03-28 13:26:16.000000,0,CLEAN
TXN_000339,ACC_0294,ACC_0113,26344.55,2025-03-28 13:28:43.000000,0,CLEAN
TXN_002359,ACC_0128,ACC_0398,48589.44,2025-03-28 13:57:39.000000,0,CLEAN
TXN_002626,ACC_0430,ACC_0112,2071.37,2025-03-28 14:23:00.000000,0,CLEAN
TXN_003437,ACC_0290,ACC_0208,4918.87,2025-03-28 14:25:40.000000,0,CLEAN
TXN_000673,ACC_0140,ACC_0144,33061.02,2025-03-28 14:33:50.000000,0,CLEAN
TXN_004852,ACC_0221,ACC_0453,46693.26,2025-03-28 15:14:44.000000,0,CLEAN
TXN_020500,ACC_0316,ACC_0476,198854.4,2025-03-28 15:16:50.000000,1,THRESHOLD_SPLIT
TXN_020501,ACC_0316,ACC_0476,195748.32,2025-03-28 15:47:50.000000,1,THRESHOLD_SPLIT
TXN_020502,ACC_0316,ACC_0476,196409.12,2025-03-28 16:22:50.000000,1,THRESHOLD_SPLIT
TXN_020503,ACC_0316,ACC_0476,199163.11,2025-03-28 16:43:50.000000,1,THRESHOLD_SPLIT
TXN_010582,ACC_0155,ACC_0395,3588988.48,2025-03-28 17:45:38.971432,1,SHELL_LAYERING
TXN_000062,ACC_0041,ACC_0270,134146.4,2025-03-28 17:59:47.000000,0,CLEAN
TXN_005635,ACC_0394,ACC_0118,6498.07,2025-03-28 19:34:06.000000,0,CLEAN
TXN_002201,ACC_0315,ACC_0295,186553.0,2025-03-28 19:54:56.000000,0,CLEAN
TXN_005556,ACC_0147,ACC_0215,40609.79,2025-03-28 19:58:36.000000,0,CLEAN
TXN_004158,ACC_0002,ACC_0285,52529.25,2025-03-28 20:15:22.000000,0,CLEAN
TXN_001091,ACC_0410,ACC_0293,453.94,2025-03-29 00:17:26.000000,0,CLEAN
TXN_002607,ACC_0075,ACC_0191,85698.06,2025-03-29 01:49:51.000000,0,CLEAN
TXN_004385,ACC_0458,ACC_0187,17831.69,2025-03-29 02:04:43.000000,0,CLEAN
TXN_003320,ACC_0481,ACC_0063,19933.39,2025-03-29 03:15:55.000000,0,CLEAN
TXN_002304,ACC_0474,ACC_0408,31470.43,2025-03-29 03:39:20.000000,0,CLEAN
TXN_005463,ACC_0181,ACC_0487,4613.46,2025-03-29 04:00:14.000000,0,CLEAN
TXN_000821,ACC_0486,ACC_0387,80381.48,2025-03-29 04:40:36.000000,0,CLEAN
TXN_000320,ACC_0193,ACC_0037,16715.09,2025-03-29 04:48:09.000000,0,CLEAN
TXN_004716,ACC_0064,ACC_0325,56187.36,2025-03-29 06:01:23.000000,0,CLEAN
TXN_000634,ACC_0054,ACC_0085,25178.99,2025-03-29 07:07:58.000000,0,CLEAN
TXN_005819,ACC_0328,ACC_0267,30972.78,2025-03-29 07:37:43.000000,0,CLEAN
TXN_001572,ACC_0322,ACC_0049,41480.82,2025-03-29 08:28:31.000000,0,CLEAN
TXN_020595,ACC_0114,ACC_0236,195660.53,2025-03-29 08:52:27.000000,1,THRESHOLD_SPLIT
TXN_003155,ACC_0387,ACC_0343,62705.88,2025-03-29 08:54:33.000000,0,CLEAN
TXN_010581,ACC_0366,ACC_0155,3873633.83,2025-03-29 09:01:09.898660,1,SHELL_LAYERING
TXN_020596,ACC_0114,ACC_0236,196719.55,2025-03-29 09:16:27.000000,1,THRESHOLD_SPLIT
TXN_020597,ACC_0114,ACC_0236,197957.83,2025-03-29 09:20:27.000000,1,THRESHOLD_SPLIT
TXN_004652,ACC_0211,ACC_0260,78996.0,2025-03-29 09:34:55.000000,0,CLEAN
TXN_020598,ACC_0114,ACC_0236,199819.75,2025-03-29 09:49:27.000000,1,THRESHOLD_SPLIT
TXN_005927,ACC_0410,ACC_0466,344987.87,2025-03-29 10:24:36.000000,0,CLEAN
TXN_006106,ACC_0169,ACC_0404,10779.62,2025-03-29 10:54:18.000000,0,CLEAN
TXN_001127,ACC_0395,ACC_0457,248084.46,2025-03-29 11:30:12.000000,0,CLEAN
TXN_000254,ACC_0139,ACC_0402,8742.06,2025-03-29 11:42:57.000000,0,CLEAN
TXN_004714,ACC_0369,ACC_0001,62354.44,2025-03-29 11:45:25.000000,0,CLEAN
TXN_010262,ACC_0221,ACC_0418,1223907.15,2025-03-29 12:16:36.230196,1,SHELL_LAYERING
TXN_001553,ACC_0205,ACC_0143,23026.73,2025-03-29 12:32:57.000000,0,CLEAN
TXN_001980,ACC_0211,ACC_0165,14635.55,2025-03-29 13:16:49.000000,0,CLEAN
TXN_000395,ACC_0161,ACC_0432,96092.34,2025-03-29 13:49:00.000000,0,CLEAN
TXN_001255,ACC_0208,ACC_0198,285069.37,2025-03-29 14:23:52.000000,0,CLEAN
TXN_004688,ACC_0447,ACC_0364,9163.98,2025-03-29 15:46:26.000000,0,CLEAN
TXN_002994,ACC_0480,ACC_0163,78217.55,2025-03-29 16:05:43.000000,0,CLEAN
TXN_003727,ACC_0168,ACC_0292,68156.27,2025-03-29 16:18:25.000000,0,CLEAN
TXN_010264,ACC_0124,ACC_0166,1292093.23,2025-03-29 20:06:50.370882,1,SHELL_LAYERING
TXN_003372,ACC_0158,ACC_0290,7001.97,2025-03-29 20:13:03.000000,0,CLEAN
TXN_001787,ACC_0184,ACC_0493,24901.71,2025-03-29 20:21:10.000000,0,CLEAN
TXN_002557,ACC_0190,ACC_0176,49344.6,2025-03-29 20:23:11.000000,0,CLEAN
TXN_002515,ACC_0420,ACC_0050,172399.25,2025-03-29 20:31:46.000000,0,CLEAN
TXN_001108,ACC_0186,ACC_0367,58960.26,2025-03-29 20:57:14.000000,0,CLEAN
TXN_001175,ACC_0183,ACC_0417,22393.35,2025-03-29 21:14:35.000000,0,CLEAN
TXN_005018,ACC_0376,ACC_0171,5657.04,2025-03-29 21:20:42.000000,0,CLEAN
TXN_002199,ACC_0338,ACC_0076,266572.09,2025-03-29 23:00:49.000000,0,CLEAN
TXN_003099,ACC_0318,ACC_0487,25816.93,2025-03-29 23:36:30.000000,0,CLEAN
TXN_006426,ACC_0231,ACC_0109,37482.86,2025-03-30 00:02:06.000000,0,CLEAN
TXN_002981,ACC_0377,ACC_0167,731.64,2025-03-30 00:21:10.000000,0,CLEAN
TXN_005519,ACC_0171,ACC_0141,154181.87,2025-03-30 01:17:44.000000,0,CLEAN
TXN_001398,ACC_0175,ACC_0473,84236.13,2025-03-30 01:19:26.000000,0,CLEAN
TXN_001981,ACC_0012,ACC_0092,478813.7,2025-03-30 02:18:19.000000,0,CLEAN
TXN_004796,ACC_0375,ACC_0066,40919.43,2025-03-30 02:25:27.000000,0,CLEAN
TXN_003015,ACC_0471,ACC_0476,74098.16,2025-03-30 02:25:54.000000,0,CLEAN
TXN_002011,ACC_0337,ACC_0243,82528.35,2025-03-30 02:34:28.000000,0,CLEAN
TXN_005059,ACC_0150,ACC_0007,116154.06,2025-03-30 03:07:56.000000,0,CLEAN
TXN_002260,ACC_0005,ACC_0241,93367.11,2025-03-30 03:57:19.000000,0,CLEAN
TXN_002235,ACC_0319,ACC_0092,16375.53,2025-03-30 05:37:52.000000,0,CLEAN
TXN_005761,ACC_0311,ACC_0324,115827.81,2025-03-30 06:02:01.000000,0,CLEAN
TXN_004906,ACC_0152,ACC_0357,3650.78,2025-03-30 06:30:16.000000,0,CLEAN
TXN_004752,ACC_0114,ACC_0398,18031.25,2025-03-30 06:43:43.000000,0,CLEAN
TXN_002798,ACC_0075,ACC_0394,6438.01,2025-03-30 06:45:05.000000,0,CLEAN
TXN_001486,ACC_0493,ACC_0099,107758.05,2025-03-30 07:19:50.000000,0,CLEAN
TXN_002525,ACC_0298,ACC_0012,20276.52,2025-03-30 07:42:42.000000,0,CLEAN
TXN_000054,ACC_0244,ACC_0078,60258.81,2025-03-30 08:21:15.000000,0,CLEAN
TXN_005938,ACC_0372,ACC_0447,77497.87,2025-03-30 08:24:14.000000,0,CLEAN
TXN_002484,ACC_0475,ACC_0312,3034.1,2025-03-30 08:24:40.000000,0,CLEAN
TXN_003154,ACC_0300,ACC_0371,45435.33,2025-03-30 08:26:42.000000,0,CLEAN
TXN_004454,ACC_0218,ACC_0125,59295.17,2025-03-30 08:33:58.000000,0,CLEAN
TXN_000569,ACC_0039,ACC_0255,61068.77,2025-03-30 09:22:31.000000,0,CLEAN
TXN_002028,ACC_0287,ACC_0090,793981.43,2025-03-30 10:01:41.000000,0,CLEAN
TXN_001658,ACC_0056,ACC_0327,248318.06,2025-03-30 10:03:08.000000,0,CLEAN
TXN_003353,ACC_0355,ACC_0108,6899.92,2025-03-30 10:28:07.000000,0,CLEAN
TXN_005424,ACC_0185,ACC_0118,2621.32,2025-03-30 12:16:50.000000,0,CLEAN
TXN_000987,ACC_0485,ACC_0148,2588.38,2025-03-30 12:46:14.000000,0,CLEAN
TXN_002594,ACC_0180,ACC_0145,9938.54,2025-03-30 12:46:17.000000,0,CLEAN
TXN_004729,ACC_0255,ACC_0333,152801.98,2025-03-30 13:06:08.000000,0,CLEAN
TXN_002232,ACC_0212,ACC_0441,84484.32,2025-03-30 13:14:51.000000,0,CLEAN
TXN_006160,ACC_0353,ACC_0368,126720.18,2025-03-30 13:25:18.000000,0,CLEAN
TXN_002413,ACC_0406,ACC_0049,113196.75,2025-03-30 13:58:27.000000,0,CLEAN
TXN_006183,ACC_0314,ACC_0387,33634.98,2025-03-30 14:17:59.000000,0,CLEAN
TXN_001049,ACC_0205,ACC_0204,228753.4,2025-03-30 15:37:28.000000,0,CLEAN
TXN_010584,ACC_0267,ACC_0259,3879357.67,2025-03-30 16:09:12.982710,1,SHELL_LAYERING
TXN_001961,ACC_0055,ACC_0232,110638.52,2025-03-30 17:18:37.000000,0,CLEAN
TXN_006346,ACC_0057,ACC_0484,41692.76,2025-03-30 17:33:31.000000,0,CLEAN
TXN_001121,ACC_0201,ACC_0110,4198.92,2025-03-30 17:59:19.000000,0,CLEAN
TXN_001539,ACC_0397,ACC_0089,2556.48,2025-03-30 18:41:16.000000,0,CLEAN
TXN_000408,ACC_0086,ACC_0400,95628.51,2025-03-30 19:16:19.000000,0,CLEAN
TXN_000373,ACC_0166,ACC_0100,12132.04,2025-03-30 20:20:22.000000,0,CLEAN
TXN_000961,ACC_0457,ACC_0465,5788.06,2025-03-30 20:26:14.000000,0,CLEAN
TXN_006309,ACC_0167,ACC_0273,5129.56,2025-03-30 21:17:06.000000,0,CLEAN
TXN_006060,ACC_0467,ACC_0082,23055.79,2025-03-30 21:21:27.000000,0,CLEAN
TXN_003767,ACC_0375,ACC_0221,1820.2,2025-03-30 21:38:01.000000,0,CLEAN
TXN_000289,ACC_0315,ACC_0100,3006.58,2025-03-30 21:47:23.000000,0,CLEAN
TXN_001889,ACC_0101,ACC_0257,171591.86,2025-03-30 22:22:14.000000,0,CLEAN
TXN_002587,ACC_0280,ACC_0227,226037.5,2025-03-30 22:28:03.000000,0,CLEAN
TXN_002611,ACC_0393,ACC_0074,23748.9,2025-03-30 22:37:28.000000,0,CLEAN
TXN_000833,ACC_0141,ACC_0267,339792.09,2025-03-30 23:10:01.000000,0,CLEAN
TXN_003030,ACC_0350,ACC_0331,343227.07,2025-03-30 23:11:58.000000,0,CLEAN
TXN_006555,ACC_0024,ACC_0167,2727.07,2025-03-30 23:23:17.000000,0,CLEAN
TXN_005161,ACC_0451,ACC_0370,9103.19,2025-03-31 00:03:59.000000,0,CLEAN
TXN_002401,ACC_0341,ACC_0267,19218.82,2025-03-31 00:09:38.000000,0,CLEAN
TXN_005962,ACC_0268,ACC_0292,28213.32,2025-03-31 00:23:24.000000,0,CLEAN
TXN_002492,ACC_0436,ACC_0238,40459.44,2025-03-31 01:07:57.000000,0,CLEAN
TXN_005691,ACC_0048,ACC_0276,7225.91,2025-03-31 01:12:03.000000,0,CLEAN
TXN_002006,ACC_0129,ACC_0006,3028692.72,2025-03-31 01:25:46.000000,0,CLEAN
TXN_004709,ACC_0077,ACC_0460,39874.69,2025-03-31 01:30:22.000000,0,CLEAN
TXN_001772,ACC_0183,ACC_0346,13179.76,2025-03-31 01:47:34.000000,0,CLEAN
TXN_003835,ACC_0199,ACC_0108,13789.21,2025-03-31 02:03:02.000000,0,CLEAN
TXN_001498,ACC_0492,ACC_0397,28435.67,2025-03-31 02:23:19.000000,0,CLEAN
TXN_005621,ACC_0154,ACC_0140,45325.9,2025-03-31 02:39:19.000000,0,CLEAN
TXN_003751,ACC_0366,ACC_0350,49811.58,2025-03-31 02:53:31.000000,0,CLEAN
TXN_000214,ACC_0491,ACC_0207,34322.21,2025-03-31 03:05:04.000000,0,CLEAN
TXN_002523,ACC_0082,ACC_0361,205017.6,2025-03-31 04:24:47.000000,0,CLEAN
TXN_002112,ACC_0370,ACC_0018,26843.06,2025-03-31 04:48:43.000000,0,CLEAN
TXN_002380,ACC_0041,ACC_0431,1264.78,2025-03-31 06:04:28.000000,0,CLEAN
TXN_002820,ACC_0192,ACC_0227,48737.17,2025-03-31 06:09:12.000000,0,CLEAN
TXN_003466,ACC_0174,ACC_0107,57911.14,2025-03-31 06:49:12.000000,0,CLEAN
TXN_010583,ACC_0395,ACC_0267,3638281.09,2025-03-31 07:10:52.565766,1,SHELL_LAYERING
TXN_003757,ACC_0450,ACC_0251,307657.9,2025-03-31 08:42:31.000000,0,CLEAN
TXN_005109,ACC_0447,ACC_0265,38428.12,2025-03-31 08:47:02.000000,0,CLEAN
TXN_003093,ACC_0014,ACC_0042,3947.48,2025-03-31 08:50:31.000000,0,CLEAN
TXN_005941,ACC_0444,ACC_0250,29959.59,2025-03-31 08:55:25.000000,0,CLEAN
TXN_004283,ACC_0003,ACC_0316,8368.67,2025-03-31 09:24:16.000000,0,CLEAN
TXN_004070,ACC_0275,ACC_0437,14844.47,2025-03-31 10:33:52.000000,0,CLEAN
TXN_002075,ACC_0079,ACC_0322,6850.31,2025-03-31 10:38:06.000000,0,CLEAN
TXN_000102,ACC_0117,ACC_0127,133841.14,2025-03-31 10:40:09.000000,0,CLEAN
TXN_004926,ACC_0070,ACC_0299,154177.59,2025-03-31 10:59:18.000000,0,CLEAN
TXN_004640,ACC_0363,ACC_0396,15349.67,2025-03-31 11:12:33.000000,0,CLEAN
TXN_006540,ACC_0225,ACC_0437,114643.51,2025-03-31 11:13:04.000000,0,CLEAN
TXN_006270,ACC_0239,ACC_0116,34611.07,2025-03-31 11:30:03.000000,0,CLEAN
TXN_004964,ACC_0008,ACC_0458,1898.87,2025-03-31 11:42:06.000000,0,CLEAN
TXN_003377,ACC_0258,ACC_0326,52287.21,2025-03-31 12:07:05.000000,0,CLEAN
TXN_002173,ACC_0154,ACC_0273,16183.33,2025-03-31 12:17:54.000000,0,CLEAN
TXN_000666,ACC_0062,ACC_0021,289644.4,2025-03-31 12:23:31.000000,0,CLEAN
TXN_005096,ACC_0492,ACC_0210,67114.66,2025-03-31 13:44:21.000000,0,CLEAN
TXN_001970,ACC_0423,ACC_0146,181582.81,2025-03-31 14:02:01.000000,0,CLEAN
TXN_003702,ACC_0369,ACC_0417,8280.76,2025-03-31 14:17:06.000000,0,CLEAN
TXN_003786,ACC_0345,ACC_0384,18279.77,2025-03-31 16:37:42.000000,0,CLEAN
TXN_010265,ACC_0166,ACC_0233,1197130.07,2025-03-31 17:04:27.875010,1,SHELL_LAYERING
TXN_000360,ACC_0286,ACC_0218,49236.21,2025-03-31 17:19:42.000000,0,CLEAN
TXN_002658,ACC_0089,ACC_0285,266455.16,2025-03-31 17:38:06.000000,0,CLEAN
TXN_006408,ACC_0363,ACC_0499,10002.39,2025-03-31 17:46:16.000000,0,CLEAN
TXN_006074,ACC_0081,ACC_0126,46079.99,2025-03-31 18:03:54.000000,0,CLEAN
TXN_000076,ACC_0029,ACC_0287,51710.79,2025-03-31 18:50:20.000000,0,CLEAN
TXN_003006,ACC_0464,ACC_0045,58950.99,2025-03-31 19:03:22.000000,0,CLEAN
TXN_005990,ACC_0140,ACC_0136,42702.86,2025-03-31 19:07:56.000000,0,CLEAN
TXN_002077,ACC_0458,ACC_0171,161989.72,2025-03-31 19:16:00.000000,0,CLEAN
TXN_020100,ACC_0339,ACC_0218,196947.26,2025-03-31 20:17:17.000000,1,THRESHOLD_SPLIT
TXN_003485,ACC_0004,ACC_0064,1598.55,2025-03-31 20:18:12.000000,0,CLEAN
TXN_020101,ACC_0339,ACC_0218,199572.07,2025-03-31 20:46:17.000000,1,THRESHOLD_SPLIT
TXN_003149,ACC_0379,ACC_0338,19021.24,2025-03-31 21:10:20.000000,0,CLEAN
TXN_002186,ACC_0303,ACC_0306,73416.31,2025-03-31 21:18:34.000000,0,CLEAN
TXN_004280,ACC_0018,ACC_0479,55194.9,2025-03-31 22:00:06.000000,0,CLEAN
TXN_000340,ACC_0191,ACC_0201,33718.58,2025-03-31 22:01:51.000000,0,CLEAN
TXN_000638,ACC_0231,ACC_0157,88974.06,2025-03-31 23:21:05.000000,0,CLEAN
TXN_003182,ACC_0154,ACC_0395,47478.97,2025-03-31 23:43:10.000000,0,CLEAN
TXN_003129,ACC_0174,ACC_0499,14056.88,2025-04-01 00:10:56.000000,0,CLEAN
TXN_001670,ACC_0255,ACC_0190,159691.93,2025-04-01 00:55:34.000000,0,CLEAN
TXN_000950,ACC_0299,ACC_0150,57713.68,2025-04-01 01:16:52.000000,0,CLEAN
TXN_005151,ACC_0409,ACC_0054,41129.51,2025-04-01 02:13:39.000000,0,CLEAN
TXN_002296,ACC_0026,ACC_0086,85792.92,2025-04-01 02:27:58.000000,0,CLEAN
TXN_002455,ACC_0259,ACC_0112,499341.14,2025-04-01 03:24:12.000000,0,CLEAN
TXN_003792,ACC_0343,ACC_0384,3920.27,2025-04-01 03:32:27.000000,0,CLEAN
TXN_006169,ACC_0297,ACC_0244,104191.93,2025-04-01 03:39:39.000000,0,CLEAN
TXN_002529,ACC_0189,ACC_0321,38240.92,2025-04-01 03:46:30.000000,0,CLEAN
TXN_001333,ACC_0148,ACC_0068,55864.6,2025-04-01 05:39:51.000000,0,CLEAN
TXN_005939,ACC_0222,ACC_0024,80158.33,2025-04-01 05:57:12.000000,0,CLEAN
TXN_004665,ACC_0460,ACC_0418,156440.87,2025-04-01 06:22:19.000000,0,CLEAN
TXN_020125,ACC_0353,ACC_0366,175311.83,2025-04-01 06:46:30.000000,1,THRESHOLD_SPLIT
TXN_001877,ACC_0138,ACC_0027,4968.77,2025-04-01 06:52:28.000000,0,CLEAN
TXN_020126,ACC_0353,ACC_0366,175311.83,2025-04-01 07:15:30.000000,1,THRESHOLD_SPLIT
TXN_020127,ACC_0353,ACC_0366,175311.83,2025-04-01 08:12:30.000000,1,THRESHOLD_SPLIT
TXN_002150,ACC_0386,ACC_0392,9305.54,2025-04-01 10:17:51.000000,0,CLEAN
TXN_004663,ACC_0047,ACC_0179,37199.03,2025-04-01 11:08:49.000000,0,CLEAN
TXN_000163,ACC_0144,ACC_0195,16072.47,2025-04-01 12:53:04.000000,0,CLEAN
TXN_005846,ACC_0156,ACC_0083,18987.9,2025-04-01 15:38:16.000000,0,CLEAN
TXN_003890,ACC_0218,ACC_0372,78615.6,2025-04-01 16:43:25.000000,0,CLEAN
TXN_002889,ACC_0380,ACC_0481,44738.54,2025-04-01 17:45:14.000000,0,CLEAN
TXN_005347,ACC_0491,ACC_0195,8171.99,2025-04-01 17:55:37.000000,0,CLEAN
TXN_005832,ACC_0132,ACC_0111,18678.06,2025-04-01 19:35:05.000000,0,CLEAN
TXN_005160,ACC_0492,ACC_0071,33450.85,2025-04-01 20:36:18.000000,0,CLEAN
TXN_006469,ACC_0457,ACC_0243,125442.78,2025-04-01 21:03:26.000000,0,CLEAN
TXN_001754,ACC_0426,ACC_0040,5549.2,2025-04-01 21:18:49.000000,0,CLEAN
TXN_003134,ACC_0042,ACC_0149,68344.69,2025-04-01 22:03:34.000000,0,CLEAN
TXN_003701,ACC_0282,ACC_0388,7077.58,2025-04-02 00:28:44.000000,0,CLEAN
TXN_003031,ACC_0043,ACC_0005,589219.18,2025-04-02 01:08:48.000000,0,CLEAN
TXN_002261,ACC_0262,ACC_0464,10867.44,2025-04-02 02:46:53.000000,0,CLEAN
TXN_001082,ACC_0258,ACC_0435,7913.04,2025-04-02 03:02:41.000000,0,CLEAN
TXN_006392,ACC_0159,ACC_0244,5615.41,2025-04-02 03:58:04.000000,0,CLEAN
TXN_003581,ACC_0074,ACC_0076,12742.53,2025-04-02 04:08:21.000000,0,CLEAN
TXN_010840,ACC_0129,ACC_0440,2955549.96,2025-04-02 04:20:38.000000,1,SHELL_LAYERING
TXN_004754,ACC_0100,ACC_0439,10651.72,2025-04-02 04:22:28.000000,0,CLEAN
TXN_005448,ACC_0364,ACC_0477,2980.53,2025-04-02 05:42:27.000000,0,CLEAN
TXN_020425,ACC_0329,ACC_0218,197393.94,2025-04-02 05:56:53.000000,1,THRESHOLD_SPLIT
TXN_004675,ACC_0279,ACC_0079,541525.34,2025-04-02 06:12:27.000000,0,CLEAN
TXN_020426,ACC_0329,ACC_0218,196188.65,2025-04-02 06:38:53.000000,1,THRESHOLD_SPLIT
TXN_002559,ACC_0424,ACC_0062,20059.92,2025-04-02 07:07:20.000000,0,CLEAN
TXN_004557,ACC_0485,ACC_0153,37391.08,2025-04-02 07:13:06.000000,0,CLEAN
TXN_006078,ACC_0443,ACC_0266,53135.79,2025-04-02 07:20:01.000000,0,CLEAN
TXN_020427,ACC_0329,ACC_0218,196493.28,2025-04-02 07:22:53.000000,1,THRESHOLD_SPLIT
TXN_003069,ACC_0093,ACC_0018,140931.09,2025-04-02 07:30:44.000000,0,CLEAN
TXN_006196,ACC_0498,ACC_0260,162038.47,2025-04-02 08:43:06.000000,0,CLEAN
TXN_000951,ACC_0435,ACC_0060,466644.23,2025-04-02 08:51:33.000000,0,CLEAN
TXN_003645,ACC_0041,ACC_0402,701.98,2025-04-02 09:28:06.000000,0,CLEAN
TXN_005397,ACC_0333,ACC_0191,183922.75,2025-04-02 09:33:04.000000,0,CLEAN
TXN_002138,ACC_0066,ACC_0014,7717.26,2025-04-02 09:47:12.000000,0,CLEAN
TXN_000940,ACC_0150,ACC_0049,98156.84,2025-04-02 09:59:52.000000,0,CLEAN
TXN_005882,ACC_0176,ACC_0051,16768.27,2025-04-02 10:05:24.000000,0,CLEAN
TXN_005760,ACC_0367,ACC_0475,303949.76,2025-04-02 10:07:49.000000,0,CLEAN
TXN_002035,ACC_0033,ACC_0150,23326.96,2025-04-02 10:09:55.000000,0,CLEAN
TXN_003039,ACC_0476,ACC_0120,28551.36,2025-04-02 10:42:14.000000,0,CLEAN
TXN_000530,ACC_0088,ACC_0391,24684.61,2025-04-02 11:05:14.000000,0,CLEAN
TXN_002407,ACC_0334,ACC_0009,6666.8,2025-04-02 12:02:33.000000,0,CLEAN
TXN_005724,ACC_0217,ACC_0341,79311.16,2025-04-02 14:13:49.000000,0,CLEAN
TXN_006054,ACC_0291,ACC_0321,23843.02,2025-04-02 15:16:35.000000,0,CLEAN
TXN_006218,ACC_0477,ACC_0134,497263.73,2025-04-02 15:35:38.000000,0,CLEAN
TXN_000084,ACC_0035,ACC_0479,47705.38,2025-04-02 16:00:40.000000,0,CLEAN
TXN_006062,ACC_0122,ACC_0089,27174.75,2025-04-02 16:27:59.000000,0,CLEAN
TXN_010841,ACC_0440,ACC_0285,2999773.99,2025-04-02 17:03:54.753698,1,SHELL_LAYERING
TXN_002253,ACC_0045,ACC_0126,28962.1,2025-04-02 17:47:02.000000,0,CLEAN
TXN_010843,ACC_0155,ACC_0129,3018041.97,2025-04-02 21:01:50.190803,1,SHELL_LAYERING
TXN_003991,ACC_0477,ACC_0248,8635.58,2025-04-02 21:25:11.000000,0,CLEAN
TXN_004095,ACC_0216,ACC_0348,46033.92,2025-04-02 22:18:16.000000,0,CLEAN
TXN_005762,ACC_0251,ACC_0088,28659.6,2025-04-02 22:25:46.000000,0,CLEAN
TXN_005851,ACC_0374,ACC_0204,7654.22,2025-04-02 23:00:20.000000,0,CLEAN
TXN_003264,ACC_0427,ACC_0414,50952.15,2025-04-02 23:25:52.000000,0,CLEAN
TXN_005131,ACC_0104,ACC_0053,132884.64,2025-04-02 23:47:58.000000,0,CLEAN
TXN_003654,ACC_0489,ACC_0253,160371.67,2025-04-02 23:52:22.000000,0,CLEAN
TXN_001942,ACC_0198,ACC_0252,5227.07,2025-04-03 00:17:12.000000,0,CLEAN
TXN_002576,ACC_0477,ACC_0067,116161.09,2025-04-03 00:33:25.000000,0,CLEAN
TXN_001008,ACC_0280,ACC_0129,41465.22,2025-04-03 02:50:49.000000,0,CLEAN
TXN_002460,ACC_0495,ACC_0466,10543.12,2025-04-03 02:55:26.000000,0,CLEAN
TXN_000813,ACC_0443,ACC_0480,83844.19,2025-04-03 04:50:31.000000,0,CLEAN
TXN_001220,ACC_0316,ACC_0271,78406.23,2025-04-03 04:59:41.000000,0,CLEAN
TXN_002221,ACC_0339,ACC_0088,17006.99,2025-04-03 05:03:40.000000,0,CLEAN
TXN_005835,ACC_0323,ACC_0095,41197.86,2025-04-03 06:38:17.000000,0,CLEAN
TXN_002875,ACC_0410,ACC_0271,7816.23,2025-04-03 06:54:40.000000,0,CLEAN
TXN_002164,ACC_0015,ACC_0034,72751.84,2025-04-03 07:13:07.000000,0,CLEAN
TXN_000230,ACC_0454,ACC_0290,48716.25,2025-04-03 07:59:31.000000,0,CLEAN
TXN_005999,ACC_0277,ACC_0199,21223.85,2025-04-03 08:28:12.000000,0,CLEAN
TXN_006387,ACC_0033,ACC_0058,544902.22,2025-04-03 08:52:23.000000,0,CLEAN
TXN_002830,ACC_0292,ACC_0240,143008.23,2025-04-03 09:54:22.000000,0,CLEAN
TXN_002441,ACC_0405,ACC_0395,18038.38,2025-04-03 10:22:44.000000,0,CLEAN
TXN_006174,ACC_0226,ACC_0042,147869.33,2025-04-03 10:29:15.000000,0,CLEAN
TXN_002680,ACC_0321,ACC_0352,157571.27,2025-04-03 10:30:37.000000,0,CLEAN
TXN_004019,ACC_0219,ACC_0481,9445.13,2025-04-03 10:53:20.000000,0,CLEAN
TXN_001620,ACC_0166,ACC_0443,1354473.17,2025-04-03 11:02:30.000000,0,CLEAN
TXN_003339,ACC_0454,ACC_0066,22800.52,2025-04-03 11:30:00.000000,0,CLEAN
TXN_004040,ACC_0131,ACC_0341,7628.98,2025-04-03 11:43:46.000000,0,CLEAN
TXN_003470,ACC_0001,ACC_0312,20014.39,2025-04-03 12:47:09.000000,0,CLEAN
TXN_000485,ACC_0000,ACC_0110,6389.77,2025-04-03 14:04:49.000000,0,CLEAN
TXN_006126,ACC_0264,ACC_0207,63595.66,2025-04-03 14:51:41.000000,0,CLEAN
TXN_001639,ACC_0484,ACC_0386,4018.69,2025-04-03 15:17:37.000000,0,CLEAN
TXN_001423,ACC_0068,ACC_0131,51993.31,2025-04-03 15:38:21.000000,0,CLEAN
TXN_004579,ACC_0354,ACC_0239,333403.2,2025-04-03 16:55:15.000000,0,CLEAN
TXN_000004,ACC_0449,ACC_0243,13684.73,2025-04-03 17:04:16.000000,0,CLEAN
TXN_000491,ACC_0355,ACC_0067,1698.32,2025-04-03 18:14:40.000000,0,CLEAN
TXN_003982,ACC_0299,ACC_0120,10221.71,2025-04-03 19:09:43.000000,0,CLEAN
TXN_004933,ACC_0123,ACC_0296,21639.59,2025-04-03 19:18:01.000000,0,CLEAN
TXN_001051,ACC_0353,ACC_0436,26755.34,2025-04-03 20:46:59.000000,0,CLEAN
TXN_003742,ACC_0274,ACC_0214,14990.34,2025-04-03 20:48:42.000000,0,CLEAN
TXN_002165,ACC_0057,ACC_0180,4671.77,2025-04-03 22:40:49.000000,0,CLEAN
TXN_005293,ACC_0310,ACC_0203,44767.9,2025-04-03 22:54:36.000000,0,CLEAN
TXN_005755,ACC_0140,ACC_0329,1328.84,2025-04-03 23:03:58.000000,0,CLEAN
TXN_005259,ACC_0454,ACC_0282,130587.96,2025-04-03 23:14:12.000000,0,CLEAN
TXN_001375,ACC_0246,ACC_0346,294644.76,2025-04-03 23:26:16.000000,0,CLEAN
TXN_000158,ACC_0382,ACC_0387,48880.17,2025-04-03 23:55:58.000000,0,CLEAN
TXN_004346,ACC_0172,ACC_0219,1383.93,2025-04-04 01:12:42.000000,0,CLEAN
TXN_002513,ACC_0271,ACC_0201,4466.33,2025-04-04 01:33:25.000000,0,CLEAN
TXN_000153,ACC_0286,ACC_0111,6906.45,2025-04-04 02:08:20.000000,0,CLEAN
TXN_002717,ACC_0472,ACC_0008,16536.54,2025-04-04 02:43:00.000000,0,CLEAN
TXN_006241,ACC_0166,ACC_0371,20138.02,2025-04-04 03:29:00.000000,0,CLEAN
TXN_000685,ACC_0365,ACC_0183,148918.85,2025-04-04 03:29:29.000000,0,CLEAN
TXN_004324,ACC_0004,ACC_0223,33058.29,2025-04-04 05:51:41.000000,0,CLEAN
TXN_005364,ACC_0494,ACC_0183,15520.89,2025-04-04 05:55:51.000000,0,CLEAN
TXN_001025,ACC_0106,ACC_0353,185929.52,2025-04-04 08:03:22.000000,0,CLEAN
TXN_003603,ACC_0109,ACC_0123,137212.59,2025-04-04 08:26:22.000000,0,CLEAN
TXN_003912,ACC_0287,ACC_0311,7423.0,2025-04-04 08:53:49.000000,0,CLEAN
TXN_001839,ACC_0390,ACC_0069,13487.5,2025-04-04 09:15:40.000000,0,CLEAN
TXN_006477,ACC_0071,ACC_0074,163301.63,2025-04-04 09:18:22.000000,0,CLEAN
TXN_005552,ACC_0182,ACC_0279,21063.62,2025-04-04 09:25:53.000000,0,CLEAN
TXN_003177,ACC_0013,ACC_0108,28987.95,2025-04-04 10:10:07.000000,0,CLEAN
TXN_005114,ACC_0148,ACC_0290,16873.78,2025-04-04 11:48:10.000000,0,CLEAN
TXN_002074,ACC_0330,ACC_0069,1850913.09,2025-04-04 11:55:54.000000,0,CLEAN
TXN_004696,ACC_0482,ACC_0214,170103.24,2025-04-04 12:32:10.000000,0,CLEAN
TXN_001391,ACC_0241,ACC_0445,36667.04,2025-04-04 12:44:14.000000,0,CLEAN
TXN_001076,ACC_0372,ACC_0127,3220.53,2025-04-04 13:57:18.000000,0,CLEAN
TXN_002373,ACC_0418,ACC_0399,15109.42,2025-04-04 14:35:31.000000,0,CLEAN
TXN_003851,ACC_0435,ACC_0341,38997.01,2025-04-04 14:53:25.000000,0,CLEAN
TXN_002176,ACC_0280,ACC_0081,61357.65,2025-04-04 16:01:43.000000,0,CLEAN
TXN_004107,ACC_0226,ACC_0357,75650.69,2025-04-04 16:20:28.000000,0,CLEAN
TXN_001057,ACC_0466,ACC_0302,10885.99,2025-04-04 17:25:40.000000,0,CLEAN
TXN_000775,ACC_0314,ACC_0458,44917.17,2025-04-04 17:42:59.000000,0,CLEAN
TXN_000343,ACC_0176,ACC_0012,64448.04,2025-04-04 17:52:34.000000,0,CLEAN
TXN_000349,ACC_0105,ACC_0267,16374.89,2025-04-04 18:35:53.000000,0,CLEAN
TXN_001133,ACC_0429,ACC_0299,170236.04,2025-04-04 18:37:33.000000,0,CLEAN
TXN_001869,ACC_0132,ACC_0281,231820.22,2025-04-04 19:03:57.000000,0,CLEAN
TXN_006187,ACC_0168,ACC_0260,9062.6,2025-04-04 20:14:47.000000,0,CLEAN
TXN_001343,ACC_0376,ACC_0374,41742.18,2025-04-04 21:17:21.000000,0,CLEAN
TXN_002042,ACC_0270,ACC_0044,26225.16,2025-04-04 22:01:58.000000,0,CLEAN
TXN_006422,ACC_0292,ACC_0246,69461.58,2025-04-04 22:52:49.000000,0,CLEAN
TXN_006134,ACC_0246,ACC_0089,11608.06,2025-04-04 23:35:46.000000,0,CLEAN
TXN_010420,ACC_0155,ACC_0310,1909760.19,2025-04-05 00:05:25.000000,1,SHELL_LAYERING
TXN_000867,ACC_0208,ACC_0380,8956.17,2025-04-05 01:44:55.000000,0,CLEAN
TXN_005533,ACC_0240,ACC_0077,9545.99,2025-04-05 01:58:01.000000,0,CLEAN
TXN_004016,ACC_0119,ACC_0311,19416.03,2025-04-05 02:06:07.000000,0,CLEAN
TXN_000686,ACC_0278,ACC_0401,8318.76,2025-04-05 02:46:12.000000,0,CLEAN
TXN_003349,ACC_0258,ACC_0065,4231.33,2025-04-05 03:09:57.000000,0,CLEAN
TXN_003186,ACC_0359,ACC_0227,1510248.67,2025-04-05 04:28:55.000000,0,CLEAN
TXN_002470,ACC_0402,ACC_0014,2062.38,2025-04-05 04:32:59.000000,0,CLEAN
TXN_003074,ACC_0363,ACC_0287,5404.07,2025-04-05 05:11:37.000000,0,CLEAN
TXN_001744,ACC_0103,ACC_0054,410782.38,2025-04-05 05:59:22.000000,0,CLEAN
TXN_005574,ACC_0027,ACC_0138,470238.23,2025-04-05 06:37:08.000000,0,CLEAN
TXN_006521,ACC_0365,ACC_0413,3170.87,2025-04-05 06:49:16.000000,0,CLEAN
TXN_003362,ACC_0155,ACC_0150,35933.76,2025-04-05 08:34:37.000000,0,CLEAN
TXN_004325,ACC_0148,ACC_0144,52149.0,2025-04-05 08:35:39.000000,0,CLEAN
TXN_010423,ACC_0129,ACC_0139,1893774.29,2025-04-05 08:57:37.678281,1,SHELL_LAYERING
TXN_003197,ACC_0249,ACC_0204,59808.99,2025-04-05 09:23:40.000000,0,CLEAN
TXN_005921,ACC_0232,ACC_0005,10585.9,2025-04-05 09:34:25.000000,0,CLEAN
TXN_005308,ACC_0486,ACC_0318,2093905.09,2025-04-05 09:53:31.000000,0,CLEAN
TXN_005491,ACC_0147,ACC_0140,57502.53,2025-04-05 11:53:12.000000,0,CLEAN
TXN_000390,ACC_0216,ACC_0095,124333.56,2025-04-05 12:02:51.000000,0,CLEAN
TXN_001234,ACC_0260,ACC_0228,120561.21,2025-04-05 12:40:27.000000,0,CLEAN
TXN_005057,ACC_0083,ACC_0156,175132.17,2025-04-05 12:46:04.000000,0,CLEAN
TXN_000731,ACC_0327,ACC_0492,4653.13,2025-04-05 14:30:59.000000,0,CLEAN
TXN_002826,ACC_0366,ACC_0199,36184.79,2025-04-05 15:42:16.000000,0,CLEAN
TXN_004090,ACC_0091,ACC_0439,14466.9,2025-04-05 15:56:10.000000,0,CLEAN
TXN_002163,ACC_0166,ACC_0233,8755.86,2025-04-05 15:56:45.000000,0,CLEAN
TXN_006194,ACC_0484,ACC_0093,79303.24,2025-04-05 16:17:22.000000,0,CLEAN
TXN_001345,ACC_0112,ACC_0390,7773.59,2025-04-05 16:34:37.000000,0,CLEAN
TXN_004946,ACC_0197,ACC_0096,4795.05,2025-04-05 16:35:35.000000,0,CLEAN
TXN_004851,ACC_0488,ACC_0369,63779.29,2025-04-05 17:27:39.000000,0,CLEAN
TXN_001709,ACC_0054,ACC_0065,36276.92,2025-04-05 17:30:45.000000,0,CLEAN
TXN_000200,ACC_0247,ACC_0338,16579.39,2025-04-05 17:33:58.000000,0,CLEAN
TXN_001840,ACC_0286,ACC_0101,103594.82,2025-04-05 17:35:51.000000,0,CLEAN
TXN_000453,ACC_0188,ACC_0233,316679.95,2025-04-05 18:27:07.000000,0,CLEAN
TXN_001808,ACC_0247,ACC_0088,80963.89,2025-04-05 19:31:58.000000,0,CLEAN
TXN_002858,ACC_0050,ACC_0414,72204.1,2025-04-05 19:54:58.000000,0,CLEAN
TXN_005502,ACC_0099,ACC_0003,8838.83,2025-04-05 19:57:00.000000,0,CLEAN
TXN_004124,ACC_0123,ACC_0204,61968.36,2025-04-05 21:09:42.000000,0,CLEAN
TXN_005654,ACC_0287,ACC_0407,107676.61,2025-04-05 21:37:56.000000,0,CLEAN
TXN_000071,ACC_0367,ACC_0298,448945.14,2025-04-05 22:06:12.000000,0,CLEAN
TXN_010960,ACC_0292,ACC_0376,2830954.38,2025-04-05 22:06:53.000000,1,SHELL_LAYERING
TXN_002406,ACC_0376,ACC_0072,19452.06,2025-04-05 22:24:52.000000,0,CLEAN
TXN_010842,ACC_0285,ACC_0155,2780452.94,2025-04-05 23:12:41.975432,1,SHELL_LAYERING
TXN_006340,ACC_0061,ACC_0482,13983.93,2025-04-05 23:24:37.000000,0,CLEAN
TXN_000445,ACC_0346,ACC_0201,7294.48,2025-04-06 01:02:34.000000,0,CLEAN
TXN_003346,ACC_0225,ACC_0353,186519.77,2025-04-06 01:25:36.000000,0,CLEAN
TXN_004212,ACC_0420,ACC_0413,67134.56,2025-04-06 01:47:17.000000,0,CLEAN
TXN_003121,ACC_0262,ACC_0102,61526.29,2025-04-06 01:48:31.000000,0,CLEAN
TXN_000393,ACC_0284,ACC_0085,209807.01,2025-04-06 01:53:50.000000,0,CLEAN
TXN_005641,ACC_0442,ACC_0483,33897.85,2025-04-06 02:41:12.000000,0,CLEAN
TXN_001747,ACC_0198,ACC_0337,4937.08,2025-04-06 03:08:39.000000,0,CLEAN
TXN_001950,ACC_0443,ACC_0315,9188.54,2025-04-06 03:17:57.000000,0,CLEAN
TXN_005736,ACC_0286,ACC_0226,14085.43,2025-04-06 04:00:04.000000,0,CLEAN
TXN_000991,ACC_0175,ACC_0462,1685038.43,2025-04-06 04:23:53.000000,0,CLEAN
TXN_004171,ACC_0071,ACC_0296,3143.2,2025-04-06 05:37:45.000000,0,CLEAN
TXN_002635,ACC_0201,ACC_0099,70580.08,2025-04-06 05:44:03.000000,0,CLEAN
TXN_004447,ACC_0096,ACC_0292,4905.36,2025-04-06 05:58:52.000000,0,CLEAN
TXN_002662,ACC_0148,ACC_0284,18239.86,2025-04-06 06:17:40.000000,0,CLEAN
TXN_000183,ACC_0328,ACC_0379,75664.31,2025-04-06 06:20:28.000000,0,CLEAN
TXN_002367,ACC_0481,ACC_0394,9604.42,2025-04-06 06:43:55.000000,0,CLEAN
TXN_006019,ACC_0284,ACC_0381,60417.48,2025-04-06 07:05:34.000000,0,CLEAN
TXN_003115,ACC_0061,ACC_0153,109311.44,2025-04-06 07:30:14.000000,0,CLEAN
TXN_004814,ACC_0200,ACC_0051,13561.17,2025-04-06 08:23:53.000000,0,CLEAN
TXN_004358,ACC_0094,ACC_0130,44180.33,2025-04-06 09:33:37.000000,0,CLEAN
TXN_003406,ACC_0301,ACC_0023,265175.77,2025-04-06 10:25:49.000000,0,CLEAN
TXN_002824,ACC_0361,ACC_0084,190197.07,2025-04-06 10:27:39.000000,0,CLEAN
TXN_002972,ACC_0399,ACC_0482,39276.74,2025-04-06 11:27:00.000000,0,CLEAN
TXN_003962,ACC_0086,ACC_0418,128625.2,2025-04-06 11:35:47.000000,0,CLEAN
TXN_000401,ACC_0209,ACC_0351,20130.51,2025-04-06 11:36:31.000000,0,CLEAN
TXN_004488,ACC_0461,ACC_0057,48479.45,2025-04-06 12:03:00.000000,0,CLEAN
TXN_001638,ACC_0352,ACC_0473,5660.91,2025-04-06 12:34:03.000000,0,CLEAN
TXN_001660,ACC_0358,ACC_0318,6855.54,2025-04-06 12:52:03.000000,0,CLEAN
TXN_006283,ACC_0404,ACC_0275,24382.26,2025-04-06 12:55:49.000000,0,CLEAN
TXN_004288,ACC_0051,ACC_0221,1579.0,2025-04-06 13:06:04.000000,0,CLEAN
TXN_010421,ACC_0310,ACC_0267,1984250.04,2025-04-06 13:18:54.338613,1,SHELL_LAYERING
TXN_002810,ACC_0266,ACC_0393,6168.36,2025-04-06 13:45:36.000000,0,CLEAN
TXN_000711,ACC_0414,ACC_0452,12844.13,2025-04-06 13:56:34.000000,0,CLEAN
TXN_001528,ACC_0317,ACC_0161,49736.24,2025-04-06 14:28:20.000000,0,CLEAN
TXN_020155,ACC_0043,ACC_0236,197937.26,2025-04-06 15:00:35.000000,1,THRESHOLD_SPLIT
TXN_020156,ACC_0043,ACC_0236,197329.07,2025-04-06 15:30:35.000000,1,THRESHOLD_SPLIT
TXN_001524,ACC_0489,ACC_0339,391.79,2025-04-06 15:59:04.000000,0,CLEAN
TXN_020157,ACC_0043,ACC_0236,196496.53,2025-04-06 16:20:35.000000,1,THRESHOLD_SPLIT
TXN_003495,ACC_0018,ACC_0144,37899.24,2025-04-06 16:47:27.000000,0,CLEAN
TXN_004246,ACC_0283,ACC_0476,44710.68,2025-04-06 16:50:59.000000,0,CLEAN
TXN_005148,ACC_0491,ACC_0301,318600.94,2025-04-06 17:22:45.000000,0,CLEAN
TXN_000282,ACC_0154,ACC_0137,64234.57,2025-04-06 18:07:26.000000,0,CLEAN
TXN_005478,ACC_0118,ACC_0153,52040.97,2025-04-06 18:54:51.000000,0,CLEAN
TXN_020355,ACC_0184,ACC_0476,198779.21,2025-04-06 19:10:57.000000,1,THRESHOLD_SPLIT
TXN_020356,ACC_0184,ACC_0476,195938.75,2025-04-06 19:22:57.000000,1,THRESHOLD_SPLIT
TXN_020357,ACC_0184,ACC_0476,199402.47,2025-04-06 19:36:57.000000,1,THRESHOLD_SPLIT
TXN_002009,ACC_0311,ACC_0452,4995.6,2025-04-06 19:43:19.000000,0,CLEAN
TXN_003777,ACC_0111,ACC_0466,8519.54,2025-04-06 19:49:07.000000,0,CLEAN
TXN_001667,ACC_0077,ACC_0007,5506.22,2025-04-06 20:14:50.000000,0,CLEAN
TXN_003228,ACC_0406,ACC_0212,6005.64,2025-04-06 20:55:32.000000,0,CLEAN
TXN_020358,ACC_0184,ACC_0476,199253.2,2025-04-06 21:19:57.000000,1,THRESHOLD_SPLIT
TXN_004904,ACC_0396,ACC_0160,10124.26,2025-04-06 21:21:41.000000,0,CLEAN
TXN_001029,ACC_0293,ACC_0343,6772.15,2025-04-06 22:41:30.000000,0,CLEAN
TXN_003016,ACC_0423,ACC_0344,11011.16,2025-04-06 22:54:05.000000,0,CLEAN
TXN_003020,ACC_0147,ACC_0383,77197.1,2025-04-06 22:59:25.000000,0,CLEAN
TXN_005442,ACC_0075,ACC_0295,36376.02,2025-04-06 23:08:24.000000,0,CLEAN
TXN_006511,ACC_0435,ACC_0340,38111.74,2025-04-07 00:41:06.000000,0,CLEAN
TXN_000522,ACC_0488,ACC_0122,35012.77,2025-04-07 02:20:38.000000,0,CLEAN
TXN_003072,ACC_0458,ACC_0475,58757.76,2025-04-07 02:27:05.000000,0,CLEAN
TXN_005372,ACC_0132,ACC_0445,62352.13,2025-04-07 02:32:09.000000,0,CLEAN
TXN_000400,ACC_0258,ACC_0335,63133.7,2025-04-07 02:43:36.000000,0,CLEAN
TXN_006522,ACC_0124,ACC_0300,15753.72,2025-04-07 02:45:20.000000,0,CLEAN
TXN_004082,ACC_0424,ACC_0110,35992.57,2025-04-07 02:59:10.000000,0,CLEAN
TXN_005667,ACC_0453,ACC_0217,28825.15,2025-04-07 03:43:37.000000,0,CLEAN
TXN_020300,ACC_0389,ACC_0008,199192.66,2025-04-07 03:48:46.000000,1,THRESHOLD_SPLIT
TXN_020301,ACC_0389,ACC_0008,196494.81,2025-04-07 04:12:46.000000,1,THRESHOLD_SPLIT
TXN_005323,ACC_0312,ACC_0196,218680.37,2025-04-07 04:31:59.000000,0,CLEAN
TXN_020303,ACC_0389,ACC_0008,198416.0,2025-04-07 04:42:46.000000,1,THRESHOLD_SPLIT
TXN_020302,ACC_0389,ACC_0008,198715.02,2025-04-07 04:48:46.000000,1,THRESHOLD_SPLIT
TXN_004310,ACC_0250,ACC_0282,112953.62,2025-04-07 05:30:44.000000,0,CLEAN
TXN_003520,ACC_0265,ACC_0238,941194.3,2025-04-07 05:32:44.000000,0,CLEAN
TXN_000129,ACC_0218,ACC_0285,187453.72,2025-04-07 05:45:37.000000,0,CLEAN
TXN_002765,ACC_0266,ACC_0069,667854.86,2025-04-07 06:40:12.000000,0,CLEAN
TXN_010961,ACC_0376,ACC_0285,2881184.1,2025-04-07 06:41:22.900581,1,SHELL_LAYERING
TXN_003599,ACC_0466,ACC_0021,40474.14,2025-04-07 07:12:16.000000,0,CLEAN
TXN_002288,ACC_0078,ACC_0429,18321.28,2025-04-07 07:17:11.000000,0,CLEAN
TXN_004444,ACC_0245,ACC_0047,499921.12,2025-04-07 07:20:47.000000,0,CLEAN
TXN_000669,ACC_0370,ACC_0202,130629.89,2025-04-07 08:06:59.000000,0,CLEAN
TXN_002049,ACC_0314,ACC_0288,832896.08,2025-04-07 09:22:38.000000,0,CLEAN
TXN_002860,ACC_0105,ACC_0173,6438.18,2025-04-07 10:56:09.000000,0,CLEAN
TXN_020415,ACC_0084,ACC_0139,196111.81,2025-04-07 12:48:35.000000,1,THRESHOLD_SPLIT
TXN_020417,ACC_0084,ACC_0139,199574.96,2025-04-07 13:08:35.000000,1,THRESHOLD_SPLIT
TXN_020416,ACC_0084,ACC_0139,196960.87,2025-04-07 13:19:35.000000,1,THRESHOLD_SPLIT
TXN_000166,ACC_0262,ACC_0452,24773.61,2025-04-07 13:28:48.000000,0,CLEAN
TXN_020418,ACC_0084,ACC_0139,196448.08,2025-04-07 13:30:35.000000,1,THRESHOLD_SPLIT
TXN_010424,ACC_0139,ACC_0476,1975390.57,2025-04-07 13:49:43.701376,1,SHELL_LAYERING
TXN_004629,ACC_0290,ACC_0322,42055.3,2025-04-07 14:37:27.000000,0,CLEAN
TXN_001736,ACC_0268,ACC_0350,37101.39,2025-04-07 14:44:49.000000,0,CLEAN
TXN_006373,ACC_0083,ACC_0015,18346.64,2025-04-07 14:46:34.000000,0,CLEAN
TXN_002360,ACC_0009,ACC_0460,16369.56,2025-04-07 15:27:23.000000,0,CLEAN
TXN_004250,ACC_0069,ACC_0246,190213.1,2025-04-07 15:56:25.000000,0,CLEAN
TXN_002812,ACC_0150,ACC_0339,829908.37,2025-04-07 16:22:39.000000,0,CLEAN
TXN_001092,ACC_0045,ACC_0439,69901.31,2025-04-07 18:58:26.000000,0,CLEAN
TXN_010422,ACC_0267,ACC_0129,1941138.86,2025-04-07 19:47:13.319612,1,SHELL_LAYERING
TXN_002007,ACC_0254,ACC_0438,234924.48,2025-04-07 19:50:28.000000,0,CLEAN
TXN_004634,ACC_0458,ACC_0044,3383.5,2025-04-07 21:05:58.000000,0,CLEAN
TXN_003055,ACC_0022,ACC_0066,34598.97,2025-04-07 22:29:24.000000,0,CLEAN
TXN_004502,ACC_0138,ACC_0470,2456.6,2025-04-07 22:40:38.000000,0,CLEAN
TXN_002610,ACC_0012,ACC_0208,6357.08,2025-04-07 23:27:05.000000,0,CLEAN
TXN_004710,ACC_0478,ACC_0075,42648.82,2025-04-07 23:35:07.000000,0,CLEAN
TXN_000223,ACC_0087,ACC_0042,110735.1,2025-04-08 01:30:32.000000,0,CLEAN
TXN_004319,ACC_0079,ACC_0177,23878.62,2025-04-08 02:10:23.000000,0,CLEAN
TXN_005239,ACC_0477,ACC_0312,42125.17,2025-04-08 02:23:16.000000,0,CLEAN
TXN_002104,ACC_0247,ACC_0464,14235.33,2025-04-08 02:25:19.000000,0,CLEAN
TXN_006070,ACC_0498,ACC_0236,29747.35,2025-04-08 03:10:14.000000,0,CLEAN
TXN_004600,ACC_0490,ACC_0203,169931.97,2025-04-08 03:10:33.000000,0,CLEAN
TXN_003500,ACC_0142,ACC_0292,9944.35,2025-04-08 03:41:11.000000,0,CLEAN
TXN_005725,ACC_0167,ACC_0154,22209.83,2025-04-08 03:55:01.000000,0,CLEAN
TXN_000246,ACC_0370,ACC_0040,48057.34,2025-04-08 05:51:49.000000,0,CLEAN
TXN_020285,ACC_0043,ACC_0440,197234.42,2025-04-08 08:37:01.000000,1,THRESHOLD_SPLIT
TXN_020286,ACC_0043,ACC_0440,199391.3,2025-04-08 08:42:01.000000,1,THRESHOLD_SPLIT
TXN_020287,ACC_0043,ACC_0440,198651.89,2025-04-08 09:57:01.000000,1,THRESHOLD_SPLIT
TXN_005067,ACC_0402,ACC_0440,102480.5,2025-04-08 11:27:28.000000,0,CLEAN
TXN_000817,ACC_0365,ACC_0017,22975.02,2025-04-08 11:57:44.000000,0,CLEAN
TXN_001335,ACC_0203,ACC_0186,62458.35,2025-04-08 12:16:08.000000,0,CLEAN
TXN_004606,ACC_0257,ACC_0051,7746.85,2025-04-08 12:18:53.000000,0,CLEAN
TXN_003750,ACC_0300,ACC_0103,182228.21,2025-04-08 13:42:11.000000,0,CLEAN
TXN_005752,ACC_0468,ACC_0129,1898970.83,2025-04-08 15:11:12.000000,0,CLEAN
TXN_001263,ACC_0183,ACC_0476,3284.77,2025-04-08 15:23:24.000000,0,CLEAN
TXN_001490,ACC_0286,ACC_0037,120645.8,2025-04-08 16:56:17.000000,0,CLEAN
TXN_001408,ACC_0401,ACC_0272,6057.86,2025-04-08 17:41:02.000000,0,CLEAN
TXN_005305,ACC_0357,ACC_0277,44583.54,2025-04-08 18:13:32.000000,0,CLEAN
TXN_003049,ACC_0133,ACC_0086,34415.48,2025-04-08 19:37:47.000000,0,CLEAN
TXN_005828,ACC_0358,ACC_0496,293038.16,2025-04-08 19:42:58.000000,0,CLEAN
TXN_005092,ACC_0355,ACC_0160,11721.81,2025-04-08 19:56:55.000000,0,CLEAN
TXN_004406,ACC_0262,ACC_0233,17243.7,2025-04-08 19:57:39.000000,0,CLEAN
TXN_004389,ACC_0476,ACC_0488,94273.14,2025-04-08 20:12:06.000000,0,CLEAN
TXN_000117,ACC_0028,ACC_0072,107866.53,2025-04-08 20:19:29.000000,0,CLEAN
TXN_006281,ACC_0223,ACC_0016,36797.41,2025-04-08 21:47:46.000000,0,CLEAN
TXN_004783,ACC_0410,ACC_0064,89265.14,2025-04-08 22:00:29.000000,0,CLEAN
TXN_003780,ACC_0386,ACC_0053,838858.15,2025-04-08 22:39:01.000000,0,CLEAN
TXN_004952,ACC_0078,ACC_0435,468311.12,2025-04-08 23:11:36.000000,0,CLEAN
TXN_002878,ACC_0421,ACC_0154,77570.95,2025-04-08 23:47:26.000000,0,CLEAN
TXN_001830,ACC_0304,ACC_0294,23366.29,2025-04-09 00:12:33.000000,0,CLEAN
TXN_003460,ACC_0107,ACC_0313,12119.27,2025-04-09 00:37:58.000000,0,CLEAN
TXN_003265,ACC_0174,ACC_0146,37287.74,2025-04-09 01:34:35.000000,0,CLEAN
TXN_005441,ACC_0209,ACC_0216,115508.88,2025-04-09 01:35:29.000000,0,CLEAN
TXN_000066,ACC_0280,ACC_0463,1707.55,2025-04-09 03:44:25.000000,0,CLEAN
TXN_005429,ACC_0180,ACC_0287,66496.98,2025-04-09 04:28:09.000000,0,CLEAN
TXN_000196,ACC_0004,ACC_0112,59230.95,2025-04-09 04:53:10.000000,0,CLEAN
TXN_005132,ACC_0012,ACC_0427,45574.54,2025-04-09 05:13:11.000000,0,CLEAN
TXN_003783,ACC_0129,ACC_0106,156318.73,2025-04-09 06:25:54.000000,0,CLEAN
TXN_004164,ACC_0043,ACC_0064,106683.96,2025-04-09 06:49:19.000000,0,CLEAN
TXN_000322,ACC_0205,ACC_0274,1142063.4,2025-04-09 08:59:09.000000,0,CLEAN
TXN_002064,ACC_0157,ACC_0153,9480.39,2025-04-09 09:20:41.000000,0,CLEAN
TXN_005178,ACC_0362,ACC_0475,62293.26,2025-04-09 10:41:56.000000,0,CLEAN
TXN_005518,ACC_0167,ACC_0080,29114.44,2025-04-09 11:04:18.000000,0,CLEAN
TXN_020370,ACC_0477,ACC_0376,195395.56,2025-04-09 11:19:13.000000,1,THRESHOLD_SPLIT
TXN_020371,ACC_0477,ACC_0376,199307.05,2025-04-09 11:34:13.000000,1,THRESHOLD_SPLIT
TXN_020372,ACC_0477,ACC_0376,199476.75,2025-04-09 11:51:13.000000,1,THRESHOLD_SPLIT
TXN_006150,ACC_0487,ACC_0168,53416.78,2025-04-09 12:43:56.000000,0,CLEAN
TXN_004761,ACC_0400,ACC_0114,11287.72,2025-04-09 13:24:17.000000,0,CLEAN
TXN_005262,ACC_0018,ACC_0255,8333.27,2025-04-09 13:36:26.000000,0,CLEAN
TXN_010962,ACC_0285,ACC_0292,2987356.66,2025-04-09 13:58:07.829911,1,SHELL_LAYERING
TXN_006517,ACC_0128,ACC_0328,10087.99,2025-04-09 14:37:45.000000,0,CLEAN
TXN_004971,ACC_0257,ACC_0220,64382.77,2025-04-09 15:06:38.000000,0,CLEAN
TXN_005405,ACC_0399,ACC_0379,20293.43,2025-04-09 16:18:03.000000,0,CLEAN
TXN_003642,ACC_0064,ACC_0436,64341.78,2025-04-09 16:42:26.000000,0,CLEAN
TXN_001100,ACC_0155,ACC_0456,27602.33,2025-04-09 17:01:32.000000,0,CLEAN
TXN_001450,ACC_0051,ACC_0110,2541.35,2025-04-09 17:03:09.000000,0,CLEAN
TXN_003647,ACC_0033,ACC_0086,31500.66,2025-04-09 18:18:43.000000,0,CLEAN
TXN_005475,ACC_0224,ACC_0090,13934.47,2025-04-09 18:33:39.000000,0,CLEAN
TXN_006345,ACC_0244,ACC_0130,69960.79,2025-04-09 18:52:41.000000,0,CLEAN
TXN_003080,ACC_0086,ACC_0384,879542.45,2025-04-09 18:53:23.000000,0,CLEAN
TXN_003571,ACC_0064,ACC_0327,12618.35,2025-04-09 19:38:11.000000,0,CLEAN
TXN_020180,ACC_0382,ACC_0071,195496.96,2025-04-09 20:48:16.000000,1,THRESHOLD_SPLIT
TXN_003649,ACC_0330,ACC_0385,52328.44,2025-04-09 20:51:02.000000,0,CLEAN
TXN_020181,ACC_0382,ACC_0071,197953.81,2025-04-09 21:02:16.000000,1,THRESHOLD_SPLIT
TXN_004399,ACC_0224,ACC_0385,89831.03,2025-04-09 21:24:33.000000,0,CLEAN
TXN_005470,ACC_0419,ACC_0480,156932.34,2025-04-09 21:51:17.000000,0,CLEAN
TXN_020183,ACC_0382,ACC_0071,196253.16,2025-04-09 21:57:16.000000,1,THRESHOLD_SPLIT
TXN_020182,ACC_0382,ACC_0071,197272.47,2025-04-09 22:18:16.000000,1,THRESHOLD_SPLIT
TXN_000518,ACC_0265,ACC_0311,22459.73,2025-04-09 22:32:50.000000,0,CLEAN
TXN_000072,ACC_0046,ACC_0461,59301.57,2025-04-10 02:31:17.000000,0,CLEAN
TXN_001471,ACC_0401,ACC_0306,441.16,2025-04-10 03:19:31.000000,0,CLEAN
TXN_005117,ACC_0299,ACC_0346,22269.68,2025-04-10 04:35:52.000000,0,CLEAN
TXN_000387,ACC_0355,ACC_0072,21185.28,2025-04-10 04:36:59.000000,0,CLEAN
TXN_003854,ACC_0229,ACC_0195,66590.64,2025-04-10 05:33:15.000000,0,CLEAN
TXN_000542,ACC_0158,ACC_0040,183142.76,2025-04-10 06:51:09.000000,0,CLEAN
TXN_006058,ACC_0199,ACC_0283,101512.29,2025-04-10 06:59:45.000000,0,CLEAN
TXN_004860,ACC_0455,ACC_0017,33880.95,2025-04-10 07:05:43.000000,0,CLEAN
TXN_004194,ACC_0331,ACC_0421,27274.07,2025-04-10 07:25:28.000000,0,CLEAN
TXN_000911,ACC_0052,ACC_0003,83645.68,2025-04-10 07:49:36.000000,0,CLEAN
TXN_004479,ACC_0151,ACC_0052,1299.02,2025-04-10 07:57:37.000000,0,CLEAN
TXN_004831,ACC_0011,ACC_0266,24774.73,2025-04-10 08:54:11.000000,0,CLEAN
TXN_002634,ACC_0490,ACC_0044,38637.88,2025-04-10 09:06:09.000000,0,CLEAN
TXN_006279,ACC_0030,ACC_0468,28389.54,2025-04-10 11:18:44.000000,0,CLEAN
TXN_003668,ACC_0021,ACC_0239,159462.61,2025-04-10 11:18:51.000000,0,CLEAN
TXN_004649,ACC_0225,ACC_0187,59181.65,2025-04-10 12:19:35.000000,0,CLEAN
TXN_002682,ACC_0061,ACC_0192,6936.1,2025-04-10 12:32:37.000000,0,CLEAN
TXN_001286,ACC_0330,ACC_0436,22838.12,2025-04-10 12:40:07.000000,0,CLEAN
TXN_003677,ACC_0431,ACC_0256,57553.58,2025-04-10 13:46:45.000000,0,CLEAN
TXN_005520,ACC_0322,ACC_0377,52795.25,2025-04-10 14:01:36.000000,0,CLEAN
TXN_005166,ACC_0268,ACC_0199,102835.39,2025-04-10 14:57:49.000000,0,CLEAN
TXN_003577,ACC_0299,ACC_0223,1787.93,2025-04-10 15:20:21.000000,0,CLEAN
TXN_003351,ACC_0495,ACC_0360,76151.67,2025-04-10 15:37:03.000000,0,CLEAN
TXN_000074,ACC_0232,ACC_0067,126008.97,2025-04-10 15:54:29.000000,0,CLEAN
TXN_000896,ACC_0333,ACC_0209,4814.13,2025-04-10 16:03:50.000000,0,CLEAN
TXN_003128,ACC_0047,ACC_0020,3589.61,2025-04-10 16:20:40.000000,0,CLEAN
TXN_004397,ACC_0272,ACC_0446,6767.78,2025-04-10 17:01:33.000000,0,CLEAN
TXN_001368,ACC_0117,ACC_0039,7069.54,2025-04-10 21:56:10.000000,0,CLEAN
TXN_002882,ACC_0128,ACC_0320,49954.16,2025-04-11 01:47:40.000000,0,CLEAN
TXN_003243,ACC_0353,ACC_0448,46727.57,2025-04-11 01:52:46.000000,0,CLEAN
TXN_002110,ACC_0420,ACC_0481,96498.52,2025-04-11 05:25:03.000000,0,CLEAN
TXN_005119,ACC_0359,ACC_0104,28829.15,2025-04-11 05:57:53.000000,0,CLEAN
TXN_004618,ACC_0493,ACC_0256,3382.46,2025-04-11 06:08:09.000000,0,CLEAN
TXN_005537,ACC_0045,ACC_0487,2857.04,2025-04-11 06:09:41.000000,0,CLEAN
TXN_002989,ACC_0080,ACC_0128,3306.35,2025-04-11 06:26:22.000000,0,CLEAN
TXN_006214,ACC_0080,ACC_0167,1910.4,2025-04-11 06:54:26.000000,0,CLEAN
TXN_001650,ACC_0320,ACC_0122,27895.44,2025-04-11 07:34:38.000000,0,CLEAN
TXN_001384,ACC_0472,ACC_0092,34905.21,2025-04-11 07:43:12.000000,0,CLEAN
TXN_000818,ACC_0292,ACC_0462,14555.61,2025-04-11 08:32:37.000000,0,CLEAN
TXN_003061,ACC_0474,ACC_0135,11670.9,2025-04-11 09:16:02.000000,0,CLEAN
TXN_001564,ACC_0434,ACC_0322,54070.47,2025-04-11 09:25:37.000000,0,CLEAN
TXN_003565,ACC_0013,ACC_0233,14054.24,2025-04-11 10:23:12.000000,0,CLEAN
TXN_005238,ACC_0123,ACC_0437,14154.45,2025-04-11 12:56:07.000000,0,CLEAN
TXN_005024,ACC_0170,ACC_0457,10051.5,2025-04-11 13:16:03.000000,0,CLEAN
TXN_001348,ACC_0342,ACC_0105,155466.54,2025-04-11 13:31:12.000000,0,CLEAN
TXN_001469,ACC_0476,ACC_0411,198919.43,2025-04-11 14:46:09.000000,0,CLEAN
TXN_002703,ACC_0006,ACC_0071,247285.48,2025-04-11 14:51:02.000000,0,CLEAN
TXN_006368,ACC_0088,ACC_0090,16484.36,2025-04-11 16:50:58.000000,0,CLEAN
TXN_005589,ACC_0335,ACC_0025,34183.53,2025-04-11 17:04:46.000000,0,CLEAN
TXN_001963,ACC_0449,ACC_0125,5673.19,2025-04-11 17:19:46.000000,0,CLEAN
TXN_000337,ACC_0261,ACC_0383,8123.11,2025-04-11 17:46:22.000000,0,CLEAN
TXN_003666,ACC_0151,ACC_0228,23247.1,2025-04-11 17:52:47.000000,0,CLEAN
TXN_003650,ACC_0191,ACC_0256,33169.78,2025-04-11 18:12:49.000000,0,CLEAN
TXN_006436,ACC_0175,ACC_0391,318012.17,2025-04-11 19:03:18.000000,0,CLEAN
TXN_005028,ACC_0138,ACC_0352,27753.67,2025-04-11 20:09:17.000000,0,CLEAN
TXN_004168,ACC_0023,ACC_0485,10054.19,2025-04-11 20:46:48.000000,0,CLEAN
TXN_001763,ACC_0483,ACC_0110,7283.88,2025-04-11 20:58:36.000000,0,CLEAN
TXN_002581,ACC_0118,ACC_0428,44825.83,2025-04-11 21:36:25.000000,0,CLEAN
TXN_003331,ACC_0365,ACC_0193,16441.34,2025-04-11 21:49:19.000000,0,CLEAN
TXN_001430,ACC_0267,ACC_0060,5742.65,2025-04-11 22:15:56.000000,0,CLEAN
TXN_003287,ACC_0338,ACC_0449,9625.08,2025-04-11 22:20:33.000000,0,CLEAN
TXN_006409,ACC_0342,ACC_0302,9548.57,2025-04-11 22:59:18.000000,0,CLEAN
TXN_005663,ACC_0006,ACC_0083,3645.4,2025-04-11 23:05:29.000000,0,CLEAN
TXN_003989,ACC_0192,ACC_0309,36387.79,2025-04-11 23:43:15.000000,0,CLEAN
TXN_003306,ACC_0450,ACC_0064,38256.57,2025-04-12 01:33:52.000000,0,CLEAN
TXN_006491,ACC_0326,ACC_0060,153816.83,2025-04-12 02:15:58.000000,0,CLEAN
TXN_001960,ACC_0402,ACC_0019,40697.95,2025-04-12 02:24:02.000000,0,CLEAN
TXN_004713,ACC_0208,ACC_0134,66103.46,2025-04-12 02:35:57.000000,0,CLEAN
TXN_001599,ACC_0382,ACC_0300,123851.0,2025-04-12 03:44:10.000000,0,CLEAN
TXN_030025,ACC_0158,ACC_0365,28264.89,2025-04-12 04:30:36.000000,1,VELOCITY_BURST
TXN_000279,ACC_0124,ACC_0293,92134.81,2025-04-12 04:31:23.000000,0,CLEAN
TXN_030023,ACC_0158,ACC_0074,32979.77,2025-04-12 04:36:36.000000,1,VELOCITY_BURST
TXN_030022,ACC_0158,ACC_0051,32581.67,2025-04-12 04:38:36.000000,1,VELOCITY_BURST
TXN_030020,ACC_0158,ACC_0084,21706.99,2025-04-12 04:41:36.000000,1,VELOCITY_BURST
TXN_030030,ACC_0158,ACC_0261,38702.18,2025-04-12 04:43:36.000000,1,VELOCITY_BURST
TXN_030028,ACC_0158,ACC_0030,28128.72,2025-04-12 04:48:36.000000,1,VELOCITY_BURST
TXN_030029,ACC_0158,ACC_0012,40068.85,2025-04-12 04:50:36.000000,1,VELOCITY_BURST
TXN_030026,ACC_0158,ACC_0288,44758.99,2025-04-12 04:51:36.000000,1,VELOCITY_BURST
TXN_030027,ACC_0158,ACC_0138,26938.26,2025-04-12 04:51:36.000000,1,VELOCITY_BURST
TXN_030021,ACC_0158,ACC_0005,23153.54,2025-04-12 04:52:36.000000,1,VELOCITY_BURST
TXN_030024,ACC_0158,ACC_0382,21558.54,2025-04-12 04:52:36.000000,1,VELOCITY_BURST
TXN_030032,ACC_0158,ACC_0323,11899.85,2025-04-12 04:53:36.000000,1,VELOCITY_BURST
TXN_030031,ACC_0158,ACC_0111,8028.01,2025-04-12 04:57:36.000000,1,VELOCITY_BURST
TXN_001353,ACC_0052,ACC_0361,144167.52,2025-04-12 05:46:25.000000,0,CLEAN
TXN_003880,ACC_0446,ACC_0195,45967.59,2025-04-12 06:14:07.000000,0,CLEAN
TXN_004572,ACC_0498,ACC_0047,90607.21,2025-04-12 06:22:15.000000,0,CLEAN
TXN_002500,ACC_0210,ACC_0439,2076.19,2025-04-12 07:37:07.000000,0,CLEAN
TXN_001113,ACC_0149,ACC_0281,32313.62,2025-04-12 08:37:36.000000,0,CLEAN
TXN_001414,ACC_0332,ACC_0220,2436.73,2025-04-12 08:54:08.000000,0,CLEAN
TXN_004172,ACC_0355,ACC_0160,74636.93,2025-04-12 11:48:04.000000,0,CLEAN
TXN_006541,ACC_0293,ACC_0443,19519.27,2025-04-12 12:15:47.000000,0,CLEAN
TXN_003809,ACC_0325,ACC_0416,18090.25,2025-04-12 12:46:17.000000,0,CLEAN
TXN_001073,ACC_0173,ACC_0266,4746.33,2025-04-12 13:50:14.000000,0,CLEAN
TXN_001740,ACC_0056,ACC_0049,42567.3,2025-04-12 14:17:28.000000,0,CLEAN
TXN_001634,ACC_0005,ACC_0000,21352.82,2025-04-12 14:49:49.000000,0,CLEAN
TXN_010427,ACC_0166,ACC_0155,1934989.72,2025-04-12 14:52:20.600988,1,SHELL_LAYERING
TXN_006130,ACC_0256,ACC_0160,3455.71,2025-04-12 14:55:44.000000,0,CLEAN
TXN_005644,ACC_0429,ACC_0242,88090.19,2025-04-12 15:14:49.000000,0,CLEAN
TXN_001627,ACC_0288,ACC_0222,193200.26,2025-04-12 15:29:58.000000,0,CLEAN
TXN_004388,ACC_0247,ACC_0214,51084.88,2025-04-12 16:54:40.000000,0,CLEAN
TXN_001916,ACC_0361,ACC_0461,83051.35,2025-04-12 17:06:37.000000,0,CLEAN
TXN_001990,ACC_0185,ACC_0043,35569.48,2025-04-12 17:09:56.000000,0,CLEAN
TXN_000566,ACC_0219,ACC_0139,5208.14,2025-04-12 17:20:15.000000,0,CLEAN
TXN_000189,ACC_0490,ACC_0030,70713.73,2025-04-12 17:45:28.000000,0,CLEAN
TXN_010426,ACC_0285,ACC_0166,1896740.63,2025-04-12 18:49:59.601102,1,SHELL_LAYERING
TXN_000873,ACC_0399,ACC_0436,3228.13,2025-04-12 19:21:03.000000,0,CLEAN
TXN_003736,ACC_0149,ACC_0338,312584.81,2025-04-12 19:51:39.000000,0,CLEAN
TXN_000132,ACC_0195,ACC_0403,28652.28,2025-04-12 20:10:30.000000,0,CLEAN
TXN_002038,ACC_0269,ACC_0211,5605.05,2025-04-12 21:01:42.000000,0,CLEAN
TXN_003133,ACC_0322,ACC_0332,110888.29,2025-04-12 21:10:32.000000,0,CLEAN
TXN_004689,ACC_0446,ACC_0214,487358.1,2025-04-12 21:38:32.000000,0,CLEAN
TXN_001069,ACC_0444,ACC_0347,16422.72,2025-04-12 21:49:43.000000,0,CLEAN
TXN_004407,ACC_0362,ACC_0369,6436.64,2025-04-12 23:01:06.000000,0,CLEAN
TXN_005480,ACC_0265,ACC_0460,8122.06,2025-04-12 23:34:47.000000,0,CLEAN
TXN_006383,ACC_0306,ACC_0370,27350.18,2025-04-12 23:37:51.000000,0,CLEAN
TXN_001958,ACC_0304,ACC_0274,76843.62,2025-04-12 23:45:06.000000,0,CLEAN
TXN_006133,ACC_0086,ACC_0446,11572.34,2025-04-12 23:46:52.000000,0,CLEAN
TXN_005014,ACC_0427,ACC_0116,218228.31,2025-04-12 23:55:54.000000,0,CLEAN
TXN_002653,ACC_0243,ACC_0445,20697.47,2025-04-13 00:04:49.000000,0,CLEAN
TXN_005179,ACC_0397,ACC_0337,17189.42,2025-04-13 00:41:58.000000,0,CLEAN
TXN_003652,ACC_0364,ACC_0191,41322.66,2025-04-13 00:53:38.000000,0,CLEAN
TXN_002711,ACC_0425,ACC_0488,6203.93,2025-04-13 01:43:10.000000,0,CLEAN
TXN_003755,ACC_0413,ACC_0126,171641.82,2025-04-13 02:40:08.000000,0,CLEAN
TXN_001766,ACC_0097,ACC_0099,2520.26,2025-04-13 04:13:57.000000,0,CLEAN
TXN_003341,ACC_0189,ACC_0347,12522.93,2025-04-13 04:31:43.000000,0,CLEAN
TXN_000724,ACC_0056,ACC_0434,27503.5,2025-04-13 04:42:42.000000,0,CLEAN
TXN_002629,ACC_0099,ACC_0299,19589.72,2025-04-13 05:21:34.000000,0,CLEAN
TXN_000715,ACC_0112,ACC_0010,236006.14,2025-04-13 05:25:40.000000,0,CLEAN
TXN_005599,ACC_0386,ACC_0482,12368.43,2025-04-13 05:55:33.000000,0,CLEAN
TXN_002558,ACC_0248,ACC_0257,5983.59,2025-04-13 06:31:07.000000,0,CLEAN
TXN_004456,ACC_0051,ACC_0371,27077.33,2025-04-13 06:57:57.000000,0,CLEAN
TXN_001873,ACC_0463,ACC_0339,77085.78,2025-04-13 07:03:42.000000,0,CLEAN
TXN_005303,ACC_0334,ACC_0125,555902.28,2025-04-13 07:16:18.000000,0,CLEAN
TXN_003627,ACC_0338,ACC_0087,539332.49,2025-04-13 07:39:23.000000,0,CLEAN
TXN_004526,ACC_0366,ACC_0215,7723.71,2025-04-13 07:44:45.000000,0,CLEAN
TXN_003132,ACC_0476,ACC_0253,25490.09,2025-04-13 09:17:48.000000,0,CLEAN
TXN_004932,ACC_0062,ACC_0268,42641.63,2025-04-13 10:44:33.000000,0,CLEAN
TXN_006299,ACC_0173,ACC_0233,230050.55,2025-04-13 11:19:31.000000,0,CLEAN
TXN_000375,ACC_0441,ACC_0250,535971.78,2025-04-13 11:19:48.000000,0,CLEAN
TXN_004097,ACC_0200,ACC_0036,251931.06,2025-04-13 11:56:00.000000,0,CLEAN
TXN_004260,ACC_0450,ACC_0484,5404.58,2025-04-13 13:10:39.000000,0,CLEAN
TXN_005218,ACC_0372,ACC_0328,83609.48,2025-04-13 13:22:42.000000,0,CLEAN
TXN_006278,ACC_0024,ACC_0426,125010.67,2025-04-13 14:30:37.000000,0,CLEAN
TXN_002750,ACC_0390,ACC_0007,89757.89,2025-04-13 16:34:01.000000,0,CLEAN
TXN_004365,ACC_0398,ACC_0301,2901.55,2025-04-13 16:40:33.000000,0,CLEAN
TXN_001760,ACC_0315,ACC_0136,69920.06,2025-04-13 17:24:56.000000,0,CLEAN
TXN_004289,ACC_0101,ACC_0043,28130.58,2025-04-13 17:46:07.000000,0,CLEAN
TXN_005453,ACC_0263,ACC_0444,122319.49,2025-04-13 18:45:42.000000,0,CLEAN
TXN_000693,ACC_0414,ACC_0241,58669.36,2025-04-13 19:19:59.000000,0,CLEAN
TXN_003270,ACC_0385,ACC_0386,163200.91,2025-04-13 20:20:57.000000,0,CLEAN
TXN_001416,ACC_0022,ACC_0358,11140.3,2025-04-13 21:07:26.000000,0,CLEAN
TXN_002452,ACC_0098,ACC_0060,73130.92,2025-04-13 22:54:23.000000,0,CLEAN
TXN_006206,ACC_0163,ACC_0393,19533.07,2025-04-13 23:50:27.000000,0,CLEAN
TXN_004863,ACC_0449,ACC_0330,9033.27,2025-04-14 00:18:02.000000,0,CLEAN
TXN_000499,ACC_0073,ACC_0035,85722.81,2025-04-14 00:20:51.000000,0,CLEAN
TXN_010425,ACC_0476,ACC_0285,1905439.55,2025-04-14 00:39:18.787701,1,SHELL_LAYERING
TXN_004004,ACC_0062,ACC_0445,26341.43,2025-04-14 00:54:43.000000,0,CLEAN
TXN_004966,ACC_0243,ACC_0339,56404.62,2025-04-14 02:06:19.000000,0,CLEAN
TXN_006261,ACC_0133,ACC_0286,27086.51,2025-04-14 02:46:02.000000,0,CLEAN
TXN_001654,ACC_0332,ACC_0381,5484.89,2025-04-14 07:02:23.000000,0,CLEAN
TXN_000201,ACC_0008,ACC_0003,175170.29,2025-04-14 08:17:23.000000,0,CLEAN
TXN_000431,ACC_0291,ACC_0179,610318.12,2025-04-14 08:36:29.000000,0,CLEAN
TXN_003524,ACC_0470,ACC_0215,13121.87,2025-04-14 09:12:42.000000,0,CLEAN
TXN_004523,ACC_0273,ACC_0252,3297.46,2025-04-14 09:30:38.000000,0,CLEAN
TXN_006035,ACC_0257,ACC_0275,124299.29,2025-04-14 09:40:08.000000,0,CLEAN
TXN_001921,ACC_0034,ACC_0286,209899.68,2025-04-14 11:46:50.000000,0,CLEAN
TXN_003951,ACC_0256,ACC_0496,17216.81,2025-04-14 12:53:53.000000,0,CLEAN
TXN_005628,ACC_0464,ACC_0359,10676.15,2025-04-14 12:54:37.000000,0,CLEAN
TXN_004896,ACC_0018,ACC_0459,52023.0,2025-04-14 14:08:11.000000,0,CLEAN
TXN_002148,ACC_0343,ACC_0415,37176.33,2025-04-14 14:13:11.000000,0,CLEAN
TXN_003404,ACC_0043,ACC_0414,409285.48,2025-04-14 14:29:40.000000,0,CLEAN
TXN_002608,ACC_0276,ACC_0083,71389.43,2025-04-14 14:57:23.000000,0,CLEAN
TXN_000697,ACC_0123,ACC_0137,83177.73,2025-04-14 15:10:25.000000,0,CLEAN
TXN_000975,ACC_0002,ACC_0020,96030.45,2025-04-14 15:36:26.000000,0,CLEAN
TXN_001628,ACC_0327,ACC_0328,106199.21,2025-04-14 15:36:51.000000,0,CLEAN
TXN_001777,ACC_0336,ACC_0080,6482.16,2025-04-14 16:09:23.000000,0,CLEAN
TXN_002394,ACC_0157,ACC_0256,77839.4,2025-04-14 16:20:27.000000,0,CLEAN
TXN_006083,ACC_0310,ACC_0332,3586.11,2025-04-14 17:24:59.000000,0,CLEAN
TXN_002378,ACC_0046,ACC_0188,56290.95,2025-04-14 19:32:20.000000,0,CLEAN
TXN_003800,ACC_0150,ACC_0063,19237.22,2025-04-14 19:40:02.000000,0,CLEAN
TXN_005343,ACC_0439,ACC_0481,1501.29,2025-04-14 20:10:07.000000,0,CLEAN
TXN_001258,ACC_0344,ACC_0060,407753.21,2025-04-14 20:30:31.000000,0,CLEAN
TXN_001662,ACC_0077,ACC_0025,76675.13,2025-04-14 21:08:39.000000,0,CLEAN
TXN_004664,ACC_0239,ACC_0329,119599.1,2025-04-14 21:49:12.000000,0,CLEAN
TXN_002374,ACC_0062,ACC_0291,34662.43,2025-04-14 22:41:52.000000,0,CLEAN
TXN_004800,ACC_0152,ACC_0099,26555.64,2025-04-14 23:13:30.000000,0,CLEAN
TXN_005590,ACC_0107,ACC_0186,111083.9,2025-04-14 23:29:00.000000,0,CLEAN
TXN_000843,ACC_0146,ACC_0445,216635.05,2025-04-15 00:13:58.000000,0,CLEAN
TXN_000146,ACC_0189,ACC_0047,635.66,2025-04-15 00:14:33.000000,0,CLEAN
TXN_002867,ACC_0430,ACC_0436,47411.74,2025-04-15 01:10:03.000000,0,CLEAN
TXN_002082,ACC_0161,ACC_0285,33534.13,2025-04-15 01:24:26.000000,0,CLEAN
TXN_004830,ACC_0310,ACC_0015,16185.3,2025-04-15 01:43:39.000000,0,CLEAN
TXN_001436,ACC_0133,ACC_0438,53135.98,2025-04-15 02:25:47.000000,0,CLEAN
TXN_005284,ACC_0413,ACC_0406,29521.57,2025-04-15 02:57:18.000000,0,CLEAN
TXN_000067,ACC_0103,ACC_0294,8005.39,2025-04-15 05:01:03.000000,0,CLEAN
TXN_002076,ACC_0456,ACC_0442,326526.33,2025-04-15 06:27:00.000000,0,CLEAN
TXN_002753,ACC_0461,ACC_0386,177580.18,2025-04-15 07:11:27.000000,0,CLEAN
TXN_000095,ACC_0060,ACC_0092,16898.42,2025-04-15 07:48:21.000000,0,CLEAN
TXN_006081,ACC_0452,ACC_0366,52446.98,2025-04-15 08:11:33.000000,0,CLEAN
TXN_004917,ACC_0417,ACC_0463,1874.42,2025-04-15 09:12:12.000000,0,CLEAN
TXN_005823,ACC_0197,ACC_0079,257585.84,2025-04-15 11:01:22.000000,0,CLEAN
TXN_001580,ACC_0332,ACC_0333,36344.27,2025-04-15 13:18:14.000000,0,CLEAN
TXN_003477,ACC_0333,ACC_0039,318366.51,2025-04-15 14:17:16.000000,0,CLEAN
TXN_004522,ACC_0281,ACC_0254,27477.24,2025-04-15 14:44:38.000000,0,CLEAN
TXN_000432,ACC_0143,ACC_0306,4138.05,2025-04-15 14:50:36.000000,0,CLEAN
TXN_001734,ACC_0032,ACC_0338,5903.15,2025-04-15 15:43:09.000000,0,CLEAN
TXN_004271,ACC_0127,ACC_0426,8415.16,2025-04-15 16:28:46.000000,0,CLEAN
TXN_002256,ACC_0350,ACC_0324,48656.34,2025-04-15 16:50:28.000000,0,CLEAN
TXN_020275,ACC_0193,ACC_0366,195677.18,2025-04-15 16:54:32.000000,1,THRESHOLD_SPLIT
TXN_001411,ACC_0461,ACC_0308,1031939.11,2025-04-15 17:15:17.000000,0,CLEAN
TXN_020276,ACC_0193,ACC_0366,195540.27,2025-04-15 17:20:32.000000,1,THRESHOLD_SPLIT
TXN_002829,ACC_0283,ACC_0351,127023.45,2025-04-15 17:45:02.000000,0,CLEAN
TXN_020277,ACC_0193,ACC_0366,197418.87,2025-04-15 18:24:32.000000,1,THRESHOLD_SPLIT
TXN_001328,ACC_0278,ACC_0458,31323.31,2025-04-15 19:04:39.000000,0,CLEAN
TXN_002454,ACC_0441,ACC_0389,8748.39,2025-04-15 19:17:26.000000,0,CLEAN
TXN_006319,ACC_0399,ACC_0065,16068.07,2025-04-15 20:56:15.000000,0,CLEAN
TXN_005384,ACC_0434,ACC_0180,3951.44,2025-04-15 22:38:21.000000,0,CLEAN
TXN_005230,ACC_0026,ACC_0308,29222.15,2025-04-15 23:05:23.000000,0,CLEAN
TXN_001621,ACC_0239,ACC_0446,117819.19,2025-04-15 23:18:17.000000,0,CLEAN
TXN_004032,ACC_0246,ACC_0340,76975.88,2025-04-15 23:41:42.000000,0,CLEAN
TXN_001536,ACC_0244,ACC_0482,65422.66,2025-04-16 00:09:40.000000,0,CLEAN
TXN_006463,ACC_0366,ACC_0077,21737.13,2025-04-16 00:24:40.000000,0,CLEAN
TXN_002575,ACC_0496,ACC_0349,555205.11,2025-04-16 03:16:11.000000,0,CLEAN
TXN_000807,ACC_0176,ACC_0414,35822.14,2025-04-16 03:20:06.000000,0,CLEAN
TXN_000606,ACC_0012,ACC_0120,91049.71,2025-04-16 03:47:00.000000,0,CLEAN
TXN_005329,ACC_0156,ACC_0016,280183.1,2025-04-16 03:48:07.000000,0,CLEAN
TXN_004588,ACC_0144,ACC_0083,41224.08,2025-04-16 03:53:21.000000,0,CLEAN
TXN_003829,ACC_0106,ACC_0479,19876.78,2025-04-16 04:31:02.000000,0,CLEAN
TXN_006175,ACC_0101,ACC_0051,116471.87,2025-04-16 07:37:19.000000,0,CLEAN
TXN_004731,ACC_0180,ACC_0425,77593.31,2025-04-16 08:04:46.000000,0,CLEAN
TXN_001718,ACC_0286,ACC_0150,847107.33,2025-04-16 09:19:26.000000,0,CLEAN
TXN_005946,ACC_0419,ACC_0012,11509.55,2025-04-16 09:23:28.000000,0,CLEAN
TXN_004736,ACC_0304,ACC_0083,4461.73,2025-04-16 09:27:30.000000,0,CLEAN
TXN_005352,ACC_0127,ACC_0395,90989.4,2025-04-16 09:39:09.000000,0,CLEAN
TXN_000233,ACC_0143,ACC_0461,2824.61,2025-04-16 10:42:23.000000,0,CLEAN
TXN_001675,ACC_0200,ACC_0036,834266.42,2025-04-16 11:27:28.000000,0,CLEAN
TXN_005103,ACC_0065,ACC_0318,155666.99,2025-04-16 11:49:10.000000,0,CLEAN
TXN_000022,ACC_0232,ACC_0329,13440.99,2025-04-16 11:57:49.000000,0,CLEAN
TXN_006439,ACC_0013,ACC_0494,5158.16,2025-04-16 12:02:56.000000,0,CLEAN
TXN_004476,ACC_0136,ACC_0322,287134.04,2025-04-16 13:25:11.000000,0,CLEAN
TXN_001720,ACC_0290,ACC_0095,21215.55,2025-04-16 13:27:19.000000,0,CLEAN
TXN_000324,ACC_0354,ACC_0214,18615.43,2025-04-16 13:34:13.000000,0,CLEAN
TXN_001426,ACC_0306,ACC_0449,816.13,2025-04-16 13:58:12.000000,0,CLEAN
TXN_003297,ACC_0105,ACC_0455,49918.15,2025-04-16 17:12:20.000000,0,CLEAN
TXN_004165,ACC_0152,ACC_0187,28663.49,2025-04-16 17:12:51.000000,0,CLEAN
TXN_020260,ACC_0326,ACC_0221,199096.92,2025-04-16 17:58:36.000000,1,THRESHOLD_SPLIT
TXN_004478,ACC_0022,ACC_0053,65147.34,2025-04-16 18:12:58.000000,0,CLEAN
TXN_020261,ACC_0326,ACC_0221,196341.63,2025-04-16 18:37:36.000000,1,THRESHOLD_SPLIT
TXN_004747,ACC_0384,ACC_0319,3504.56,2025-04-16 18:38:35.000000,0,CLEAN
TXN_020262,ACC_0326,ACC_0221,199186.09,2025-04-16 19:28:36.000000,1,THRESHOLD_SPLIT
TXN_000308,ACC_0102,ACC_0304,238860.31,2025-04-16 22:48:57.000000,0,CLEAN
TXN_001272,ACC_0408,ACC_0435,14271.59,2025-04-16 23:15:37.000000,0,CLEAN
TXN_006427,ACC_0318,ACC_0134,6656.83,2025-04-16 23:58:57.000000,0,CLEAN
TXN_020375,ACC_0360,ACC_0129,198070.75,2025-04-17 00:09:59.000000,1,THRESHOLD_SPLIT
TXN_020376,ACC_0360,ACC_0129,197558.39,2025-04-17 00:25:59.000000,1,THRESHOLD_SPLIT
TXN_020377,ACC_0360,ACC_0129,197047.61,2025-04-17 00:33:59.000000,1,THRESHOLD_SPLIT
TXN_000762,ACC_0193,ACC_0179,81481.72,2025-04-17 00:39:22.000000,0,CLEAN
TXN_000186,ACC_0071,ACC_0369,25324.1,2025-04-17 03:05:25.000000,0,CLEAN
TXN_001193,ACC_0386,ACC_0301,4822.42,2025-04-17 03:24:40.000000,0,CLEAN
TXN_002815,ACC_0440,ACC_0276,67823.84,2025-04-17 03:26:02.000000,0,CLEAN
TXN_005670,ACC_0383,ACC_0448,9643.14,2025-04-17 05:36:04.000000,0,CLEAN
TXN_005248,ACC_0071,ACC_0105,35353.67,2025-04-17 05:36:42.000000,0,CLEAN
TXN_002014,ACC_0125,ACC_0452,30086.1,2025-04-17 06:47:48.000000,0,CLEAN
TXN_001281,ACC_0201,ACC_0276,32059.27,2025-04-17 07:39:12.000000,0,CLEAN
TXN_002980,ACC_0373,ACC_0417,23080.17,2025-04-17 08:35:46.000000,0,CLEAN
TXN_004100,ACC_0358,ACC_0439,26266.75,2025-04-17 09:54:42.000000,0,CLEAN
TXN_001835,ACC_0381,ACC_0025,86060.65,2025-04-17 10:34:31.000000,0,CLEAN
TXN_001622,ACC_0478,ACC_0139,35281.34,2025-04-17 12:24:22.000000,0,CLEAN
TXN_001546,ACC_0132,ACC_0095,36326.78,2025-04-17 12:29:26.000000,0,CLEAN
TXN_001292,ACC_0435,ACC_0384,28561.1,2025-04-17 13:49:53.000000,0,CLEAN
TXN_000056,ACC_0212,ACC_0360,17476.12,2025-04-17 15:37:05.000000,0,CLEAN
TXN_002131,ACC_0277,ACC_0179,72749.49,2025-04-17 16:13:46.000000,0,CLEAN
TXN_005275,ACC_0359,ACC_0218,5144.75,2025-04-17 17:03:53.000000,0,CLEAN
TXN_001689,ACC_0381,ACC_0480,87801.15,2025-04-17 17:13:41.000000,0,CLEAN
TXN_001481,ACC_0470,ACC_0046,4585.13,2025-04-17 17:17:14.000000,0,CLEAN
TXN_001293,ACC_0236,ACC_0331,99410.21,2025-04-17 17:37:21.000000,0,CLEAN
TXN_000410,ACC_0392,ACC_0253,22887.19,2025-04-17 17:54:34.000000,0,CLEAN
TXN_004183,ACC_0216,ACC_0038,12717.79,2025-04-17 18:28:48.000000,0,CLEAN
TXN_001775,ACC_0405,ACC_0092,7124.27,2025-04-17 19:01:29.000000,0,CLEAN
TXN_001779,ACC_0462,ACC_0161,72684.75,2025-04-17 19:33:53.000000,0,CLEAN
TXN_001785,ACC_0192,ACC_0393,72626.95,2025-04-17 20:17:53.000000,0,CLEAN
TXN_004968,ACC_0060,ACC_0475,22247.62,2025-04-17 20:36:13.000000,0,CLEAN
TXN_000001,ACC_0002,ACC_0494,636745.27,2025-04-17 20:49:43.000000,0,CLEAN
TXN_006442,ACC_0056,ACC_0062,255245.49,2025-04-17 21:21:06.000000,0,CLEAN
TXN_002034,ACC_0218,ACC_0432,19417.88,2025-04-17 21:22:52.000000,0,CLEAN
TXN_000886,ACC_0242,ACC_0301,255917.89,2025-04-18 01:24:04.000000,0,CLEAN
TXN_004538,ACC_0427,ACC_0437,414914.39,2025-04-18 02:10:41.000000,0,CLEAN
TXN_004361,ACC_0006,ACC_0350,10517.88,2025-04-18 03:25:34.000000,0,CLEAN
TXN_003501,ACC_0252,ACC_0087,34654.91,2025-04-18 03:30:19.000000,0,CLEAN
TXN_003308,ACC_0047,ACC_0262,96999.72,2025-04-18 03:30:30.000000,0,CLEAN
TXN_002236,ACC_0260,ACC_0217,21966.93,2025-04-18 04:44:22.000000,0,CLEAN
TXN_005497,ACC_0049,ACC_0106,5848.23,2025-04-18 05:16:05.000000,0,CLEAN
TXN_002955,ACC_0122,ACC_0130,789739.19,2025-04-18 07:53:55.000000,0,CLEAN
TXN_004735,ACC_0191,ACC_0090,808017.55,2025-04-18 08:01:06.000000,0,CLEAN
TXN_002498,ACC_0087,ACC_0296,59949.91,2025-04-18 08:01:40.000000,0,CLEAN
TXN_003778,ACC_0210,ACC_0391,32787.9,2025-04-18 08:20:45.000000,0,CLEAN
TXN_003908,ACC_0275,ACC_0078,81745.23,2025-04-18 08:28:39.000000,0,CLEAN
TXN_004787,ACC_0133,ACC_0429,280706.46,2025-04-18 08:43:35.000000,0,CLEAN
TXN_005312,ACC_0156,ACC_0380,50435.26,2025-04-18 09:00:24.000000,0,CLEAN
TXN_006151,ACC_0034,ACC_0139,21661.34,2025-04-18 10:29:33.000000,0,CLEAN
TXN_006445,ACC_0231,ACC_0223,184373.31,2025-04-18 10:33:29.000000,0,CLEAN
TXN_000512,ACC_0043,ACC_0128,816589.1,2025-04-18 11:00:54.000000,0,CLEAN
TXN_000809,ACC_0301,ACC_0116,74016.8,2025-04-18 11:58:18.000000,0,CLEAN
TXN_000781,ACC_0209,ACC_0357,28891.28,2025-04-18 14:21:03.000000,0,CLEAN
TXN_003617,ACC_0173,ACC_0434,2132.36,2025-04-18 16:10:49.000000,0,CLEAN
TXN_005447,ACC_0134,ACC_0392,208746.27,2025-04-18 16:31:27.000000,0,CLEAN
TXN_003609,ACC_0183,ACC_0015,51419.01,2025-04-18 17:03:00.000000,0,CLEAN
TXN_000270,ACC_0229,ACC_0286,104990.79,2025-04-18 17:16:32.000000,0,CLEAN
TXN_005658,ACC_0247,ACC_0264,41712.88,2025-04-18 17:35:20.000000,0,CLEAN
TXN_001442,ACC_0189,ACC_0287,54376.67,2025-04-18 18:04:27.000000,0,CLEAN
TXN_001278,ACC_0283,ACC_0448,19073.34,2025-04-18 18:48:45.000000,0,CLEAN
TXN_003443,ACC_0492,ACC_0466,1006.81,2025-04-18 19:11:49.000000,0,CLEAN
TXN_005879,ACC_0078,ACC_0351,40472.5,2025-04-18 20:06:37.000000,0,CLEAN
TXN_002222,ACC_0071,ACC_0097,7417.81,2025-04-18 20:27:07.000000,0,CLEAN
TXN_004773,ACC_0220,ACC_0123,103609.01,2025-04-18 21:56:02.000000,0,CLEAN
TXN_000650,ACC_0437,ACC_0231,8208.39,2025-04-18 22:55:56.000000,0,CLEAN
TXN_002171,ACC_0054,ACC_0167,86945.77,2025-04-18 23:50:46.000000,0,CLEAN
TXN_001797,ACC_0283,ACC_0261,297270.53,2025-04-19 00:39:12.000000,0,CLEAN
TXN_004903,ACC_0204,ACC_0040,41632.67,2025-04-19 01:14:45.000000,0,CLEAN
TXN_005203,ACC_0326,ACC_0293,14679.56,2025-04-19 01:19:47.000000,0,CLEAN
TXN_003458,ACC_0071,ACC_0372,193929.63,2025-04-19 01:22:49.000000,0,CLEAN
TXN_005365,ACC_0326,ACC_0433,14768.74,2025-04-19 01:58:59.000000,0,CLEAN
TXN_005456,ACC_0205,ACC_0357,30190.89,2025-04-19 03:31:55.000000,0,CLEAN
TXN_003037,ACC_0037,ACC_0049,10736.41,2025-04-19 03:48:28.000000,0,CLEAN
TXN_001096,ACC_0211,ACC_0018,91925.28,2025-04-19 04:25:07.000000,0,CLEAN
TXN_020365,ACC_0226,ACC_0267,196459.97,2025-04-19 05:07:13.000000,1,THRESHOLD_SPLIT
TXN_000141,ACC_0495,ACC_0213,443978.89,2025-04-19 05:08:40.000000,0,CLEAN
TXN_020366,ACC_0226,ACC_0267,199580.64,2025-04-19 05:28:13.000000,1,THRESHOLD_SPLIT
TXN_005540,ACC_0034,ACC_0252,151922.78,2025-04-19 07:14:36.000000,0,CLEAN
TXN_005738,ACC_0350,ACC_0061,11685.15,2025-04-19 08:01:34.000000,0,CLEAN
TXN_001252,ACC_0406,ACC_0128,13614.44,2025-04-19 08:51:39.000000,0,CLEAN
TXN_001769,ACC_0285,ACC_0384,32135.48,2025-04-19 09:07:42.000000,0,CLEAN
TXN_005526,ACC_0097,ACC_0431,181185.0,2025-04-19 09:15:43.000000,0,CLEAN
TXN_001079,ACC_0429,ACC_0423,10771.09,2025-04-19 10:04:21.000000,0,CLEAN
TXN_001710,ACC_0119,ACC_0163,5565.76,2025-04-19 10:06:05.000000,0,CLEAN
TXN_003707,ACC_0230,ACC_0437,501.73,2025-04-19 10:33:02.000000,0,CLEAN
TXN_002545,ACC_0089,ACC_0332,1677.55,2025-04-19 12:09:08.000000,0,CLEAN
TXN_005097,ACC_0014,ACC_0468,23980.41,2025-04-19 12:42:18.000000,0,CLEAN
TXN_003342,ACC_0206,ACC_0302,157681.8,2025-04-19 12:58:54.000000,0,CLEAN
TXN_003355,ACC_0080,ACC_0484,28942.06,2025-04-19 13:15:11.000000,0,CLEAN
TXN_000942,ACC_0371,ACC_0414,47644.97,2025-04-19 13:16:34.000000,0,CLEAN
TXN_003554,ACC_0346,ACC_0028,7867.2,2025-04-19 14:19:53.000000,0,CLEAN
TXN_002665,ACC_0155,ACC_0253,2623.48,2025-04-19 14:26:19.000000,0,CLEAN
TXN_003047,ACC_0495,ACC_0456,327686.06,2025-04-19 15:44:25.000000,0,CLEAN
TXN_002129,ACC_0490,ACC_0318,17690.1,2025-04-19 16:02:42.000000,0,CLEAN
TXN_005744,ACC_0109,ACC_0316,14656.51,2025-04-19 16:49:45.000000,0,CLEAN
TXN_002909,ACC_0237,ACC_0249,782534.5,2025-04-19 16:58:25.000000,0,CLEAN
TXN_002213,ACC_0000,ACC_0361,4451.7,2025-04-19 17:55:48.000000,0,CLEAN
TXN_003513,ACC_0129,ACC_0349,48923.84,2025-04-19 18:19:46.000000,0,CLEAN
TXN_001105,ACC_0232,ACC_0169,8690.69,2025-04-19 18:29:31.000000,0,CLEAN
TXN_001574,ACC_0184,ACC_0185,14378.97,2025-04-19 19:25:13.000000,0,CLEAN
TXN_005792,ACC_0159,ACC_0140,77523.53,2025-04-19 20:23:45.000000,0,CLEAN
TXN_002546,ACC_0360,ACC_0034,206614.72,2025-04-19 21:19:21.000000,0,CLEAN
TXN_004701,ACC_0421,ACC_0005,16894.76,2025-04-19 22:01:22.000000,0,CLEAN
TXN_005626,ACC_0495,ACC_0208,210599.86,2025-04-19 22:25:55.000000,0,CLEAN
TXN_006191,ACC_0140,ACC_0348,12652.79,2025-04-19 23:40:52.000000,0,CLEAN
TXN_006009,ACC_0323,ACC_0249,307718.78,2025-04-19 23:58:03.000000,0,CLEAN
TXN_000913,ACC_0429,ACC_0191,934253.9,2025-04-20 00:34:47.000000,0,CLEAN
TXN_000399,ACC_0417,ACC_0196,10663.65,2025-04-20 01:09:43.000000,0,CLEAN
TXN_001177,ACC_0345,ACC_0379,355746.64,2025-04-20 02:34:25.000000,0,CLEAN
TXN_000733,ACC_0362,ACC_0496,1740292.93,2025-04-20 03:00:14.000000,0,CLEAN
TXN_003237,ACC_0116,ACC_0061,28594.13,2025-04-20 03:01:24.000000,0,CLEAN
TXN_003827,ACC_0167,ACC_0165,140196.41,2025-04-20 03:21:43.000000,0,CLEAN
TXN_000171,ACC_0211,ACC_0023,1619.57,2025-04-20 05:33:18.000000,0,CLEAN
TXN_000841,ACC_0473,ACC_0054,36481.81,2025-04-20 06:17:46.000000,0,CLEAN
TXN_004471,ACC_0245,ACC_0389,32158.47,2025-04-20 07:04:36.000000,0,CLEAN
TXN_003123,ACC_0243,ACC_0137,38964.35,2025-04-20 08:02:10.000000,0,CLEAN
TXN_000709,ACC_0288,ACC_0072,501001.87,2025-04-20 08:16:39.000000,0,CLEAN
TXN_005636,ACC_0189,ACC_0245,186252.29,2025-04-20 08:29:04.000000,0,CLEAN
TXN_003081,ACC_0421,ACC_0139,267535.78,2025-04-20 08:55:23.000000,0,CLEAN
TXN_005707,ACC_0091,ACC_0135,44080.87,2025-04-20 10:50:41.000000,0,CLEAN
TXN_002267,ACC_0372,ACC_0402,71833.87,2025-04-20 11:03:41.000000,0,CLEAN
TXN_004595,ACC_0289,ACC_0022,21614.53,2025-04-20 11:12:56.000000,0,CLEAN
TXN_005837,ACC_0165,ACC_0191,18634.87,2025-04-20 11:21:21.000000,0,CLEAN
TXN_005676,ACC_0455,ACC_0190,28694.56,2025-04-20 11:32:48.000000,0,CLEAN
TXN_000307,ACC_0058,ACC_0478,17709.86,2025-04-20 11:44:01.000000,0,CLEAN
TXN_005253,ACC_0412,ACC_0486,4750.69,2025-04-20 11:45:37.000000,0,CLEAN
TXN_005080,ACC_0159,ACC_0088,628067.32,2025-04-20 11:59:59.000000,0,CLEAN
TXN_000075,ACC_0212,ACC_0234,1317.24,2025-04-20 12:00:59.000000,0,CLEAN
TXN_000240,ACC_0153,ACC_0083,2295.46,2025-04-20 12:14:08.000000,0,CLEAN
TXN_005479,ACC_0174,ACC_0024,75317.29,2025-04-20 13:02:33.000000,0,CLEAN
TXN_000064,ACC_0039,ACC_0470,220096.39,2025-04-20 13:13:00.000000,0,CLEAN
TXN_005154,ACC_0234,ACC_0061,9761.84,2025-04-20 13:24:17.000000,0,CLEAN
TXN_001919,ACC_0335,ACC_0478,4965.61,2025-04-20 16:21:54.000000,0,CLEAN
TXN_006016,ACC_0319,ACC_0180,459787.57,2025-04-20 16:35:22.000000,0,CLEAN
TXN_005811,ACC_0142,ACC_0071,223729.68,2025-04-20 17:16:37.000000,0,CLEAN
TXN_002678,ACC_0297,ACC_0246,156838.0,2025-04-20 19:46:07.000000,0,CLEAN
TXN_000687,ACC_0176,ACC_0468,25927.26,2025-04-20 20:07:30.000000,0,CLEAN
TXN_006280,ACC_0191,ACC_0008,220333.48,2025-04-20 20:25:15.000000,0,CLEAN
TXN_001341,ACC_0289,ACC_0486,2158.62,2025-04-20 20:52:39.000000,0,CLEAN
TXN_000225,ACC_0401,ACC_0169,27557.36,2025-04-20 21:04:58.000000,0,CLEAN
TXN_002335,ACC_0460,ACC_0331,23161.41,2025-04-20 22:04:18.000000,0,CLEAN
TXN_002893,ACC_0222,ACC_0479,32419.05,2025-04-20 22:17:37.000000,0,CLEAN
TXN_004393,ACC_0023,ACC_0490,30150.84,2025-04-20 22:33:56.000000,0,CLEAN
TXN_005795,ACC_0356,ACC_0044,100518.0,2025-04-20 22:37:59.000000,0,CLEAN
TXN_002874,ACC_0139,ACC_0034,2910.3,2025-04-20 23:44:49.000000,0,CLEAN
TXN_000838,ACC_0076,ACC_0075,20286.98,2025-04-21 00:31:08.000000,0,CLEAN
TXN_005645,ACC_0370,ACC_0430,26103.62,2025-04-21 00:43:48.000000,0,CLEAN
TXN_006155,ACC_0028,ACC_0229,554118.28,2025-04-21 01:01:24.000000,0,CLEAN
TXN_000571,ACC_0255,ACC_0440,74277.34,2025-04-21 01:52:51.000000,0,CLEAN
TXN_003012,ACC_0087,ACC_0485,473572.56,2025-04-21 03:32:36.000000,0,CLEAN
TXN_004873,ACC_0109,ACC_0239,32800.3,2025-04-21 04:35:54.000000,0,CLEAN
TXN_000742,ACC_0435,ACC_0394,15176.12,2025-04-21 04:39:40.000000,0,CLEAN
TXN_000708,ACC_0180,ACC_0486,4429.72,2025-04-21 05:26:49.000000,0,CLEAN
TXN_005866,ACC_0487,ACC_0498,25096.84,2025-04-21 07:01:01.000000,0,CLEAN
TXN_002852,ACC_0442,ACC_0216,69042.33,2025-04-21 07:18:07.000000,0,CLEAN
TXN_020220,ACC_0000,ACC_0166,195190.08,2025-04-21 07:35:19.000000,1,THRESHOLD_SPLIT
TXN_020221,ACC_0000,ACC_0166,199637.66,2025-04-21 07:53:19.000000,1,THRESHOLD_SPLIT
TXN_003720,ACC_0487,ACC_0169,1004.32,2025-04-21 07:57:41.000000,0,CLEAN
TXN_006107,ACC_0358,ACC_0132,48131.9,2025-04-21 08:08:57.000000,0,CLEAN
TXN_020222,ACC_0000,ACC_0166,196735.72,2025-04-21 08:39:19.000000,1,THRESHOLD_SPLIT
TXN_020145,ACC_0349,ACC_0166,199707.03,2025-04-21 09:32:24.000000,1,THRESHOLD_SPLIT
TXN_020146,ACC_0349,ACC_0166,199626.29,2025-04-21 09:45:24.000000,1,THRESHOLD_SPLIT
TXN_020147,ACC_0349,ACC_0166,197466.28,2025-04-21 09:50:24.000000,1,THRESHOLD_SPLIT
TXN_003769,ACC_0093,ACC_0358,146402.5,2025-04-21 09:56:21.000000,0,CLEAN
TXN_004644,ACC_0481,ACC_0063,141767.47,2025-04-21 10:29:23.000000,0,CLEAN
TXN_002827,ACC_0391,ACC_0056,15004.31,2025-04-21 11:03:26.000000,0,CLEAN
TXN_005226,ACC_0447,ACC_0036,1322.9,2025-04-21 12:26:33.000000,0,CLEAN
TXN_004552,ACC_0039,ACC_0006,60626.68,2025-04-21 12:35:08.000000,0,CLEAN
TXN_003843,ACC_0472,ACC_0435,169001.65,2025-04-21 12:41:16.000000,0,CLEAN
TXN_003756,ACC_0168,ACC_0467,10362.06,2025-04-21 12:47:59.000000,0,CLEAN
TXN_006177,ACC_0249,ACC_0153,9453.31,2025-04-21 13:16:00.000000,0,CLEAN
TXN_005433,ACC_0214,ACC_0117,1128.83,2025-04-21 13:19:37.000000,0,CLEAN
TXN_000960,ACC_0175,ACC_0210,29505.03,2025-04-21 13:36:46.000000,0,CLEAN
TXN_006142,ACC_0255,ACC_0235,10094.61,2025-04-21 13:38:00.000000,0,CLEAN
TXN_003189,ACC_0103,ACC_0151,28924.04,2025-04-21 13:44:17.000000,0,CLEAN
TXN_003507,ACC_0132,ACC_0478,14117.54,2025-04-21 15:56:30.000000,0,CLEAN
TXN_001767,ACC_0336,ACC_0127,58657.91,2025-04-21 16:31:17.000000,0,CLEAN
TXN_004594,ACC_0137,ACC_0043,30556.58,2025-04-21 16:57:52.000000,0,CLEAN
TXN_001356,ACC_0296,ACC_0278,293225.72,2025-04-21 17:08:20.000000,0,CLEAN
TXN_020195,ACC_0404,ACC_0476,196295.06,2025-04-21 17:21:25.000000,1,THRESHOLD_SPLIT
TXN_003395,ACC_0027,ACC_0491,163153.66,2025-04-21 17:31:53.000000,0,CLEAN
TXN_020196,ACC_0404,ACC_0476,195818.64,2025-04-21 17:39:25.000000,1,THRESHOLD_SPLIT
TXN_002856,ACC_0162,ACC_0194,40858.31,2025-04-21 18:02:24.000000,0,CLEAN
TXN_001804,ACC_0153,ACC_0047,724691.43,2025-04-21 18:39:46.000000,0,CLEAN
TXN_003084,ACC_0269,ACC_0393,40411.94,2025-04-21 20:03:50.000000,0,CLEAN
TXN_005975,ACC_0406,ACC_0098,91486.85,2025-04-21 20:33:50.000000,0,CLEAN
TXN_002926,ACC_0120,ACC_0057,53042.74,2025-04-21 20:55:43.000000,0,CLEAN
TXN_005353,ACC_0151,ACC_0173,8367.56,2025-04-21 21:26:16.000000,0,CLEAN
TXN_005505,ACC_0482,ACC_0486,127482.16,2025-04-21 21:49:21.000000,0,CLEAN
TXN_006398,ACC_0425,ACC_0437,34134.47,2025-04-21 22:10:09.000000,0,CLEAN
TXN_001841,ACC_0202,ACC_0334,68285.96,2025-04-21 22:35:38.000000,0,CLEAN
TXN_001834,ACC_0042,ACC_0244,138078.1,2025-04-21 23:06:22.000000,0,CLEAN
TXN_001798,ACC_0292,ACC_0475,96343.49,2025-04-21 23:54:15.000000,0,CLEAN
TXN_001590,ACC_0323,ACC_0313,59285.33,2025-04-22 00:01:27.000000,0,CLEAN
TXN_004794,ACC_0497,ACC_0040,264108.87,2025-04-22 00:45:08.000000,0,CLEAN
TXN_003527,ACC_0041,ACC_0451,24595.03,2025-04-22 00:52:21.000000,0,CLEAN
TXN_004403,ACC_0001,ACC_0082,20745.77,2025-04-22 01:14:15.000000,0,CLEAN
TXN_001957,ACC_0480,ACC_0380,52005.6,2025-04-22 01:24:27.000000,0,CLEAN
TXN_000846,ACC_0335,ACC_0248,787.7,2025-04-22 01:49:17.000000,0,CLEAN
TXN_000931,ACC_0298,ACC_0363,123451.77,2025-04-22 01:54:39.000000,0,CLEAN
TXN_005758,ACC_0320,ACC_0029,8061.39,2025-04-22 02:33:22.000000,0,CLEAN
TXN_004772,ACC_0171,ACC_0087,6005.39,2025-04-22 02:35:12.000000,0,CLEAN
TXN_002857,ACC_0199,ACC_0165,1490.55,2025-04-22 04:13:24.000000,0,CLEAN
TXN_005344,ACC_0237,ACC_0217,107097.56,2025-04-22 04:31:16.000000,0,CLEAN
TXN_001209,ACC_0251,ACC_0405,8418.66,2025-04-22 04:52:05.000000,0,CLEAN
TXN_000411,ACC_0261,ACC_0057,50449.37,2025-04-22 05:02:27.000000,0,CLEAN
TXN_006259,ACC_0125,ACC_0168,46034.31,2025-04-22 05:07:48.000000,0,CLEAN
TXN_000434,ACC_0149,ACC_0148,70264.48,2025-04-22 05:08:28.000000,0,CLEAN
TXN_004137,ACC_0011,ACC_0301,5822.7,2025-04-22 06:17:21.000000,0,CLEAN
TXN_003371,ACC_0213,ACC_0247,46011.29,2025-04-22 06:38:56.000000,0,CLEAN
TXN_003570,ACC_0099,ACC_0464,85648.71,2025-04-22 07:21:43.000000,0,CLEAN
TXN_001379,ACC_0022,ACC_0066,10842.13,2025-04-22 08:38:27.000000,0,CLEAN
TXN_002869,ACC_0024,ACC_0153,44205.2,2025-04-22 08:48:00.000000,0,CLEAN
TXN_001513,ACC_0111,ACC_0458,8867.47,2025-04-22 09:41:40.000000,0,CLEAN
TXN_003722,ACC_0467,ACC_0311,36013.87,2025-04-22 10:28:07.000000,0,CLEAN
TXN_006290,ACC_0435,ACC_0044,31798.8,2025-04-22 10:41:07.000000,0,CLEAN
TXN_002184,ACC_0476,ACC_0364,60029.24,2025-04-22 11:54:40.000000,0,CLEAN
TXN_006311,ACC_0394,ACC_0421,4227.66,2025-04-22 13:04:37.000000,0,CLEAN
TXN_005413,ACC_0289,ACC_0257,66775.01,2025-04-22 13:04:51.000000,0,CLEAN
TXN_002602,ACC_0021,ACC_0163,431154.31,2025-04-22 13:28:52.000000,0,CLEAN
TXN_002365,ACC_0463,ACC_0200,22886.15,2025-04-22 14:01:03.000000,0,CLEAN
TXN_005919,ACC_0163,ACC_0065,25754.86,2025-04-22 14:12:47.000000,0,CLEAN
TXN_001487,ACC_0476,ACC_0206,78768.42,2025-04-22 15:15:34.000000,0,CLEAN
TXN_004160,ACC_0020,ACC_0066,335353.73,2025-04-22 16:04:18.000000,0,CLEAN
TXN_006298,ACC_0093,ACC_0332,23785.02,2025-04-22 16:44:13.000000,0,CLEAN
TXN_004983,ACC_0458,ACC_0018,38375.49,2025-04-22 16:46:06.000000,0,CLEAN
TXN_005237,ACC_0038,ACC_0274,301957.13,2025-04-22 17:21:09.000000,0,CLEAN
TXN_004112,ACC_0371,ACC_0439,315816.78,2025-04-22 18:52:22.000000,0,CLEAN
TXN_000700,ACC_0485,ACC_0112,43819.61,2025-04-22 18:55:10.000000,0,CLEAN
TXN_000303,ACC_0251,ACC_0496,18152.93,2025-04-22 19:47:31.000000,0,CLEAN
TXN_001579,ACC_0101,ACC_0296,18485.02,2025-04-22 19:51:45.000000,0,CLEAN
TXN_004046,ACC_0446,ACC_0114,31234.75,2025-04-22 20:13:28.000000,0,CLEAN
TXN_001846,ACC_0350,ACC_0474,17707.5,2025-04-22 20:26:22.000000,0,CLEAN
TXN_005177,ACC_0337,ACC_0092,273134.99,2025-04-22 20:32:09.000000,0,CLEAN
TXN_000119,ACC_0469,ACC_0374,50808.86,2025-04-22 20:52:07.000000,0,CLEAN
TXN_005623,ACC_0496,ACC_0335,49789.07,2025-04-22 21:17:31.000000,0,CLEAN
TXN_001813,ACC_0374,ACC_0414,76620.09,2025-04-22 21:40:36.000000,0,CLEAN
TXN_002243,ACC_0474,ACC_0279,83885.6,2025-04-22 21:59:47.000000,0,CLEAN
TXN_004890,ACC_0196,ACC_0121,12719.33,2025-04-22 22:16:59.000000,0,CLEAN
TXN_003894,ACC_0155,ACC_0146,127962.92,2025-04-22 22:19:13.000000,0,CLEAN
TXN_001771,ACC_0392,ACC_0326,17486.02,2025-04-22 22:58:53.000000,0,CLEAN
TXN_001070,ACC_0392,ACC_0380,119538.89,2025-04-22 23:22:44.000000,0,CLEAN
TXN_004784,ACC_0060,ACC_0324,411754.04,2025-04-23 00:42:22.000000,0,CLEAN
TXN_004960,ACC_0487,ACC_0445,34376.04,2025-04-23 02:08:38.000000,0,CLEAN
TXN_000370,ACC_0407,ACC_0032,27849.75,2025-04-23 02:38:10.000000,0,CLEAN
TXN_002083,ACC_0009,ACC_0107,227601.9,2025-04-23 02:52:04.000000,0,CLEAN
TXN_005860,ACC_0137,ACC_0489,139740.07,2025-04-23 03:17:20.000000,0,CLEAN
TXN_006066,ACC_0015,ACC_0106,331926.4,2025-04-23 03:49:17.000000,0,CLEAN
TXN_002292,ACC_0085,ACC_0108,19545.56,2025-04-23 04:32:40.000000,0,CLEAN
TXN_004511,ACC_0034,ACC_0058,109132.9,2025-04-23 04:56:34.000000,0,CLEAN
TXN_000464,ACC_0172,ACC_0281,31742.01,2025-04-23 05:21:57.000000,0,CLEAN
TXN_001429,ACC_0404,ACC_0003,685237.78,2025-04-23 05:36:55.000000,0,CLEAN
TXN_002749,ACC_0050,ACC_0420,2237.57,2025-04-23 06:17:53.000000,0,CLEAN
TXN_005082,ACC_0165,ACC_0412,427330.19,2025-04-23 06:27:19.000000,0,CLEAN
TXN_002872,ACC_0367,ACC_0433,320100.83,2025-04-23 06:34:33.000000,0,CLEAN
TXN_006337,ACC_0259,ACC_0468,2551.1,2025-04-23 07:05:23.000000,0,CLEAN
TXN_000080,ACC_0381,ACC_0111,60339.64,2025-04-23 07:07:33.000000,0,CLEAN
TXN_004717,ACC_0327,ACC_0497,16974.83,2025-04-23 07:25:56.000000,0,CLEAN
TXN_005817,ACC_0250,ACC_0181,16425.33,2025-04-23 08:55:10.000000,0,CLEAN
TXN_010160,ACC_0378,ACC_0267,3806142.38,2025-04-23 10:08:31.000000,1,SHELL_LAYERING
TXN_002506,ACC_0167,ACC_0223,75286.37,2025-04-23 12:30:43.000000,0,CLEAN
TXN_002744,ACC_0482,ACC_0142,28023.46,2025-04-23 13:50:13.000000,0,CLEAN
TXN_002473,ACC_0227,ACC_0304,715626.74,2025-04-23 13:53:08.000000,0,CLEAN
TXN_006094,ACC_0388,ACC_0423,2297.55,2025-04-23 14:07:10.000000,0,CLEAN
TXN_002701,ACC_0049,ACC_0274,68745.55,2025-04-23 15:12:47.000000,0,CLEAN
TXN_006045,ACC_0050,ACC_0197,20869.04,2025-04-23 15:43:53.000000,0,CLEAN
TXN_030309,ACC_0008,ACC_0308,26593.9,2025-04-23 15:52:02.000000,1,VELOCITY_BURST
TXN_030311,ACC_0008,ACC_0027,37895.75,2025-04-23 15:54:02.000000,1,VELOCITY_BURST
TXN_030302,ACC_0008,ACC_0376,10214.22,2025-04-23 15:56:02.000000,1,VELOCITY_BURST
TXN_030307,ACC_0008,ACC_0157,24327.52,2025-04-23 15:59:02.000000,1,VELOCITY_BURST
TXN_030304,ACC_0008,ACC_0393,30233.96,2025-04-23 15:59:02.000000,1,VELOCITY_BURST
TXN_030303,ACC_0008,ACC_0407,46653.31,2025-04-23 16:01:02.000000,1,VELOCITY_BURST
TXN_030305,ACC_0008,ACC_0328,12975.65,2025-04-23 16:09:02.000000,1,VELOCITY_BURST
TXN_030312,ACC_0008,ACC_0255,34585.57,2025-04-23 16:10:02.000000,1,VELOCITY_BURST
TXN_030306,ACC_0008,ACC_0404,14011.57,2025-04-23 16:10:02.000000,1,VELOCITY_BURST
TXN_030300,ACC_0008,ACC_0445,14603.65,2025-04-23 16:10:02.000000,1,VELOCITY_BURST
TXN_030310,ACC_0008,ACC_0340,10844.49,2025-04-23 16:12:02.000000,1,VELOCITY_BURST
TXN_030301,ACC_0008,ACC_0488,29856.17,2025-04-23 16:13:02.000000,1,VELOCITY_BURST
TXN_002246,ACC_0188,ACC_0057,52155.39,2025-04-23 16:14:54.000000,0,CLEAN
TXN_030308,ACC_0008,ACC_0394,34107.93,2025-04-23 16:19:02.000000,1,VELOCITY_BURST
TXN_005155,ACC_0199,ACC_0005,10843.28,2025-04-23 17:30:12.000000,0,CLEAN
TXN_001296,ACC_0101,ACC_0372,22503.34,2025-04-23 17:46:18.000000,0,CLEAN
TXN_005181,ACC_0165,ACC_0302,21747.79,2025-04-23 18:22:24.000000,0,CLEAN
TXN_010120,ACC_0166,ACC_0418,4142783.27,2025-04-23 19:10:11.000000,1,SHELL_LAYERING
TXN_004525,ACC_0196,ACC_0042,5700.06,2025-04-23 19:29:17.000000,0,CLEAN
TXN_004547,ACC_0054,ACC_0340,35134.81,2025-04-23 22:29:07.000000,0,CLEAN
TXN_001324,ACC_0015,ACC_0417,46769.29,2025-04-23 23:48:22.000000,0,CLEAN
TXN_002431,ACC_0124,ACC_0474,18337.27,2025-04-24 00:15:01.000000,0,CLEAN
TXN_000321,ACC_0306,ACC_0245,300745.95,2025-04-24 01:27:13.000000,0,CLEAN
TXN_003333,ACC_0167,ACC_0265,4296.42,2025-04-24 02:02:11.000000,0,CLEAN
TXN_005408,ACC_0193,ACC_0426,445530.67,2025-04-24 03:30:53.000000,0,CLEAN
TXN_005242,ACC_0456,ACC_0056,37444.9,2025-04-24 03:55:00.000000,0,CLEAN
TXN_001160,ACC_0287,ACC_0245,261888.1,2025-04-24 04:04:26.000000,0,CLEAN
TXN_003029,ACC_0127,ACC_0190,7502.83,2025-04-24 04:31:30.000000,0,CLEAN
TXN_001483,ACC_0286,ACC_0469,132400.96,2025-04-24 04:39:43.000000,0,CLEAN
TXN_001872,ACC_0009,ACC_0193,46167.31,2025-04-24 04:59:59.000000,0,CLEAN
TXN_005009,ACC_0496,ACC_0242,29359.27,2025-04-24 05:43:02.000000,0,CLEAN
TXN_003579,ACC_0183,ACC_0159,22961.43,2025-04-24 08:04:49.000000,0,CLEAN
TXN_005544,ACC_0194,ACC_0324,42802.74,2025-04-24 09:09:58.000000,0,CLEAN
TXN_003667,ACC_0180,ACC_0117,25095.02,2025-04-24 09:27:40.000000,0,CLEAN
TXN_000694,ACC_0183,ACC_0393,3329.27,2025-04-24 09:35:08.000000,0,CLEAN
TXN_000174,ACC_0283,ACC_0479,4397.24,2025-04-24 09:47:09.000000,0,CLEAN
TXN_020485,ACC_0457,ACC_0139,198348.08,2025-04-24 10:11:47.000000,1,THRESHOLD_SPLIT
TXN_010167,ACC_0166,ACC_0378,3987904.43,2025-04-24 10:38:42.803689,1,SHELL_LAYERING
TXN_020486,ACC_0457,ACC_0139,199057.97,2025-04-24 10:40:47.000000,1,THRESHOLD_SPLIT
TXN_010161,ACC_0267,ACC_0218,4073568.03,2025-04-24 10:59:32.188768,1,SHELL_LAYERING
TXN_003344,ACC_0446,ACC_0135,405619.69,2025-04-24 11:03:10.000000,0,CLEAN
TXN_002934,ACC_0168,ACC_0427,1097617.06,2025-04-24 11:09:27.000000,0,CLEAN
TXN_000910,ACC_0319,ACC_0203,266276.68,2025-04-24 11:54:27.000000,0,CLEAN
TXN_001697,ACC_0406,ACC_0141,37373.67,2025-04-24 12:53:05.000000,0,CLEAN
TXN_004151,ACC_0265,ACC_0429,92959.62,2025-04-24 12:59:59.000000,0,CLEAN
TXN_006503,ACC_0238,ACC_0218,25576.11,2025-04-24 14:11:51.000000,0,CLEAN
TXN_010121,ACC_0418,ACC_0378,4359738.21,2025-04-24 14:21:48.961965,1,SHELL_LAYERING
TXN_003853,ACC_0311,ACC_0467,2953.24,2025-04-24 14:28:10.000000,0,CLEAN
TXN_002481,ACC_0037,ACC_0242,244881.63,2025-04-24 14:43:39.000000,0,CLEAN
TXN_003452,ACC_0323,ACC_0108,961399.29,2025-04-24 15:02:21.000000,0,CLEAN
TXN_002664,ACC_0154,ACC_0428,6428.24,2025-04-24 15:16:05.000000,0,CLEAN
TXN_005822,ACC_0486,ACC_0427,20296.15,2025-04-24 15:20:12.000000,0,CLEAN
TXN_001977,ACC_0092,ACC_0399,321223.04,2025-04-24 16:23:02.000000,0,CLEAN
TXN_020530,ACC_0260,ACC_0126,196739.46,2025-04-24 16:36:09.000000,1,THRESHOLD_SPLIT
TXN_020531,ACC_0260,ACC_0126,197298.41,2025-04-24 16:53:09.000000,1,THRESHOLD_SPLIT
TXN_003082,ACC_0456,ACC_0339,647291.01,2025-04-24 17:27:16.000000,0,CLEAN
TXN_010162,ACC_0218,ACC_0440,3947707.62,2025-04-24 17:36:34.249982,1,SHELL_LAYERING
TXN_001478,ACC_0202,ACC_0208,11392.19,2025-04-24 19:19:53.000000,0,CLEAN
TXN_006247,ACC_0143,ACC_0311,79009.9,2025-04-24 19:29:27.000000,0,CLEAN
TXN_000659,ACC_0043,ACC_0299,22309.17,2025-04-24 19:30:40.000000,0,CLEAN
TXN_003433,ACC_0137,ACC_0284,113694.46,2025-04-24 19:45:45.000000,0,CLEAN
TXN_004609,ACC_0195,ACC_0245,41012.16,2025-04-24 20:37:38.000000,0,CLEAN
TXN_004371,ACC_0061,ACC_0021,279336.9,2025-04-24 21:34:28.000000,0,CLEAN
TXN_005836,ACC_0071,ACC_0240,102371.79,2025-04-24 22:46:58.000000,0,CLEAN
TXN_001358,ACC_0193,ACC_0187,55996.27,2025-04-25 02:46:54.000000,0,CLEAN
TXN_020040,ACC_0006,ACC_0395,135292.67,2025-04-25 04:55:28.000000,1,THRESHOLD_SPLIT
TXN_020042,ACC_0006,ACC_0395,135292.67,2025-04-25 05:13:28.000000,1,THRESHOLD_SPLIT
TXN_020041,ACC_0006,ACC_0395,135292.67,2025-04-25 05:38:28.000000,1,THRESHOLD_SPLIT
TXN_005838,ACC_0193,ACC_0338,44736.41,2025-04-25 06:05:59.000000,0,CLEAN
TXN_020043,ACC_0006,ACC_0395,135292.67,2025-04-25 06:10:28.000000,1,THRESHOLD_SPLIT
TXN_000341,ACC_0395,ACC_0347,99930.4,2025-04-25 07:01:40.000000,0,CLEAN
TXN_005281,ACC_0118,ACC_0047,13007.25,2025-04-25 07:09:22.000000,0,CLEAN
TXN_000984,ACC_0196,ACC_0258,50869.92,2025-04-25 07:24:15.000000,0,CLEAN
TXN_004211,ACC_0448,ACC_0156,88326.5,2025-04-25 08:07:58.000000,0,CLEAN
TXN_002010,ACC_0121,ACC_0111,74816.9,2025-04-25 08:17:50.000000,0,CLEAN
TXN_001419,ACC_0195,ACC_0179,17887.62,2025-04-25 09:09:46.000000,0,CLEAN
TXN_001128,ACC_0234,ACC_0338,40206.47,2025-04-25 10:24:44.000000,0,CLEAN
TXN_003364,ACC_0072,ACC_0402,20789.7,2025-04-25 11:50:53.000000,0,CLEAN
TXN_000997,ACC_0375,ACC_0011,222470.4,2025-04-25 12:10:04.000000,0,CLEAN
TXN_006256,ACC_0447,ACC_0077,61033.37,2025-04-25 12:42:21.000000,0,CLEAN
TXN_004062,ACC_0159,ACC_0031,9466.37,2025-04-25 13:52:40.000000,0,CLEAN
TXN_002654,ACC_0171,ACC_0033,7647.88,2025-04-25 16:45:47.000000,0,CLEAN
TXN_001376,ACC_0245,ACC_0107,15626.88,2025-04-25 17:17:06.000000,0,CLEAN
TXN_001624,ACC_0276,ACC_0090,37560.15,2025-04-25 17:28:18.000000,0,CLEAN
TXN_005334,ACC_0414,ACC_0385,47880.5,2025-04-25 18:04:00.000000,0,CLEAN
TXN_002833,ACC_0134,ACC_0254,85914.41,2025-04-25 18:28:11.000000,0,CLEAN
TXN_010180,ACC_0378,ACC_0155,2380541.54,2025-04-25 18:33:10.000000,1,SHELL_LAYERING
TXN_005799,ACC_0095,ACC_0163,15082.81,2025-04-25 18:57:06.000000,0,CLEAN
TXN_004889,ACC_0307,ACC_0167,1384.44,2025-04-25 19:03:25.000000,0,CLEAN
TXN_000706,ACC_0183,ACC_0468,12670.26,2025-04-25 20:52:51.000000,0,CLEAN
TXN_000126,ACC_0285,ACC_0486,8230.42,2025-04-25 21:22:07.000000,0,CLEAN
TXN_000600,ACC_0237,ACC_0188,162269.72,2025-04-25 21:28:46.000000,0,CLEAN
TXN_002507,ACC_0113,ACC_0457,3565.44,2025-04-25 21:51:20.000000,0,CLEAN
TXN_003312,ACC_0407,ACC_0276,10049.24,2025-04-26 01:16:00.000000,0,CLEAN
TXN_003535,ACC_0413,ACC_0012,152520.57,2025-04-26 01:23:36.000000,0,CLEAN
TXN_002846,ACC_0331,ACC_0159,23704.57,2025-04-26 01:23:51.000000,0,CLEAN
TXN_010182,ACC_0124,ACC_0074,2410881.21,2025-04-26 01:57:43.487031,1,SHELL_LAYERING
TXN_006242,ACC_0482,ACC_0369,3456.52,2025-04-26 03:18:06.000000,0,CLEAN
TXN_005472,ACC_0003,ACC_0304,101598.77,2025-04-26 03:48:19.000000,0,CLEAN
TXN_004791,ACC_0321,ACC_0395,72043.98,2025-04-26 04:55:24.000000,0,CLEAN
TXN_005849,ACC_0315,ACC_0233,12314.65,2025-04-26 06:15:31.000000,0,CLEAN
TXN_000486,ACC_0039,ACC_0068,346312.72,2025-04-26 06:44:49.000000,0,CLEAN
TXN_000288,ACC_0320,ACC_0253,32687.61,2025-04-26 07:20:18.000000,0,CLEAN
TXN_000524,ACC_0255,ACC_0327,484714.22,2025-04-26 07:54:48.000000,0,CLEAN
TXN_000110,ACC_0034,ACC_0052,96911.02,2025-04-26 07:58:49.000000,0,CLEAN
TXN_002992,ACC_0066,ACC_0434,76442.86,2025-04-26 08:18:56.000000,0,CLEAN
TXN_000774,ACC_0047,ACC_0174,224054.94,2025-04-26 08:22:58.000000,0,CLEAN
TXN_000884,ACC_0190,ACC_0251,110541.14,2025-04-26 08:26:37.000000,0,CLEAN
TXN_004977,ACC_0206,ACC_0090,35253.09,2025-04-26 08:28:11.000000,0,CLEAN
TXN_002328,ACC_0029,ACC_0481,151323.3,2025-04-26 08:53:11.000000,0,CLEAN
TXN_003096,ACC_0489,ACC_0137,8433.2,2025-04-26 09:11:33.000000,0,CLEAN
TXN_002116,ACC_0351,ACC_0435,12073.15,2025-04-26 09:34:51.000000,0,CLEAN
TXN_000296,ACC_0440,ACC_0333,34223.48,2025-04-26 10:04:18.000000,0,CLEAN
TXN_005693,ACC_0319,ACC_0239,152711.49,2025-04-26 10:21:30.000000,0,CLEAN
TXN_004221,ACC_0272,ACC_0283,78983.34,2025-04-26 11:06:57.000000,0,CLEAN
TXN_002787,ACC_0173,ACC_0102,26436.46,2025-04-26 12:43:06.000000,0,CLEAN
TXN_003907,ACC_0471,ACC_0153,20385.63,2025-04-26 13:45:19.000000,0,CLEAN
TXN_006215,ACC_0242,ACC_0335,72492.42,2025-04-26 13:58:16.000000,0,CLEAN
TXN_001811,ACC_0464,ACC_0048,536497.42,2025-04-26 13:58:42.000000,0,CLEAN
TXN_000251,ACC_0314,ACC_0489,4781.33,2025-04-26 15:44:15.000000,0,CLEAN
TXN_005950,ACC_0325,ACC_0018,24118.47,2025-04-26 16:31:51.000000,0,CLEAN
TXN_004808,ACC_0056,ACC_0236,11632.33,2025-04-26 17:04:09.000000,0,CLEAN
TXN_002142,ACC_0091,ACC_0361,10183.76,2025-04-26 18:07:36.000000,0,CLEAN
TXN_004125,ACC_0154,ACC_0353,240934.14,2025-04-26 18:17:09.000000,0,CLEAN
TXN_006363,ACC_0019,ACC_0032,53376.52,2025-04-26 18:30:51.000000,0,CLEAN
TXN_001701,ACC_0243,ACC_0353,27272.78,2025-04-26 18:33:02.000000,0,CLEAN
TXN_000988,ACC_0372,ACC_0266,3683.12,2025-04-26 19:17:06.000000,0,CLEAN
TXN_002191,ACC_0350,ACC_0417,25181.86,2025-04-26 19:27:02.000000,0,CLEAN
TXN_000388,ACC_0198,ACC_0215,88078.37,2025-04-26 19:32:44.000000,0,CLEAN
TXN_001280,ACC_0002,ACC_0294,4405.12,2025-04-26 20:36:47.000000,0,CLEAN
TXN_000273,ACC_0283,ACC_0047,156190.5,2025-04-26 21:52:12.000000,0,CLEAN
TXN_010181,ACC_0155,ACC_0124,2315114.2,2025-04-26 21:52:15.017033,1,SHELL_LAYERING
TXN_005079,ACC_0471,ACC_0154,37179.89,2025-04-26 22:24:08.000000,0,CLEAN
TXN_001887,ACC_0248,ACC_0444,9078.37,2025-04-26 22:43:03.000000,0,CLEAN
TXN_004702,ACC_0400,ACC_0458,45441.64,2025-04-26 22:49:16.000000,0,CLEAN
TXN_010122,ACC_0378,ACC_0129,4083174.63,2025-04-27 00:04:07.215647,1,SHELL_LAYERING
TXN_001464,ACC_0364,ACC_0494,83567.23,2025-04-27 00:25:26.000000,0,CLEAN
TXN_002720,ACC_0226,ACC_0456,7516.0,2025-04-27 01:14:40.000000,0,CLEAN
TXN_010200,ACC_0139,ACC_0013,604799.93,2025-04-27 01:39:48.000000,1,SHELL_LAYERING
TXN_000111,ACC_0017,ACC_0229,33410.42,2025-04-27 01:52:46.000000,0,CLEAN
TXN_005551,ACC_0322,ACC_0200,167720.6,2025-04-27 02:08:46.000000,0,CLEAN
TXN_003449,ACC_0246,ACC_0139,5331.85,2025-04-27 02:15:56.000000,0,CLEAN
TXN_010163,ACC_0440,ACC_0221,4082966.31,2025-04-27 02:19:07.889246,1,SHELL_LAYERING
TXN_000120,ACC_0163,ACC_0296,11095.43,2025-04-27 02:29:53.000000,0,CLEAN
TXN_003866,ACC_0472,ACC_0371,16507.23,2025-04-27 03:13:56.000000,0,CLEAN
TXN_005257,ACC_0486,ACC_0213,22089.4,2025-04-27 03:34:11.000000,0,CLEAN
TXN_003813,ACC_0227,ACC_0026,64547.23,2025-04-27 03:50:20.000000,0,CLEAN
TXN_006176,ACC_0301,ACC_0110,38014.18,2025-04-27 04:15:03.000000,0,CLEAN
TXN_005499,ACC_0086,ACC_0014,6276.57,2025-04-27 04:42:24.000000,0,CLEAN
TXN_006493,ACC_0395,ACC_0321,181758.27,2025-04-27 04:57:46.000000,0,CLEAN
TXN_001385,ACC_0490,ACC_0207,55284.16,2025-04-27 09:12:30.000000,0,CLEAN
TXN_002330,ACC_0111,ACC_0487,2819.16,2025-04-27 09:20:11.000000,0,CLEAN
TXN_003634,ACC_0191,ACC_0162,30754.18,2025-04-27 10:06:05.000000,0,CLEAN
TXN_006050,ACC_0257,ACC_0041,35442.44,2025-04-27 10:11:24.000000,0,CLEAN
TXN_003558,ACC_0119,ACC_0443,153734.26,2025-04-27 10:13:33.000000,0,CLEAN
TXN_004465,ACC_0480,ACC_0321,25499.98,2025-04-27 10:30:42.000000,0,CLEAN
TXN_003593,ACC_0354,ACC_0239,50631.93,2025-04-27 11:05:41.000000,0,CLEAN
TXN_001106,ACC_0392,ACC_0317,43652.05,2025-04-27 11:58:30.000000,0,CLEAN
TXN_004826,ACC_0247,ACC_0315,16703.34,2025-04-27 12:10:09.000000,0,CLEAN
TXN_003022,ACC_0438,ACC_0105,8531.35,2025-04-27 12:35:18.000000,0,CLEAN
TXN_000790,ACC_0338,ACC_0320,65047.17,2025-04-27 13:12:25.000000,0,CLEAN
TXN_002770,ACC_0145,ACC_0234,26278.29,2025-04-27 14:01:04.000000,0,CLEAN
TXN_005385,ACC_0367,ACC_0022,446144.81,2025-04-27 14:54:00.000000,0,CLEAN
TXN_004047,ACC_0392,ACC_0474,33320.03,2025-04-27 15:22:08.000000,0,CLEAN
TXN_005853,ACC_0370,ACC_0191,109285.08,2025-04-27 16:35:32.000000,0,CLEAN
TXN_005564,ACC_0442,ACC_0250,47577.09,2025-04-27 17:08:13.000000,0,CLEAN
TXN_020345,ACC_0159,ACC_0476,198276.06,2025-04-27 17:25:25.000000,1,THRESHOLD_SPLIT
TXN_020346,ACC_0159,ACC_0476,196534.64,2025-04-27 17:34:25.000000,1,THRESHOLD_SPLIT
TXN_006056,ACC_0011,ACC_0381,30877.76,2025-04-27 18:27:34.000000,0,CLEAN
TXN_004074,ACC_0233,ACC_0075,11801.28,2025-04-27 19:01:55.000000,0,CLEAN
TXN_002919,ACC_0042,ACC_0161,16346.14,2025-04-27 19:39:28.000000,0,CLEAN
TXN_000714,ACC_0028,ACC_0120,23331.87,2025-04-27 19:57:06.000000,0,CLEAN
TXN_002739,ACC_0063,ACC_0472,148282.32,2025-04-27 20:33:13.000000,0,CLEAN
TXN_004876,ACC_0197,ACC_0145,1720272.0,2025-04-27 20:36:00.000000,0,CLEAN
TXN_020210,ACC_0391,ACC_0218,196206.09,2025-04-27 20:39:06.000000,1,THRESHOLD_SPLIT
TXN_004370,ACC_0322,ACC_0381,3668489.5,2025-04-27 20:45:17.000000,0,CLEAN
TXN_003167,ACC_0494,ACC_0381,88047.62,2025-04-27 20:59:55.000000,0,CLEAN
TXN_004003,ACC_0071,ACC_0013,67474.05,2025-04-27 21:06:00.000000,0,CLEAN
TXN_006317,ACC_0013,ACC_0274,3937.42,2025-04-27 21:09:26.000000,0,CLEAN
TXN_020212,ACC_0391,ACC_0218,198501.82,2025-04-27 21:19:06.000000,1,THRESHOLD_SPLIT
TXN_020211,ACC_0391,ACC_0218,197547.14,2025-04-27 21:22:06.000000,1,THRESHOLD_SPLIT
TXN_003214,ACC_0173,ACC_0472,165869.42,2025-04-27 21:59:23.000000,0,CLEAN
TXN_002979,ACC_0180,ACC_0216,290548.01,2025-04-27 22:03:49.000000,0,CLEAN
TXN_003106,ACC_0036,ACC_0281,11273.62,2025-04-27 22:52:55.000000,0,CLEAN
TXN_000743,ACC_0016,ACC_0094,7925.69,2025-04-27 23:20:04.000000,0,CLEAN
TXN_001146,ACC_0070,ACC_0212,27427.01,2025-04-27 23:58:02.000000,0,CLEAN
TXN_000149,ACC_0344,ACC_0309,103188.18,2025-04-28 01:49:13.000000,0,CLEAN
TXN_003721,ACC_0322,ACC_0410,128947.62,2025-04-28 02:11:47.000000,0,CLEAN
TXN_006390,ACC_0068,ACC_0439,165422.75,2025-04-28 03:26:49.000000,0,CLEAN
TXN_002021,ACC_0295,ACC_0430,3197527.79,2025-04-28 03:30:50.000000,0,CLEAN
TXN_004458,ACC_0413,ACC_0006,33614.59,2025-04-28 03:33:05.000000,0,CLEAN
TXN_000642,ACC_0360,ACC_0356,28996.1,2025-04-28 03:35:36.000000,0,CLEAN
TXN_006508,ACC_0045,ACC_0375,273719.05,2025-04-28 03:39:23.000000,0,CLEAN
TXN_003118,ACC_0462,ACC_0350,217976.88,2025-04-28 04:34:38.000000,0,CLEAN
TXN_004198,ACC_0013,ACC_0494,43891.3,2025-04-28 05:00:49.000000,0,CLEAN
TXN_006273,ACC_0132,ACC_0130,6296.4,2025-04-28 05:03:30.000000,0,CLEAN
TXN_003748,ACC_0243,ACC_0081,76075.36,2025-04-28 05:29:23.000000,0,CLEAN
TXN_006536,ACC_0363,ACC_0463,3438.77,2025-04-28 05:56:19.000000,0,CLEAN
TXN_001098,ACC_0046,ACC_0406,37466.05,2025-04-28 07:47:28.000000,0,CLEAN
TXN_001365,ACC_0246,ACC_0455,2999.68,2025-04-28 07:49:38.000000,0,CLEAN
TXN_004671,ACC_0162,ACC_0176,5375.58,2025-04-28 08:33:56.000000,0,CLEAN
TXN_003992,ACC_0387,ACC_0172,15002.94,2025-04-28 08:34:32.000000,0,CLEAN
TXN_001939,ACC_0257,ACC_0434,3262.13,2025-04-28 10:09:39.000000,0,CLEAN
TXN_002043,ACC_0370,ACC_0352,22863.01,2025-04-28 10:28:11.000000,0,CLEAN
TXN_003754,ACC_0422,ACC_0204,51573.95,2025-04-28 10:47:55.000000,0,CLEAN
TXN_005614,ACC_0425,ACC_0277,26622.8,2025-04-28 10:54:25.000000,0,CLEAN
TXN_002636,ACC_0162,ACC_0309,151346.12,2025-04-28 11:52:01.000000,0,CLEAN
TXN_004577,ACC_0381,ACC_0286,172084.06,2025-04-28 11:53:34.000000,0,CLEAN
TXN_005431,ACC_0334,ACC_0247,11002.79,2025-04-28 12:31:22.000000,0,CLEAN
TXN_001595,ACC_0363,ACC_0136,32414.25,2025-04-28 13:17:54.000000,0,CLEAN
TXN_001578,ACC_0444,ACC_0347,29461.23,2025-04-28 14:11:19.000000,0,CLEAN
TXN_003375,ACC_0368,ACC_0427,217042.62,2025-04-28 14:48:42.000000,0,CLEAN
TXN_010123,ACC_0129,ACC_0166,4127399.16,2025-04-28 15:12:46.773692,1,SHELL_LAYERING
TXN_005176,ACC_0492,ACC_0241,47545.07,2025-04-28 15:25:38.000000,0,CLEAN
TXN_001750,ACC_0187,ACC_0113,29991.71,2025-04-28 15:56:54.000000,0,CLEAN
TXN_004173,ACC_0466,ACC_0180,7460.21,2025-04-28 16:58:00.000000,0,CLEAN
TXN_001485,ACC_0141,ACC_0115,78403.84,2025-04-28 17:51:29.000000,0,CLEAN
TXN_003040,ACC_0465,ACC_0181,59651.64,2025-04-28 17:54:35.000000,0,CLEAN
TXN_001390,ACC_0110,ACC_0230,82407.06,2025-04-28 18:36:55.000000,0,CLEAN
TXN_001265,ACC_0351,ACC_0154,10251.0,2025-04-28 18:48:06.000000,0,CLEAN
TXN_001316,ACC_0089,ACC_0331,1439.83,2025-04-28 19:05:23.000000,0,CLEAN
TXN_006526,ACC_0249,ACC_0288,57855.81,2025-04-28 19:09:00.000000,0,CLEAN
TXN_004823,ACC_0290,ACC_0324,49784.28,2025-04-28 19:12:59.000000,0,CLEAN
TXN_005753,ACC_0471,ACC_0006,57114.32,2025-04-28 19:46:25.000000,0,CLEAN
TXN_004627,ACC_0106,ACC_0313,35546.41,2025-04-28 20:15:07.000000,0,CLEAN
TXN_005394,ACC_0012,ACC_0168,71427.91,2025-04-28 20:40:12.000000,0,CLEAN
TXN_004022,ACC_0197,ACC_0150,76465.9,2025-04-28 21:38:06.000000,0,CLEAN
TXN_004401,ACC_0199,ACC_0206,7890.02,2025-04-28 21:50:33.000000,0,CLEAN
TXN_010202,ACC_0074,ACC_0236,587599.48,2025-04-28 22:09:42.607181,1,SHELL_LAYERING
TXN_004855,ACC_0318,ACC_0055,139018.99,2025-04-28 22:12:10.000000,0,CLEAN
TXN_004978,ACC_0141,ACC_0272,17615.41,2025-04-28 22:54:48.000000,0,CLEAN
TXN_010201,ACC_0013,ACC_0074,633005.24,2025-04-29 01:00:54.155719,1,SHELL_LAYERING
TXN_010165,ACC_0285,ACC_0155,4016752.86,2025-04-29 01:20:56.610599,1,SHELL_LAYERING
TXN_003879,ACC_0368,ACC_0113,11330.48,2025-04-29 01:46:47.000000,0,CLEAN
TXN_005269,ACC_0100,ACC_0274,3180.92,2025-04-29 02:07:57.000000,0,CLEAN
TXN_000902,ACC_0114,ACC_0130,215035.03,2025-04-29 03:05:16.000000,0,CLEAN
TXN_010166,ACC_0155,ACC_0166,4155518.43,2025-04-29 03:21:09.789525,1,SHELL_LAYERING
TXN_005897,ACC_0113,ACC_0454,5279.64,2025-04-29 03:55:10.000000,0,CLEAN
TXN_000849,ACC_0073,ACC_0317,25922.12,2025-04-29 04:32:20.000000,0,CLEAN
TXN_010164,ACC_0221,ACC_0285,4047410.15,2025-04-29 05:02:38.677898,1,SHELL_LAYERING
TXN_002045,ACC_0147,ACC_0219,69524.87,2025-04-29 05:25:17.000000,0,CLEAN
TXN_001141,ACC_0196,ACC_0215,302044.86,2025-04-29 06:06:58.000000,0,CLEAN
TXN_001019,ACC_0254,ACC_0101,586037.38,2025-04-29 06:09:14.000000,0,CLEAN
TXN_001460,ACC_0189,ACC_0040,33445.05,2025-04-29 06:16:48.000000,0,CLEAN
TXN_000914,ACC_0331,ACC_0304,13831.76,2025-04-29 06:22:45.000000,0,CLEAN
TXN_006161,ACC_0090,ACC_0020,14109.82,2025-04-29 06:47:14.000000,0,CLEAN
TXN_002052,ACC_0092,ACC_0453,601058.63,2025-04-29 08:02:12.000000,0,CLEAN
TXN_006208,ACC_0153,ACC_0475,325586.0,2025-04-29 08:36:00.000000,0,CLEAN
TXN_003249,ACC_0400,ACC_0312,3979.06,2025-04-29 09:12:07.000000,0,CLEAN
TXN_006464,ACC_0482,ACC_0490,48660.13,2025-04-29 09:14:50.000000,0,CLEAN
TXN_006291,ACC_0472,ACC_0239,18382.66,2025-04-29 10:57:09.000000,0,CLEAN
TXN_002252,ACC_0267,ACC_0456,18057.05,2025-04-29 11:08:06.000000,0,CLEAN
TXN_000500,ACC_0288,ACC_0004,296271.98,2025-04-29 12:17:37.000000,0,CLEAN
TXN_005368,ACC_0141,ACC_0460,13626.96,2025-04-29 12:20:13.000000,0,CLEAN
TXN_003294,ACC_0460,ACC_0270,36747.31,2025-04-29 12:40:30.000000,0,CLEAN
TXN_003997,ACC_0204,ACC_0193,182639.99,2025-04-29 14:34:35.000000,0,CLEAN
TXN_002025,ACC_0344,ACC_0145,74909.19,2025-04-29 15:53:04.000000,0,CLEAN
TXN_004335,ACC_0373,ACC_0257,41750.59,2025-04-29 15:56:04.000000,0,CLEAN
TXN_000377,ACC_0305,ACC_0198,50801.54,2025-04-29 16:54:13.000000,0,CLEAN
TXN_001059,ACC_0224,ACC_0092,24180.81,2025-04-29 16:58:20.000000,0,CLEAN
TXN_001956,ACC_0160,ACC_0202,15213.22,2025-04-29 17:49:09.000000,0,CLEAN
TXN_020080,ACC_0342,ACC_0166,199302.95,2025-04-29 18:23:14.000000,1,THRESHOLD_SPLIT
TXN_020081,ACC_0342,ACC_0166,197304.78,2025-04-29 18:49:14.000000,1,THRESHOLD_SPLIT
TXN_020082,ACC_0342,ACC_0166,196348.69,2025-04-29 18:49:14.000000,1,THRESHOLD_SPLIT
TXN_005195,ACC_0032,ACC_0031,79693.3,2025-04-29 19:40:39.000000,0,CLEAN
TXN_020083,ACC_0342,ACC_0166,198089.12,2025-04-29 20:08:14.000000,1,THRESHOLD_SPLIT
TXN_001992,ACC_0405,ACC_0261,17332.1,2025-04-29 20:27:53.000000,0,CLEAN
TXN_000552,ACC_0059,ACC_0233,76194.55,2025-04-29 21:30:35.000000,0,CLEAN
TXN_001934,ACC_0310,ACC_0290,50917.5,2025-04-29 21:48:49.000000,0,CLEAN
TXN_005048,ACC_0175,ACC_0428,17362.44,2025-04-29 21:50:20.000000,0,CLEAN
TXN_002535,ACC_0138,ACC_0358,70991.03,2025-04-29 22:27:45.000000,0,CLEAN
TXN_004017,ACC_0204,ACC_0379,60844.75,2025-04-29 22:53:14.000000,0,CLEAN
TXN_003763,ACC_0152,ACC_0201,23443.82,2025-04-30 00:54:54.000000,0,CLEAN
TXN_001548,ACC_0241,ACC_0491,22206.89,2025-04-30 01:10:43.000000,0,CLEAN
TXN_005581,ACC_0485,ACC_0496,58707.62,2025-04-30 02:12:13.000000,0,CLEAN
TXN_005543,ACC_0352,ACC_0134,21287.21,2025-04-30 02:32:58.000000,0,CLEAN
TXN_003491,ACC_0046,ACC_0418,17909.82,2025-04-30 02:51:00.000000,0,CLEAN
TXN_006395,ACC_0276,ACC_0187,16184.59,2025-04-30 03:37:40.000000,0,CLEAN
TXN_001585,ACC_0040,ACC_0196,5819.28,2025-04-30 03:52:49.000000,0,CLEAN
TXN_000734,ACC_0355,ACC_0456,10877.9,2025-04-30 04:05:28.000000,0,CLEAN
TXN_001462,ACC_0476,ACC_0205,79354.75,2025-04-30 05:17:13.000000,0,CLEAN
TXN_002354,ACC_0220,ACC_0111,225694.76,2025-04-30 05:17:25.000000,0,CLEAN
TXN_005679,ACC_0104,ACC_0412,135275.85,2025-04-30 05:26:47.000000,0,CLEAN
TXN_005775,ACC_0099,ACC_0336,41224.6,2025-04-30 05:27:54.000000,0,CLEAN
TXN_001452,ACC_0410,ACC_0281,9333.84,2025-04-30 05:33:56.000000,0,CLEAN
TXN_002891,ACC_0272,ACC_0415,10891.78,2025-04-30 07:24:55.000000,0,CLEAN
TXN_003512,ACC_0347,ACC_0272,8287.56,2025-04-30 07:34:30.000000,0,CLEAN
TXN_005937,ACC_0263,ACC_0417,23819.36,2025-04-30 07:52:16.000000,0,CLEAN
TXN_001406,ACC_0243,ACC_0462,3441.58,2025-04-30 08:56:02.000000,0,CLEAN
TXN_003646,ACC_0404,ACC_0339,65027.37,2025-04-30 09:34:42.000000,0,CLEAN
TXN_005718,ACC_0475,ACC_0411,24383.43,2025-04-30 09:45:07.000000,0,CLEAN
TXN_006404,ACC_0144,ACC_0455,20935.34,2025-04-30 10:10:32.000000,0,CLEAN
TXN_005675,ACC_0267,ACC_0165,24465.97,2025-04-30 10:34:33.000000,0,CLEAN
TXN_005488,ACC_0294,ACC_0451,69731.79,2025-04-30 12:19:58.000000,0,CLEAN
TXN_005354,ACC_0202,ACC_0019,4571.57,2025-04-30 12:39:29.000000,0,CLEAN
TXN_005976,ACC_0133,ACC_0156,172089.87,2025-04-30 12:49:03.000000,0,CLEAN
TXN_001207,ACC_0477,ACC_0320,627703.31,2025-04-30 12:56:39.000000,0,CLEAN
TXN_005277,ACC_0060,ACC_0460,21290.98,2025-04-30 13:09:06.000000,0,CLEAN
TXN_004491,ACC_0182,ACC_0039,101198.03,2025-04-30 13:21:17.000000,0,CLEAN
TXN_002068,ACC_0370,ACC_0291,131620.32,2025-04-30 14:44:13.000000,0,CLEAN
TXN_001842,ACC_0100,ACC_0288,75965.02,2025-04-30 14:45:11.000000,0,CLEAN
TXN_000540,ACC_0274,ACC_0276,454017.73,2025-04-30 14:59:14.000000,0,CLEAN
TXN_000504,ACC_0470,ACC_0210,103500.84,2025-04-30 15:07:20.000000,0,CLEAN
TXN_001852,ACC_0086,ACC_0180,101250.61,2025-04-30 15:47:52.000000,0,CLEAN
TXN_004341,ACC_0218,ACC_0009,40682.06,2025-04-30 16:56:46.000000,0,CLEAN
TXN_005643,ACC_0072,ACC_0207,101213.43,2025-04-30 17:02:40.000000,0,CLEAN
TXN_004704,ACC_0341,ACC_0296,1293122.38,2025-04-30 17:09:21.000000,0,CLEAN
TXN_005460,ACC_0302,ACC_0312,10734.11,2025-04-30 17:42:07.000000,0,CLEAN
TXN_003169,ACC_0316,ACC_0417,60356.93,2025-04-30 18:14:21.000000,0,CLEAN
TXN_002465,ACC_0128,ACC_0172,24629.95,2025-04-30 18:35:11.000000,0,CLEAN
TXN_002834,ACC_0497,ACC_0193,296378.3,2025-04-30 19:08:50.000000,0,CLEAN
TXN_002158,ACC_0440,ACC_0459,46993.24,2025-04-30 19:09:30.000000,0,CLEAN
TXN_000675,ACC_0314,ACC_0318,23836.84,2025-04-30 19:19:19.000000,0,CLEAN
TXN_005182,ACC_0178,ACC_0300,8019.32,2025-04-30 21:38:31.000000,0,CLEAN
TXN_002625,ACC_0012,ACC_0206,110136.93,2025-04-30 21:51:39.000000,0,CLEAN
TXN_003236,ACC_0220,ACC_0058,18273.87,2025-04-30 22:03:06.000000,0,CLEAN
TXN_003766,ACC_0091,ACC_0461,56181.66,2025-04-30 22:51:38.000000,0,CLEAN
TXN_010183,ACC_0074,ACC_0310,2358658.29,2025-04-30 23:52:52.160465,1,SHELL_LAYERING
TXN_001876,ACC_0404,ACC_0356,21170.14,2025-04-30 23:55:28.000000,0,CLEAN
TXN_004909,ACC_0431,ACC_0191,194429.5,2025-04-30 23:58:53.000000,0,CLEAN
TXN_040281,ACC_0087,ACC_0473,2573036.73,2025-05-01 00:00:00.000000,1,DORMANT_REACTIVATION
TXN_040002,ACC_0056,ACC_0018,1632273.55,2025-05-01 00:00:00.000000,1,DORMANT_REACTIVATION
TXN_040137,ACC_0371,ACC_0015,582765.31,2025-05-01 00:00:00.000000,1,DORMANT_REACTIVATION
TXN_004792,ACC_0078,ACC_0014,3849.74,2025-05-01 00:33:11.000000,0,CLEAN
TXN_001611,ACC_0053,ACC_0135,28447.36,2025-05-01 00:33:53.000000,0,CLEAN
TXN_006461,ACC_0324,ACC_0440,51438.49,2025-05-01 00:56:50.000000,0,CLEAN
TXN_003298,ACC_0319,ACC_0404,8184.21,2025-05-01 00:57:44.000000,0,CLEAN
TXN_001074,ACC_0352,ACC_0359,73104.48,2025-05-01 01:12:09.000000,0,CLEAN
TXN_004007,ACC_0188,ACC_0232,54091.13,2025-05-01 01:43:39.000000,0,CLEAN
TXN_002408,ACC_0464,ACC_0471,18489.91,2025-05-01 01:49:22.000000,0,CLEAN
TXN_000259,ACC_0043,ACC_0396,103825.29,2025-05-01 02:57:32.000000,0,CLEAN
TXN_002595,ACC_0489,ACC_0085,247507.81,2025-05-01 03:01:32.000000,0,CLEAN
TXN_005240,ACC_0159,ACC_0205,60327.07,2025-05-01 03:05:39.000000,0,CLEAN
TXN_003393,ACC_0098,ACC_0490,2075.58,2025-05-01 03:22:11.000000,0,CLEAN
TXN_010203,ACC_0236,ACC_0218,607769.75,2025-05-01 03:47:29.284642,1,SHELL_LAYERING
TXN_004376,ACC_0482,ACC_0279,4865.34,2025-05-01 04:47:50.000000,0,CLEAN
TXN_002543,ACC_0187,ACC_0239,50834.2,2025-05-01 05:22:15.000000,0,CLEAN
TXN_003562,ACC_0450,ACC_0317,8722.26,2025-05-01 05:49:24.000000,0,CLEAN
TXN_010184,ACC_0310,ACC_0292,2309318.34,2025-05-01 06:46:12.344328,1,SHELL_LAYERING
TXN_003044,ACC_0129,ACC_0259,286285.45,2025-05-01 07:48:54.000000,0,CLEAN
TXN_004647,ACC_0209,ACC_0439,26447.68,2025-05-01 07:56:03.000000,0,CLEAN
TXN_000210,ACC_0123,ACC_0098,49837.66,2025-05-01 08:23:17.000000,0,CLEAN
TXN_006049,ACC_0070,ACC_0313,86913.85,2025-05-01 09:02:16.000000,0,CLEAN
TXN_000292,ACC_0170,ACC_0431,54577.02,2025-05-01 10:18:18.000000,0,CLEAN
TXN_001732,ACC_0186,ACC_0398,1890.97,2025-05-01 10:19:44.000000,0,CLEAN
TXN_004986,ACC_0115,ACC_0452,44411.32,2025-05-01 10:26:17.000000,0,CLEAN
TXN_004740,ACC_0145,ACC_0360,31163.66,2025-05-01 11:09:50.000000,0,CLEAN
TXN_004654,ACC_0349,ACC_0021,9858.3,2025-05-01 12:16:10.000000,0,CLEAN
TXN_000953,ACC_0298,ACC_0297,1798609.94,2025-05-01 12:27:37.000000,0,CLEAN
TXN_003573,ACC_0246,ACC_0372,29221.01,2025-05-01 13:22:29.000000,0,CLEAN
TXN_002562,ACC_0149,ACC_0232,31568.65,2025-05-01 13:50:33.000000,0,CLEAN
TXN_001860,ACC_0124,ACC_0486,7753.83,2025-05-01 14:04:52.000000,0,CLEAN
TXN_001225,ACC_0314,ACC_0471,185159.55,2025-05-01 14:41:00.000000,0,CLEAN
TXN_010207,ACC_0436,ACC_0139,616689.71,2025-05-01 16:07:12.757198,1,SHELL_LAYERING
TXN_010204,ACC_0218,ACC_0378,594797.13,2025-05-01 16:47:47.464552,1,SHELL_LAYERING
TXN_010020,ACC_0013,ACC_0376,2256821.54,2025-05-01 17:47:48.000000,1,SHELL_LAYERING
TXN_001045,ACC_0457,ACC_0224,73362.0,2025-05-01 17:49:50.000000,0,CLEAN
TXN_006376,ACC_0430,ACC_0135,82994.17,2025-05-01 18:19:38.000000,0,CLEAN
TXN_002807,ACC_0078,ACC_0156,62473.12,2025-05-01 18:34:30.000000,0,CLEAN
TXN_004182,ACC_0065,ACC_0374,329902.37,2025-05-01 20:11:15.000000,0,CLEAN
TXN_001013,ACC_0266,ACC_0138,2208.78,2025-05-01 22:26:52.000000,0,CLEAN
TXN_000835,ACC_0402,ACC_0358,21902.83,2025-05-01 23:39:37.000000,0,CLEAN
TXN_040235,ACC_0098,ACC_0419,2678087.99,2025-05-02 00:00:00.000000,1,DORMANT_REACTIVATION
TXN_040232,ACC_0175,ACC_0219,2450766.91,2025-05-02 00:00:00.000000,1,DORMANT_REACTIVATION
TXN_040162,ACC_0471,ACC_0316,1387692.68,2025-05-02 00:00:00.000000,1,DORMANT_REACTIVATION
TXN_040266,ACC_0072,ACC_0209,2055544.67,2025-05-02 00:00:00.000000,1,DORMANT_REACTIVATION
TXN_040228,ACC_0056,ACC_0425,1417089.91,2025-05-02 00:00:00.000000,1,DORMANT_REACTIVATION
TXN_040138,ACC_0041,ACC_0397,2162205.34,2025-05-02 00:00:00.000000,1,DORMANT_REACTIVATION
TXN_040173,ACC_0351,ACC_0208,1243966.81,2025-05-02 00:00:00.000000,1,DORMANT_REACTIVATION
TXN_001002,ACC_0394,ACC_0273,10643.47,2025-05-02 00:01:06.000000,0,CLEAN
TXN_001395,ACC_0392,ACC_0093,20847.38,2025-05-02 00:22:37.000000,0,CLEAN
TXN_002047,ACC_0269,ACC_0295,15565.92,2025-05-02 00:31:41.000000,0,CLEAN
TXN_005126,ACC_0412,ACC_0248,59380.23,2025-05-02 02:29:04.000000,0,CLEAN
TXN_003602,ACC_0117,ACC_0239,275573.41,2025-05-02 03:40:40.000000,0,CLEAN
TXN_003559,ACC_0403,ACC_0337,25450.28,2025-05-02 04:05:19.000000,0,CLEAN
TXN_003828,ACC_0320,ACC_0097,464703.09,2025-05-02 07:11:19.000000,0,CLEAN
TXN_010021,ACC_0376,ACC_0284,2230174.89,2025-05-02 07:14:11.922321,1,SHELL_LAYERING
TXN_003544,ACC_0391,ACC_0048,147068.29,2025-05-02 10:20:11.000000,0,CLEAN
TXN_002055,ACC_0012,ACC_0239,80978.88,2025-05-02 10:51:29.000000,0,CLEAN
TXN_001906,ACC_0313,ACC_0447,5170.0,2025-05-02 11:09:21.000000,0,CLEAN
TXN_004816,ACC_0037,ACC_0250,3770.41,2025-05-02 11:53:34.000000,0,CLEAN
TXN_001898,ACC_0415,ACC_0031,49558.1,2025-05-02 12:24:13.000000,0,CLEAN
TXN_006192,ACC_0257,ACC_0158,25419.95,2025-05-02 13:00:23.000000,0,CLEAN
TXN_004425,ACC_0166,ACC_0029,17122.5,2025-05-02 13:09:47.000000,0,CLEAN
TXN_003552,ACC_0154,ACC_0313,72432.29,2025-05-02 14:14:04.000000,0,CLEAN
TXN_002088,ACC_0173,ACC_0193,10937.39,2025-05-02 15:45:07.000000,0,CLEAN
TXN_000980,ACC_0346,ACC_0002,107320.19,2025-05-02 16:34:21.000000,0,CLEAN
TXN_003976,ACC_0209,ACC_0226,18183.06,2025-05-02 17:16:26.000000,0,CLEAN
TXN_006502,ACC_0130,ACC_0057,106098.0,2025-05-02 17:33:28.000000,0,CLEAN
TXN_003317,ACC_0190,ACC_0132,30164.06,2025-05-02 17:58:58.000000,0,CLEAN
TXN_002573,ACC_0104,ACC_0267,419905.66,2025-05-02 19:19:08.000000,0,CLEAN
TXN_000568,ACC_0499,ACC_0295,18005.78,2025-05-02 20:30:53.000000,0,CLEAN
TXN_003325,ACC_0457,ACC_0481,210570.73,2025-05-02 21:30:02.000000,0,CLEAN
TXN_003773,ACC_0140,ACC_0452,7189.63,2025-05-02 23:04:47.000000,0,CLEAN
TXN_006543,ACC_0416,ACC_0412,3701.52,2025-05-02 23:14:37.000000,0,CLEAN
TXN_040008,ACC_0371,ACC_0061,2062366.37,2025-05-03 00:00:00.000000,1,DORMANT_REACTIVATION
TXN_040111,ACC_0392,ACC_0003,928437.88,2025-05-03 00:00:00.000000,1,DORMANT_REACTIVATION
TXN_040106,ACC_0469,ACC_0115,2046615.53,2025-05-03 00:00:00.000000,1,DORMANT_REACTIVATION
TXN_040243,ACC_0275,ACC_0148,2374158.36,2025-05-03 00:00:00.000000,1,DORMANT_REACTIVATION
TXN_040028,ACC_0031,ACC_0055,2728505.94,2025-05-03 00:00:00.000000,1,DORMANT_REACTIVATION
TXN_040088,ACC_0231,ACC_0111,1427192.46,2025-05-03 00:00:00.000000,1,DORMANT_REACTIVATION
TXN_040149,ACC_0304,ACC_0256,2054137.41,2025-05-03 00:00:00.000000,1,DORMANT_REACTIVATION
TXN_040191,ACC_0072,ACC_0345,2220643.25,2025-05-03 00:00:00.000000,1,DORMANT_REACTIVATION
TXN_040080,ACC_0212,ACC_0456,1112210.15,2025-05-03 00:00:00.000000,1,DORMANT_REACTIVATION
TXN_040084,ACC_0175,ACC_0118,1526838.25,2025-05-03 00:00:00.000000,1,DORMANT_REACTIVATION
TXN_040177,ACC_0275,ACC_0042,1654913.21,2025-05-03 00:00:00.000000,1,DORMANT_REACTIVATION
TXN_005087,ACC_0152,ACC_0291,596.63,2025-05-03 00:10:40.000000,0,CLEAN
TXN_003095,ACC_0245,ACC_0232,202736.28,2025-05-03 00:21:16.000000,0,CLEAN
TXN_010185,ACC_0292,ACC_0139,2288945.44,2025-05-03 00:29:12.999821,1,SHELL_LAYERING
TXN_000536,ACC_0259,ACC_0146,5775.33,2025-05-03 01:21:06.000000,0,CLEAN
TXN_002015,ACC_0142,ACC_0318,59386.33,2025-05-03 01:39:12.000000,0,CLEAN
TXN_005696,ACC_0115,ACC_0177,4246.09,2025-05-03 02:31:18.000000,0,CLEAN
TXN_020140,ACC_0452,ACC_0395,197772.13,2025-05-03 02:50:29.000000,1,THRESHOLD_SPLIT
TXN_020142,ACC_0452,ACC_0395,196895.9,2025-05-03 03:04:29.000000,1,THRESHOLD_SPLIT
TXN_002041,ACC_0292,ACC_0374,5498.57,2025-05-03 03:15:09.000000,0,CLEAN
TXN_020141,ACC_0452,ACC_0395,197961.87,2025-05-03 03:15:29.000000,1,THRESHOLD_SPLIT
TXN_005210,ACC_0298,ACC_0012,41378.83,2025-05-03 03:53:29.000000,0,CLEAN
TXN_006090,ACC_0474,ACC_0261,26273.58,2025-05-03 04:36:08.000000,0,CLEAN
TXN_002268,ACC_0133,ACC_0031,16736.64,2025-05-03 04:45:02.000000,0,CLEAN
TXN_010022,ACC_0284,ACC_0139,2305742.04,2025-05-03 04:45:08.977344,1,SHELL_LAYERING
TXN_003268,ACC_0212,ACC_0184,98425.39,2025-05-03 05:24:17.000000,0,CLEAN
TXN_003640,ACC_0126,ACC_0027,91888.34,2025-05-03 05:29:31.000000,0,CLEAN
TXN_002143,ACC_0456,ACC_0303,13655.08,2025-05-03 05:32:45.000000,0,CLEAN
TXN_005840,ACC_0359,ACC_0053,9055.84,2025-05-03 05:33:09.000000,0,CLEAN
TXN_001010,ACC_0355,ACC_0351,6551.61,2025-05-03 09:27:49.000000,0,CLEAN
TXN_005373,ACC_0065,ACC_0117,9265.31,2025-05-03 09:35:19.000000,0,CLEAN
TXN_001966,ACC_0264,ACC_0392,11557.28,2025-05-03 11:02:06.000000,0,CLEAN
TXN_000682,ACC_0269,ACC_0127,143986.51,2025-05-03 11:31:42.000000,0,CLEAN
TXN_005464,ACC_0466,ACC_0209,282693.63,2025-05-03 11:53:24.000000,0,CLEAN
TXN_003845,ACC_0307,ACC_0166,37834.25,2025-05-03 12:05:08.000000,0,CLEAN
TXN_001625,ACC_0305,ACC_0233,82510.32,2025-05-03 12:53:40.000000,0,CLEAN
TXN_004081,ACC_0293,ACC_0244,8293.26,2025-05-03 13:01:56.000000,0,CLEAN
TXN_003611,ACC_0225,ACC_0099,11315.66,2025-05-03 14:13:56.000000,0,CLEAN
TXN_002967,ACC_0468,ACC_0224,44262.45,2025-05-03 14:19:00.000000,0,CLEAN
TXN_005603,ACC_0012,ACC_0118,61382.84,2025-05-03 15:15:43.000000,0,CLEAN
TXN_001323,ACC_0434,ACC_0259,13697.88,2025-05-03 15:35:34.000000,0,CLEAN
TXN_010206,ACC_0267,ACC_0436,583170.2,2025-05-03 15:50:02.725195,1,SHELL_LAYERING
TXN_001586,ACC_0146,ACC_0238,16946.04,2025-05-03 15:59:31.000000,0,CLEAN
TXN_002050,ACC_0266,ACC_0374,3364.47,2025-05-03 16:40:11.000000,0,CLEAN
TXN_006416,ACC_0409,ACC_0197,7096.69,2025-05-03 16:46:31.000000,0,CLEAN
TXN_001822,ACC_0324,ACC_0399,72161.31,2025-05-03 18:14:08.000000,0,CLEAN
TXN_002433,ACC_0405,ACC_0434,152200.02,2025-05-03 18:14:25.000000,0,CLEAN
TXN_000446,ACC_0072,ACC_0296,3683.84,2025-05-03 19:12:24.000000,0,CLEAN
TXN_001151,ACC_0478,ACC_0283,59201.05,2025-05-03 20:03:06.000000,0,CLEAN
TXN_000302,ACC_0376,ACC_0355,41947.8,2025-05-03 21:32:21.000000,0,CLEAN
TXN_006033,ACC_0452,ACC_0351,238714.77,2025-05-03 22:33:54.000000,0,CLEAN
TXN_001781,ACC_0211,ACC_0392,13143.11,2025-05-03 23:06:58.000000,0,CLEAN
TXN_040248,ACC_0387,ACC_0314,2309643.34,2025-05-04 00:00:00.000000,1,DORMANT_REACTIVATION
TXN_040233,ACC_0056,ACC_0484,982346.43,2025-05-04 00:00:00.000000,1,DORMANT_REACTIVATION
TXN_040036,ACC_0212,ACC_0253,1868909.43,2025-05-04 00:00:00.000000,1,DORMANT_REACTIVATION
TXN_040157,ACC_0243,ACC_0164,1423915.74,2025-05-04 00:00:00.000000,1,DORMANT_REACTIVATION
TXN_000972,ACC_0314,ACC_0222,29702.14,2025-05-04 00:15:57.000000,0,CLEAN
TXN_004043,ACC_0472,ACC_0273,14816.53,2025-05-04 00:32:54.000000,0,CLEAN
TXN_001502,ACC_0034,ACC_0196,11063.1,2025-05-04 01:04:40.000000,0,CLEAN
TXN_005733,ACC_0489,ACC_0085,869.8,2025-05-04 01:34:54.000000,0,CLEAN
TXN_004012,ACC_0164,ACC_0008,15007.9,2025-05-04 01:36:58.000000,0,CLEAN
TXN_006114,ACC_0081,ACC_0291,114831.26,2025-05-04 02:09:46.000000,0,CLEAN
TXN_000263,ACC_0364,ACC_0402,31442.32,2025-05-04 02:11:32.000000,0,CLEAN
TXN_001273,ACC_0151,ACC_0492,48625.88,2025-05-04 02:52:01.000000,0,CLEAN
TXN_001989,ACC_0361,ACC_0230,2039.56,2025-05-04 02:59:29.000000,0,CLEAN
TXN_004739,ACC_0348,ACC_0223,127611.5,2025-05-04 03:09:14.000000,0,CLEAN
TXN_005925,ACC_0132,ACC_0380,78005.44,2025-05-04 03:12:00.000000,0,CLEAN
TXN_000253,ACC_0167,ACC_0015,176391.76,2025-05-04 03:13:37.000000,0,CLEAN
TXN_000545,ACC_0200,ACC_0301,136692.6,2025-05-04 04:01:31.000000,0,CLEAN
TXN_004435,ACC_0445,ACC_0320,82050.18,2025-05-04 04:04:41.000000,0,CLEAN
TXN_020170,ACC_0272,ACC_0218,196615.71,2025-05-04 04:11:41.000000,1,THRESHOLD_SPLIT
TXN_000952,ACC_0027,ACC_0444,52110.92,2025-05-04 04:30:11.000000,0,CLEAN
TXN_020171,ACC_0272,ACC_0218,197399.79,2025-05-04 04:34:41.000000,1,THRESHOLD_SPLIT
TXN_004337,ACC_0302,ACC_0323,11635.92,2025-05-04 04:52:40.000000,0,CLEAN
TXN_005528,ACC_0320,ACC_0018,1903.91,2025-05-04 04:58:15.000000,0,CLEAN
TXN_020172,ACC_0272,ACC_0218,197488.09,2025-05-04 05:13:41.000000,1,THRESHOLD_SPLIT
TXN_004241,ACC_0432,ACC_0046,76397.67,2025-05-04 05:48:27.000000,0,CLEAN
TXN_000457,ACC_0497,ACC_0234,72051.03,2025-05-04 06:34:16.000000,0,CLEAN
TXN_005991,ACC_0306,ACC_0405,9321.02,2025-05-04 06:38:47.000000,0,CLEAN
TXN_006460,ACC_0348,ACC_0084,193885.28,2025-05-04 06:52:57.000000,0,CLEAN
TXN_006182,ACC_0301,ACC_0413,106166.25,2025-05-04 07:00:00.000000,0,CLEAN
TXN_003895,ACC_0229,ACC_0496,4739.67,2025-05-04 10:07:41.000000,0,CLEAN
TXN_004238,ACC_0117,ACC_0157,4686.62,2025-05-04 10:16:29.000000,0,CLEAN
TXN_003438,ACC_0042,ACC_0434,21500.71,2025-05-04 11:02:17.000000,0,CLEAN
TXN_003956,ACC_0045,ACC_0056,6401.74,2025-05-04 12:48:53.000000,0,CLEAN
TXN_002689,ACC_0184,ACC_0215,564914.86,2025-05-04 13:07:35.000000,0,CLEAN
TXN_004778,ACC_0065,ACC_0481,11341.09,2025-05-04 13:14:57.000000,0,CLEAN
TXN_006047,ACC_0210,ACC_0096,10648.37,2025-05-04 13:55:03.000000,0,CLEAN
TXN_004518,ACC_0308,ACC_0407,45843.44,2025-05-04 14:47:25.000000,0,CLEAN
TXN_005968,ACC_0040,ACC_0173,80500.98,2025-05-04 15:25:42.000000,0,CLEAN
TXN_006120,ACC_0196,ACC_0131,1024.9,2025-05-04 15:31:39.000000,0,CLEAN
TXN_000622,ACC_0258,ACC_0068,94664.59,2025-05-04 17:38:25.000000,0,CLEAN
TXN_002308,ACC_0469,ACC_0272,143355.87,2025-05-04 18:36:42.000000,0,CLEAN
TXN_002060,ACC_0286,ACC_0413,7935.93,2025-05-04 18:58:54.000000,0,CLEAN
TXN_001099,ACC_0493,ACC_0316,12185.42,2025-05-04 19:08:34.000000,0,CLEAN
TXN_002291,ACC_0225,ACC_0372,15738.5,2025-05-04 19:18:47.000000,0,CLEAN
TXN_001386,ACC_0496,ACC_0288,10781.58,2025-05-04 19:32:13.000000,0,CLEAN
TXN_005965,ACC_0311,ACC_0371,122231.15,2025-05-04 20:25:51.000000,0,CLEAN
TXN_002890,ACC_0137,ACC_0480,3410.13,2025-05-04 20:57:08.000000,0,CLEAN
TXN_005802,ACC_0005,ACC_0112,153004.78,2025-05-04 21:02:31.000000,0,CLEAN
TXN_002496,ACC_0404,ACC_0407,53456.78,2025-05-04 21:17:30.000000,0,CLEAN
TXN_006513,ACC_0215,ACC_0029,108893.04,2025-05-04 21:34:28.000000,0,CLEAN
TXN_000327,ACC_0274,ACC_0305,16575.98,2025-05-04 22:08:09.000000,0,CLEAN
TXN_000934,ACC_0351,ACC_0273,28263.24,2025-05-04 22:45:24.000000,0,CLEAN
TXN_004806,ACC_0321,ACC_0011,29924.98,2025-05-04 23:05:49.000000,0,CLEAN
TXN_004592,ACC_0282,ACC_0103,4501.03,2025-05-04 23:06:29.000000,0,CLEAN
TXN_003498,ACC_0100,ACC_0421,427225.49,2025-05-04 23:19:40.000000,0,CLEAN
TXN_040217,ACC_0373,ACC_0068,2714709.86,2025-05-05 00:00:00.000000,1,DORMANT_REACTIVATION
TXN_040070,ACC_0351,ACC_0383,1509286.85,2025-05-05 00:00:00.000000,1,DORMANT_REACTIVATION
TXN_040046,ACC_0253,ACC_0382,616410.53,2025-05-05 00:00:00.000000,1,DORMANT_REACTIVATION
TXN_040251,ACC_0387,ACC_0289,1952109.06,2025-05-05 00:00:00.000000,1,DORMANT_REACTIVATION
TXN_040236,ACC_0392,ACC_0078,2212270.24,2025-05-05 00:00:00.000000,1,DORMANT_REACTIVATION
TXN_040013,ACC_0298,ACC_0174,2624342.5,2025-05-05 00:00:00.000000,1,DORMANT_REACTIVATION
TXN_040170,ACC_0298,ACC_0124,887152.33,2025-05-05 00:00:00.000000,1,DORMANT_REACTIVATION
TXN_000033,ACC_0312,ACC_0439,5904.53,2025-05-05 00:40:40.000000,0,CLEAN
TXN_005037,ACC_0488,ACC_0193,21364.19,2025-05-05 00:42:54.000000,0,CLEAN
TXN_002656,ACC_0003,ACC_0210,5675.19,2025-05-05 01:03:06.000000,0,CLEAN
TXN_002956,ACC_0196,ACC_0158,185935.38,2025-05-05 01:43:06.000000,0,CLEAN
TXN_000752,ACC_0362,ACC_0343,1825.11,2025-05-05 02:26:03.000000,0,CLEAN
TXN_004202,ACC_0033,ACC_0169,98657.0,2025-05-05 07:26:36.000000,0,CLEAN
TXN_001466,ACC_0419,ACC_0089,27010.81,2025-05-05 07:58:25.000000,0,CLEAN
TXN_002361,ACC_0076,ACC_0335,75042.88,2025-05-05 08:10:43.000000,0,CLEAN
TXN_000539,ACC_0205,ACC_0042,174668.9,2025-05-05 09:07:12.000000,0,CLEAN
TXN_003589,ACC_0100,ACC_0103,20311.8,2025-05-05 09:12:06.000000,0,CLEAN
TXN_000917,ACC_0172,ACC_0141,54333.07,2025-05-05 09:23:16.000000,0,CLEAN
TXN_002061,ACC_0108,ACC_0005,41296.41,2025-05-05 09:29:51.000000,0,CLEAN
TXN_001309,ACC_0364,ACC_0379,139045.64,2025-05-05 10:31:26.000000,0,CLEAN
TXN_003515,ACC_0480,ACC_0218,15234.44,2025-05-05 11:07:09.000000,0,CLEAN
TXN_004907,ACC_0252,ACC_0435,203903.29,2025-05-05 11:43:45.000000,0,CLEAN
TXN_002628,ACC_0028,ACC_0312,40498.52,2025-05-05 12:44:00.000000,0,CLEAN
TXN_002983,ACC_0026,ACC_0329,32982.22,2025-05-05 14:02:16.000000,0,CLEAN
TXN_005703,ACC_0287,ACC_0277,597908.5,2025-05-05 14:04:10.000000,0,CLEAN
TXN_000188,ACC_0455,ACC_0277,105497.23,2025-05-05 15:02:55.000000,0,CLEAN
TXN_004580,ACC_0160,ACC_0335,8181.38,2025-05-05 15:25:41.000000,0,CLEAN
TXN_004051,ACC_0195,ACC_0335,127902.52,2025-05-05 16:24:47.000000,0,CLEAN
TXN_006275,ACC_0071,ACC_0061,124629.31,2025-05-05 17:03:23.000000,0,CLEAN
TXN_001224,ACC_0123,ACC_0464,8927.06,2025-05-05 17:10:07.000000,0,CLEAN
TXN_006438,ACC_0187,ACC_0219,19063.82,2025-05-05 17:18:03.000000,0,CLEAN
TXN_020165,ACC_0350,ACC_0376,109690.08,2025-05-05 20:08:35.000000,1,THRESHOLD_SPLIT
TXN_020166,ACC_0350,ACC_0376,109690.08,2025-05-05 20:15:35.000000,1,THRESHOLD_SPLIT
TXN_004278,ACC_0475,ACC_0478,7024.04,2025-05-05 20:28:27.000000,0,CLEAN
TXN_020167,ACC_0350,ACC_0376,109690.08,2025-05-05 20:46:35.000000,1,THRESHOLD_SPLIT
TXN_020168,ACC_0350,ACC_0376,109690.08,2025-05-05 20:47:35.000000,1,THRESHOLD_SPLIT
TXN_002393,ACC_0405,ACC_0276,50166.1,2025-05-05 22:29:48.000000,0,CLEAN
TXN_006354,ACC_0043,ACC_0334,37553.01,2025-05-05 23:18:33.000000,0,CLEAN
TXN_003869,ACC_0142,ACC_0163,50762.15,2025-05-05 23:24:10.000000,0,CLEAN
TXN_040279,ACC_0182,ACC_0223,2152296.53,2025-05-06 00:00:00.000000,1,DORMANT_REACTIVATION
TXN_040204,ACC_0056,ACC_0371,692101.54,2025-05-06 00:00:00.000000,1,DORMANT_REACTIVATION
TXN_040128,ACC_0087,ACC_0124,1847507.21,2025-05-06 00:00:00.000000,1,DORMANT_REACTIVATION
TXN_006128,ACC_0497,ACC_0176,14965.04,2025-05-06 00:33:56.000000,0,CLEAN
TXN_003296,ACC_0206,ACC_0229,28381.62,2025-05-06 00:41:42.000000,0,CLEAN
TXN_002915,ACC_0281,ACC_0090,29128.19,2025-05-06 02:37:36.000000,0,CLEAN
TXN_001033,ACC_0463,ACC_0131,29102.99,2025-05-06 02:49:37.000000,0,CLEAN
TXN_004141,ACC_0196,ACC_0248,44043.2,2025-05-06 04:02:17.000000,0,CLEAN
TXN_000511,ACC_0126,ACC_0142,48844.61,2025-05-06 04:08:58.000000,0,CLEAN
TXN_000658,ACC_0322,ACC_0481,158363.49,2025-05-06 04:26:59.000000,0,CLEAN
TXN_010660,ACC_0259,ACC_0366,4522172.64,2025-05-06 04:56:23.000000,1,SHELL_LAYERING
TXN_005709,ACC_0267,ACC_0301,13499.08,2025-05-06 05:07:34.000000,0,CLEAN
TXN_004559,ACC_0227,ACC_0401,19228.81,2025-05-06 05:12:19.000000,0,CLEAN
TXN_000224,ACC_0432,ACC_0222,46924.64,2025-05-06 05:29:08.000000,0,CLEAN
TXN_002193,ACC_0167,ACC_0254,29680.78,2025-05-06 05:52:01.000000,0,CLEAN
TXN_005156,ACC_0155,ACC_0017,165282.58,2025-05-06 06:25:32.000000,0,CLEAN
TXN_006188,ACC_0263,ACC_0145,2609.32,2025-05-06 07:13:15.000000,0,CLEAN
TXN_000864,ACC_0213,ACC_0310,218569.05,2025-05-06 08:30:12.000000,0,CLEAN
TXN_000662,ACC_0101,ACC_0463,4517.17,2025-05-06 10:31:01.000000,0,CLEAN
TXN_005825,ACC_0222,ACC_0177,4362.98,2025-05-06 10:36:55.000000,0,CLEAN
TXN_002903,ACC_0421,ACC_0146,31311.23,2025-05-06 10:46:37.000000,0,CLEAN
TXN_003207,ACC_0253,ACC_0319,276040.82,2025-05-06 11:24:58.000000,0,CLEAN
TXN_010205,ACC_0378,ACC_0267,628837.56,2025-05-06 13:02:10.547527,1,SHELL_LAYERING
TXN_001246,ACC_0396,ACC_0222,156810.99,2025-05-06 13:11:36.000000,0,CLEAN
TXN_002910,ACC_0223,ACC_0216,13195.08,2025-05-06 14:52:30.000000,0,CLEAN
TXN_002377,ACC_0028,ACC_0324,13337.44,2025-05-06 15:35:07.000000,0,CLEAN
TXN_003004,ACC_0472,ACC_0285,17108.38,2025-05-06 15:44:08.000000,0,CLEAN
TXN_004940,ACC_0124,ACC_0338,14721.78,2025-05-06 15:51:51.000000,0,CLEAN
TXN_001043,ACC_0070,ACC_0340,18294.5,2025-05-06 16:09:51.000000,0,CLEAN
TXN_005754,ACC_0139,ACC_0017,20343.49,2025-05-06 16:15:18.000000,0,CLEAN
TXN_005763,ACC_0383,ACC_0448,57666.87,2025-05-06 17:47:40.000000,0,CLEAN
TXN_003130,ACC_0346,ACC_0114,88846.17,2025-05-06 18:05:03.000000,0,CLEAN
TXN_001276,ACC_0443,ACC_0373,14506.42,2025-05-06 19:37:19.000000,0,CLEAN
TXN_000355,ACC_0434,ACC_0175,15427.09,2025-05-06 19:45:31.000000,0,CLEAN
TXN_006559,ACC_0442,ACC_0280,101766.37,2025-05-06 21:14:09.000000,0,CLEAN
TXN_006132,ACC_0474,ACC_0248,20129.2,2025-05-06 21:39:12.000000,0,CLEAN
TXN_002227,ACC_0005,ACC_0037,271634.82,2025-05-06 21:42:46.000000,0,CLEAN
TXN_001985,ACC_0165,ACC_0355,131844.94,2025-05-06 22:35:06.000000,0,CLEAN
TXN_001052,ACC_0409,ACC_0215,9730.55,2025-05-06 23:50:37.000000,0,CLEAN
TXN_040187,ACC_0041,ACC_0396,1064665.99,2025-05-07 00:00:00.000000,1,DORMANT_REACTIVATION
TXN_040237,ACC_0355,ACC_0482,2362903.24,2025-05-07 00:00:00.000000,1,DORMANT_REACTIVATION
TXN_040209,ACC_0041,ACC_0416,573495.56,2025-05-07 00:00:00.000000,1,DORMANT_REACTIVATION
TXN_040010,ACC_0465,ACC_0150,597346.97,2025-05-07 00:00:00.000000,1,DORMANT_REACTIVATION
TXN_040197,ACC_0243,ACC_0414,853540.2,2025-05-07 00:00:00.000000,1,DORMANT_REACTIVATION
TXN_002549,ACC_0276,ACC_0058,218790.6,2025-05-07 00:44:17.000000,0,CLEAN
TXN_003476,ACC_0403,ACC_0449,77603.01,2025-05-07 01:00:45.000000,0,CLEAN
TXN_005473,ACC_0189,ACC_0346,1435.69,2025-05-07 02:26:43.000000,0,CLEAN
TXN_010023,ACC_0139,ACC_0013,2328666.21,2025-05-07 03:06:06.045140,1,SHELL_LAYERING
TXN_001940,ACC_0240,ACC_0365,501007.25,2025-05-07 03:12:31.000000,0,CLEAN
TXN_010186,ACC_0139,ACC_0378,2413538.78,2025-05-07 03:42:20.864224,1,SHELL_LAYERING
TXN_003178,ACC_0332,ACC_0074,216980.17,2025-05-07 04:00:25.000000,0,CLEAN
TXN_000546,ACC_0390,ACC_0428,96614.52,2025-05-07 04:28:18.000000,0,CLEAN
TXN_000218,ACC_0334,ACC_0440,21048.44,2025-05-07 04:43:39.000000,0,CLEAN
TXN_005316,ACC_0357,ACC_0225,10698.58,2025-05-07 04:47:28.000000,0,CLEAN
TXN_003837,ACC_0417,ACC_0142,77255.86,2025-05-07 04:57:47.000000,0,CLEAN
TXN_003516,ACC_0344,ACC_0483,17654.56,2025-05-07 05:21:34.000000,0,CLEAN
TXN_000999,ACC_0187,ACC_0365,88326.06,2025-05-07 07:44:16.000000,0,CLEAN
TXN_006158,ACC_0093,ACC_0354,30730.83,2025-05-07 08:58:53.000000,0,CLEAN
TXN_003563,ACC_0051,ACC_0174,58558.5,2025-05-07 09:30:49.000000,0,CLEAN
TXN_003319,ACC_0024,ACC_0388,6148.44,2025-05-07 09:42:17.000000,0,CLEAN
TXN_004619,ACC_0373,ACC_0311,123655.59,2025-05-07 11:43:13.000000,0,CLEAN
TXN_000920,ACC_0487,ACC_0456,81425.53,2025-05-07 12:03:13.000000,0,CLEAN
TXN_002877,ACC_0407,ACC_0039,8545.78,2025-05-07 12:22:53.000000,0,CLEAN
TXN_003435,ACC_0390,ACC_0284,65021.16,2025-05-07 12:26:50.000000,0,CLEAN
TXN_002438,ACC_0045,ACC_0362,3105.01,2025-05-07 13:24:07.000000,0,CLEAN
TXN_004840,ACC_0362,ACC_0282,7474.46,2025-05-07 14:11:18.000000,0,CLEAN
TXN_006352,ACC_0484,ACC_0434,38109.34,2025-05-07 14:32:55.000000,0,CLEAN
TXN_005739,ACC_0460,ACC_0222,62358.95,2025-05-07 14:58:10.000000,0,CLEAN
TXN_004126,ACC_0488,ACC_0088,13349.26,2025-05-07 18:15:15.000000,0,CLEAN
TXN_003446,ACC_0317,ACC_0148,81344.2,2025-05-07 19:28:29.000000,0,CLEAN
TXN_002018,ACC_0075,ACC_0028,25727.11,2025-05-07 20:29:27.000000,0,CLEAN
TXN_010500,ACC_0013,ACC_0376,1881826.11,2025-05-07 20:46:05.000000,1,SHELL_LAYERING
TXN_001094,ACC_0254,ACC_0382,1049.01,2025-05-07 20:56:20.000000,0,CLEAN
TXN_001004,ACC_0338,ACC_0055,28133.69,2025-05-07 21:50:45.000000,0,CLEAN
TXN_020225,ACC_0403,ACC_0221,199790.27,2025-05-07 22:07:04.000000,1,THRESHOLD_SPLIT
TXN_001357,ACC_0089,ACC_0193,24957.51,2025-05-07 22:20:51.000000,0,CLEAN
TXN_020226,ACC_0403,ACC_0221,195497.24,2025-05-07 22:31:04.000000,1,THRESHOLD_SPLIT
TXN_002400,ACC_0108,ACC_0414,33919.03,2025-05-07 23:09:41.000000,0,CLEAN
TXN_040044,ACC_0206,ACC_0417,2102051.4,2025-05-08 00:00:00.000000,1,DORMANT_REACTIVATION
TXN_040231,ACC_0056,ACC_0266,2234215.82,2025-05-08 00:00:00.000000,1,DORMANT_REACTIVATION
TXN_040214,ACC_0304,ACC_0422,2947504.36,2025-05-08 00:00:00.000000,1,DORMANT_REACTIVATION
TXN_040218,ACC_0351,ACC_0309,677281.72,2025-05-08 00:00:00.000000,1,DORMANT_REACTIVATION
TXN_040155,ACC_0182,ACC_0208,1444302.93,2025-05-08 00:00:00.000000,1,DORMANT_REACTIVATION
TXN_040199,ACC_0471,ACC_0369,2696491.34,2025-05-08 00:00:00.000000,1,DORMANT_REACTIVATION
TXN_040267,ACC_0481,ACC_0079,1494984.46,2025-05-08 00:00:00.000000,1,DORMANT_REACTIVATION
TXN_040051,ACC_0182,ACC_0371,2119908.36,2025-05-08 00:00:00.000000,1,DORMANT_REACTIVATION
TXN_003695,ACC_0006,ACC_0242,17260.62,2025-05-08 00:17:06.000000,0,CLEAN
TXN_006057,ACC_0452,ACC_0404,192557.66,2025-05-08 00:24:06.000000,0,CLEAN
TXN_010661,ACC_0366,ACC_0155,4522508.71,2025-05-08 00:43:15.790809,1,SHELL_LAYERING
TXN_003965,ACC_0268,ACC_0213,6408.47,2025-05-08 02:17:23.000000,0,CLEAN
TXN_001431,ACC_0003,ACC_0193,76500.22,2025-05-08 02:24:21.000000,0,CLEAN
TXN_000477,ACC_0140,ACC_0047,957.36,2025-05-08 02:36:03.000000,0,CLEAN
TXN_001101,ACC_0287,ACC_0105,285590.61,2025-05-08 02:38:18.000000,0,CLEAN
TXN_005376,ACC_0119,ACC_0058,3207.67,2025-05-08 02:39:39.000000,0,CLEAN
TXN_000179,ACC_0255,ACC_0282,244588.54,2025-05-08 02:41:39.000000,0,CLEAN
TXN_004105,ACC_0155,ACC_0235,24822.01,2025-05-08 02:48:55.000000,0,CLEAN
TXN_001612,ACC_0079,ACC_0043,38614.33,2025-05-08 03:44:29.000000,0,CLEAN
TXN_003622,ACC_0070,ACC_0195,152769.79,2025-05-08 03:54:41.000000,0,CLEAN
TXN_001067,ACC_0032,ACC_0134,78740.18,2025-05-08 04:23:53.000000,0,CLEAN
TXN_010662,ACC_0155,ACC_0395,4452172.44,2025-05-08 05:03:09.295592,1,SHELL_LAYERING
TXN_004951,ACC_0362,ACC_0232,42887.24,2025-05-08 05:52:10.000000,0,CLEAN
TXN_003694,ACC_0296,ACC_0388,1011.92,2025-05-08 05:57:32.000000,0,CLEAN
TXN_000927,ACC_0369,ACC_0013,6940.91,2025-05-08 06:23:16.000000,0,CLEAN
TXN_001850,ACC_0176,ACC_0305,178065.11,2025-05-08 06:25:52.000000,0,CLEAN
TXN_000483,ACC_0119,ACC_0220,33807.33,2025-05-08 06:46:57.000000,0,CLEAN
TXN_002583,ACC_0296,ACC_0175,6796.89,2025-05-08 08:03:55.000000,0,CLEAN
TXN_003164,ACC_0006,ACC_0088,217314.9,2025-05-08 08:15:14.000000,0,CLEAN
TXN_005916,ACC_0375,ACC_0051,5289.18,2025-05-08 08:34:09.000000,0,CLEAN
TXN_000440,ACC_0141,ACC_0444,5321.68,2025-05-08 08:41:53.000000,0,CLEAN
TXN_005167,ACC_0032,ACC_0090,106391.82,2025-05-08 08:48:18.000000,0,CLEAN
TXN_005168,ACC_0077,ACC_0181,2709.73,2025-05-08 08:52:16.000000,0,CLEAN
TXN_003098,ACC_0496,ACC_0022,60127.19,2025-05-08 09:59:12.000000,0,CLEAN
TXN_006043,ACC_0390,ACC_0237,27827.0,2025-05-08 10:04:11.000000,0,CLEAN
TXN_004298,ACC_0055,ACC_0225,1676.5,2025-05-08 10:29:05.000000,0,CLEAN
TXN_002270,ACC_0293,ACC_0026,26667.77,2025-05-08 10:40:20.000000,0,CLEAN
TXN_006394,ACC_0065,ACC_0166,12565.01,2025-05-08 10:55:32.000000,0,CLEAN
TXN_005294,ACC_0336,ACC_0062,23688.49,2025-05-08 11:55:57.000000,0,CLEAN
TXN_000696,ACC_0051,ACC_0127,35261.37,2025-05-08 13:12:36.000000,0,CLEAN
TXN_001468,ACC_0103,ACC_0436,27109.45,2025-05-08 13:18:08.000000,0,CLEAN
TXN_001903,ACC_0459,ACC_0201,24161.54,2025-05-08 13:31:26.000000,0,CLEAN
TXN_005546,ACC_0247,ACC_0272,36423.35,2025-05-08 13:34:00.000000,0,CLEAN
TXN_004868,ACC_0037,ACC_0111,17442.6,2025-05-08 13:37:49.000000,0,CLEAN
TXN_003794,ACC_0042,ACC_0281,221884.49,2025-05-08 13:56:50.000000,0,CLEAN
TXN_001107,ACC_0242,ACC_0367,415408.51,2025-05-08 14:37:16.000000,0,CLEAN
TXN_005157,ACC_0333,ACC_0458,33977.64,2025-05-08 14:44:02.000000,0,CLEAN
TXN_004193,ACC_0190,ACC_0289,80045.21,2025-05-08 15:19:26.000000,0,CLEAN
TXN_001138,ACC_0053,ACC_0199,801137.11,2025-05-08 16:16:25.000000,0,CLEAN
TXN_000329,ACC_0393,ACC_0127,23797.2,2025-05-08 16:38:44.000000,0,CLEAN
TXN_000938,ACC_0087,ACC_0431,75846.17,2025-05-08 16:42:23.000000,0,CLEAN
TXN_003584,ACC_0265,ACC_0301,259562.1,2025-05-08 16:59:45.000000,0,CLEAN
TXN_003166,ACC_0207,ACC_0445,108778.65,2025-05-08 17:11:01.000000,0,CLEAN
TXN_010501,ACC_0376,ACC_0284,1873047.79,2025-05-08 17:18:53.142901,1,SHELL_LAYERING
TXN_002851,ACC_0019,ACC_0236,21777.62,2025-05-08 17:25:12.000000,0,CLEAN
TXN_002229,ACC_0453,ACC_0249,17536.53,2025-05-08 18:09:38.000000,0,CLEAN
TXN_003836,ACC_0112,ACC_0033,3006.03,2025-05-08 18:19:25.000000,0,CLEAN
TXN_000554,ACC_0341,ACC_0380,15907.44,2025-05-08 18:44:46.000000,0,CLEAN
TXN_004166,ACC_0087,ACC_0217,13870.23,2025-05-08 19:14:41.000000,0,CLEAN
TXN_005139,ACC_0224,ACC_0440,51400.91,2025-05-08 19:14:41.000000,0,CLEAN
TXN_006322,ACC_0475,ACC_0117,9878.5,2025-05-08 19:16:50.000000,0,CLEAN
TXN_003398,ACC_0009,ACC_0062,69148.47,2025-05-08 19:41:16.000000,0,CLEAN
TXN_005834,ACC_0059,ACC_0265,30581.82,2025-05-08 20:03:01.000000,0,CLEAN
TXN_000516,ACC_0434,ACC_0433,13668.83,2025-05-08 20:23:29.000000,0,CLEAN
TXN_005172,ACC_0401,ACC_0390,13881.73,2025-05-08 20:34:16.000000,0,CLEAN
TXN_010360,ACC_0233,ACC_0440,4601224.35,2025-05-08 20:46:35.000000,1,SHELL_LAYERING
TXN_005873,ACC_0235,ACC_0000,245644.99,2025-05-08 21:20:18.000000,0,CLEAN
TXN_002914,ACC_0411,ACC_0142,15911.97,2025-05-08 21:37:40.000000,0,CLEAN
TXN_003768,ACC_0196,ACC_0467,6755.65,2025-05-08 23:32:08.000000,0,CLEAN
TXN_040011,ACC_0072,ACC_0481,1250512.79,2025-05-09 00:00:00.000000,1,DORMANT_REACTIVATION
TXN_040043,ACC_0212,ACC_0383,1132340.53,2025-05-09 00:00:00.000000,1,DORMANT_REACTIVATION
TXN_005418,ACC_0310,ACC_0241,95686.8,2025-05-09 00:05:03.000000,0,CLEAN
TXN_002456,ACC_0394,ACC_0320,147014.62,2025-05-09 00:41:14.000000,0,CLEAN
TXN_010502,ACC_0284,ACC_0139,1820656.71,2025-05-09 00:54:29.533687,1,SHELL_LAYERING
TXN_003094,ACC_0425,ACC_0362,240109.38,2025-05-09 01:40:33.000000,0,CLEAN
TXN_010380,ACC_0259,ACC_0366,4110761.14,2025-05-09 02:14:18.000000,1,SHELL_LAYERING
TXN_004822,ACC_0462,ACC_0091,184664.76,2025-05-09 02:16:05.000000,0,CLEAN
TXN_004034,ACC_0087,ACC_0386,110601.44,2025-05-09 02:38:06.000000,0,CLEAN
TXN_002733,ACC_0016,ACC_0407,638660.72,2025-05-09 02:50:19.000000,0,CLEAN
TXN_010361,ACC_0440,ACC_0221,4554001.36,2025-05-09 03:14:46.771429,1,SHELL_LAYERING
TXN_002828,ACC_0345,ACC_0251,7056.85,2025-05-09 04:11:21.000000,0,CLEAN
TXN_003283,ACC_0388,ACC_0018,6258.21,2025-05-09 04:38:38.000000,0,CLEAN
TXN_000106,ACC_0016,ACC_0415,11376.63,2025-05-09 04:44:39.000000,0,CLEAN
TXN_000123,ACC_0448,ACC_0073,273246.63,2025-05-09 04:48:46.000000,0,CLEAN
TXN_001879,ACC_0034,ACC_0199,53659.87,2025-05-09 05:33:37.000000,0,CLEAN
TXN_005328,ACC_0272,ACC_0026,46206.89,2025-05-09 05:41:54.000000,0,CLEAN
TXN_006494,ACC_0241,ACC_0118,14097.2,2025-05-09 05:47:13.000000,0,CLEAN
TXN_000925,ACC_0307,ACC_0206,1901.63,2025-05-09 06:17:39.000000,0,CLEAN
TXN_000783,ACC_0276,ACC_0135,152520.38,2025-05-09 06:36:33.000000,0,CLEAN
TXN_002290,ACC_0196,ACC_0121,88658.23,2025-05-09 06:55:57.000000,0,CLEAN
TXN_006260,ACC_0279,ACC_0391,124195.17,2025-05-09 07:02:32.000000,0,CLEAN
TXN_006007,ACC_0206,ACC_0016,75895.99,2025-05-09 07:04:41.000000,0,CLEAN
TXN_001268,ACC_0202,ACC_0421,43687.06,2025-05-09 07:11:35.000000,0,CLEAN
TXN_005359,ACC_0157,ACC_0292,14084.7,2025-05-09 07:26:29.000000,0,CLEAN
TXN_003144,ACC_0048,ACC_0238,10759.01,2025-05-09 07:48:31.000000,0,CLEAN
TXN_001372,ACC_0418,ACC_0060,22878.4,2025-05-09 08:59:39.000000,0,CLEAN
TXN_004258,ACC_0125,ACC_0379,13384.69,2025-05-09 09:17:40.000000,0,CLEAN
TXN_002844,ACC_0179,ACC_0028,8543.64,2025-05-09 09:36:06.000000,0,CLEAN
TXN_001075,ACC_0048,ACC_0222,34424.98,2025-05-09 11:48:26.000000,0,CLEAN
TXN_000092,ACC_0041,ACC_0350,74493.69,2025-05-09 12:10:36.000000,0,CLEAN
TXN_000726,ACC_0191,ACC_0361,38782.22,2025-05-09 13:47:38.000000,0,CLEAN
TXN_005557,ACC_0166,ACC_0126,169134.27,2025-05-09 15:05:33.000000,0,CLEAN
TXN_001012,ACC_0338,ACC_0051,12391.51,2025-05-09 15:23:39.000000,0,CLEAN
TXN_006213,ACC_0080,ACC_0313,55666.39,2025-05-09 15:53:48.000000,0,CLEAN
TXN_003941,ACC_0308,ACC_0296,50753.18,2025-05-09 15:57:41.000000,0,CLEAN
TXN_002182,ACC_0120,ACC_0088,22155.22,2025-05-09 15:59:48.000000,0,CLEAN
TXN_004175,ACC_0352,ACC_0050,8570.0,2025-05-09 16:01:08.000000,0,CLEAN
TXN_006434,ACC_0281,ACC_0233,135733.13,2025-05-09 18:57:36.000000,0,CLEAN
TXN_001217,ACC_0452,ACC_0109,48327.19,2025-05-09 19:21:45.000000,0,CLEAN
TXN_005250,ACC_0473,ACC_0387,33932.16,2025-05-09 19:22:13.000000,0,CLEAN
TXN_005020,ACC_0279,ACC_0131,11861.9,2025-05-09 19:42:28.000000,0,CLEAN
TXN_001618,ACC_0014,ACC_0018,777.82,2025-05-09 20:21:47.000000,0,CLEAN
TXN_002254,ACC_0322,ACC_0380,32502.71,2025-05-09 21:14:17.000000,0,CLEAN
TXN_004067,ACC_0064,ACC_0267,5745.8,2025-05-09 21:15:55.000000,0,CLEAN
TXN_004705,ACC_0074,ACC_0166,125599.58,2025-05-09 22:45:27.000000,0,CLEAN
TXN_000058,ACC_0275,ACC_0411,65622.78,2025-05-09 22:54:15.000000,0,CLEAN
TXN_006032,ACC_0322,ACC_0054,366100.02,2025-05-09 23:33:26.000000,0,CLEAN
TXN_005056,ACC_0319,ACC_0285,40674.82,2025-05-09 23:57:25.000000,0,CLEAN
TXN_040012,ACC_0275,ACC_0418,1448952.9,2025-05-10 00:00:00.000000,1,DORMANT_REACTIVATION
TXN_040050,ACC_0101,ACC_0175,1015833.62,2025-05-10 00:00:00.000000,1,DORMANT_REACTIVATION
TXN_040109,ACC_0351,ACC_0428,2216899.36,2025-05-10 00:00:00.000000,1,DORMANT_REACTIVATION
TXN_040223,ACC_0231,ACC_0311,2004911.45,2025-05-10 00:00:00.000000,1,DORMANT_REACTIVATION
TXN_001182,ACC_0147,ACC_0355,9362.31,2025-05-10 00:45:52.000000,0,CLEAN
TXN_005781,ACC_0264,ACC_0007,47990.41,2025-05-10 00:46:21.000000,0,CLEAN
TXN_003381,ACC_0409,ACC_0319,47254.56,2025-05-10 00:48:18.000000,0,CLEAN
TXN_003747,ACC_0418,ACC_0363,979046.79,2025-05-10 02:09:29.000000,0,CLEAN
TXN_010664,ACC_0267,ACC_0259,4640412.12,2025-05-10 03:00:57.563276,1,SHELL_LAYERING
TXN_003996,ACC_0481,ACC_0184,10853.49,2025-05-10 03:29:22.000000,0,CLEAN
TXN_010381,ACC_0366,ACC_0155,3858141.28,2025-05-10 03:40:15.571389,1,SHELL_LAYERING
TXN_004308,ACC_0485,ACC_0245,308957.2,2025-05-10 04:15:23.000000,0,CLEAN
TXN_003119,ACC_0067,ACC_0184,138964.08,2025-05-10 05:32:57.000000,0,CLEAN
TXN_003937,ACC_0014,ACC_0358,24129.32,2025-05-10 06:16:23.000000,0,CLEAN
TXN_010362,ACC_0221,ACC_0418,4604283.7,2025-05-10 06:34:50.590145,1,SHELL_LAYERING
TXN_020070,ACC_0234,ACC_0236,199607.17,2025-05-10 06:48:09.000000,1,THRESHOLD_SPLIT
TXN_002585,ACC_0248,ACC_0304,57814.71,2025-05-10 07:06:38.000000,0,CLEAN
TXN_020071,ACC_0234,ACC_0236,199572.16,2025-05-10 07:13:09.000000,1,THRESHOLD_SPLIT
TXN_005437,ACC_0345,ACC_0299,3391.73,2025-05-10 07:19:52.000000,0,CLEAN
TXN_020385,ACC_0277,ACC_0436,198597.15,2025-05-10 07:22:15.000000,1,THRESHOLD_SPLIT
TXN_020386,ACC_0277,ACC_0436,199856.6,2025-05-10 07:35:15.000000,1,THRESHOLD_SPLIT
TXN_001684,ACC_0048,ACC_0267,1315.81,2025-05-10 07:49:18.000000,0,CLEAN
TXN_005003,ACC_0492,ACC_0006,4568.65,2025-05-10 07:55:52.000000,0,CLEAN
TXN_004331,ACC_0358,ACC_0126,6127.21,2025-05-10 09:19:29.000000,0,CLEAN
TXN_010363,ACC_0418,ACC_0124,4515181.61,2025-05-10 09:32:20.508274,1,SHELL_LAYERING
TXN_010382,ACC_0155,ACC_0395,4092453.38,2025-05-10 10:22:13.156753,1,SHELL_LAYERING
TXN_003774,ACC_0275,ACC_0149,1749.88,2025-05-10 10:50:47.000000,0,CLEAN
TXN_002795,ACC_0182,ACC_0244,7237.5,2025-05-10 10:56:24.000000,0,CLEAN
TXN_001693,ACC_0026,ACC_0443,4699.63,2025-05-10 11:01:22.000000,0,CLEAN
TXN_000198,ACC_0316,ACC_0327,145225.14,2025-05-10 11:18:08.000000,0,CLEAN
TXN_003328,ACC_0153,ACC_0145,213808.63,2025-05-10 12:05:00.000000,0,CLEAN
TXN_010364,ACC_0124,ACC_0166,4728482.86,2025-05-10 12:11:03.637572,1,SHELL_LAYERING
TXN_006518,ACC_0168,ACC_0215,251623.98,2025-05-10 12:20:42.000000,0,CLEAN
TXN_002020,ACC_0437,ACC_0016,47231.54,2025-05-10 12:25:45.000000,0,CLEAN
TXN_001161,ACC_0292,ACC_0483,30421.27,2025-05-10 13:10:41.000000,0,CLEAN
TXN_003378,ACC_0389,ACC_0230,3644.41,2025-05-10 13:28:26.000000,0,CLEAN
TXN_000805,ACC_0385,ACC_0356,9436.1,2025-05-10 14:37:42.000000,0,CLEAN
TXN_002342,ACC_0354,ACC_0463,332834.83,2025-05-10 15:08:40.000000,0,CLEAN
TXN_000045,ACC_0120,ACC_0031,10989.08,2025-05-10 16:06:31.000000,0,CLEAN
TXN_005549,ACC_0448,ACC_0149,9980.87,2025-05-10 16:59:34.000000,0,CLEAN
TXN_000806,ACC_0049,ACC_0043,37883.53,2025-05-10 17:45:48.000000,0,CLEAN
TXN_004931,ACC_0326,ACC_0228,14388.46,2025-05-10 18:12:07.000000,0,CLEAN
TXN_001871,ACC_0355,ACC_0358,15955.66,2025-05-10 18:19:12.000000,0,CLEAN
TXN_005714,ACC_0446,ACC_0315,9505.33,2025-05-10 19:25:17.000000,0,CLEAN
TXN_006370,ACC_0414,ACC_0415,67077.06,2025-05-10 20:13:04.000000,0,CLEAN
TXN_004135,ACC_0250,ACC_0329,458.8,2025-05-10 20:47:51.000000,0,CLEAN
TXN_004360,ACC_0057,ACC_0049,17788.49,2025-05-10 21:31:17.000000,0,CLEAN
TXN_004662,ACC_0447,ACC_0236,31636.44,2025-05-10 22:28:03.000000,0,CLEAN
TXN_000036,ACC_0044,ACC_0206,9990.4,2025-05-10 22:57:30.000000,0,CLEAN
TXN_040033,ACC_0231,ACC_0374,2270403.74,2025-05-11 00:00:00.000000,1,DORMANT_REACTIVATION
TXN_040145,ACC_0304,ACC_0386,1230344.83,2025-05-11 00:00:00.000000,1,DORMANT_REACTIVATION
TXN_040222,ACC_0212,ACC_0087,2537366.05,2025-05-11 00:00:00.000000,1,DORMANT_REACTIVATION
TXN_001477,ACC_0204,ACC_0180,150435.5,2025-05-11 00:51:04.000000,0,CLEAN
TXN_005742,ACC_0238,ACC_0395,268022.77,2025-05-11 02:36:30.000000,0,CLEAN
TXN_005922,ACC_0334,ACC_0492,256244.05,2025-05-11 03:20:05.000000,0,CLEAN
TXN_004944,ACC_0108,ACC_0006,112814.34,2025-05-11 04:45:05.000000,0,CLEAN
TXN_002741,ACC_0102,ACC_0094,2683425.17,2025-05-11 05:13:31.000000,0,CLEAN
TXN_004041,ACC_0487,ACC_0459,671851.5,2025-05-11 05:13:42.000000,0,CLEAN
TXN_000374,ACC_0058,ACC_0135,34555.07,2025-05-11 05:41:42.000000,0,CLEAN
TXN_004128,ACC_0354,ACC_0408,187982.63,2025-05-11 05:51:20.000000,0,CLEAN
TXN_001298,ACC_0182,ACC_0065,182409.73,2025-05-11 08:27:50.000000,0,CLEAN
TXN_001947,ACC_0113,ACC_0381,25549.89,2025-05-11 08:40:00.000000,0,CLEAN
TXN_000131,ACC_0482,ACC_0329,360167.86,2025-05-11 08:40:58.000000,0,CLEAN
TXN_004880,ACC_0413,ACC_0441,15068.73,2025-05-11 08:41:39.000000,0,CLEAN
TXN_000152,ACC_0300,ACC_0371,24262.01,2025-05-11 09:11:10.000000,0,CLEAN
TXN_002633,ACC_0228,ACC_0347,341945.74,2025-05-11 09:41:09.000000,0,CLEAN
TXN_002954,ACC_0469,ACC_0403,448.46,2025-05-11 09:52:34.000000,0,CLEAN
TXN_002922,ACC_0459,ACC_0186,68786.69,2025-05-11 10:13:07.000000,0,CLEAN
TXN_001294,ACC_0037,ACC_0149,50000.83,2025-05-11 10:16:48.000000,0,CLEAN
TXN_001847,ACC_0045,ACC_0058,9955.06,2025-05-11 10:34:13.000000,0,CLEAN
TXN_006209,ACC_0107,ACC_0293,23489.74,2025-05-11 11:13:17.000000,0,CLEAN
TXN_002779,ACC_0345,ACC_0251,83373.57,2025-05-11 12:11:31.000000,0,CLEAN
TXN_006487,ACC_0299,ACC_0484,836215.31,2025-05-11 13:13:32.000000,0,CLEAN
TXN_006535,ACC_0184,ACC_0298,227727.39,2025-05-11 14:35:13.000000,0,CLEAN
TXN_003219,ACC_0426,ACC_0482,30961.34,2025-05-11 16:54:26.000000,0,CLEAN
TXN_001582,ACC_0181,ACC_0166,4163.94,2025-05-11 17:18:21.000000,0,CLEAN
TXN_004765,ACC_0465,ACC_0212,10636.99,2025-05-11 17:48:33.000000,0,CLEAN
TXN_002563,ACC_0188,ACC_0410,16415.84,2025-05-11 17:50:08.000000,0,CLEAN
TXN_000099,ACC_0152,ACC_0238,63956.01,2025-05-11 18:44:12.000000,0,CLEAN
TXN_003170,ACC_0184,ACC_0354,170107.56,2025-05-11 20:09:00.000000,0,CLEAN
TXN_004712,ACC_0405,ACC_0497,27918.87,2025-05-11 20:48:46.000000,0,CLEAN
TXN_001473,ACC_0314,ACC_0086,48635.27,2025-05-11 21:10:52.000000,0,CLEAN
TXN_000574,ACC_0457,ACC_0293,161845.95,2025-05-11 21:37:44.000000,0,CLEAN
TXN_001162,ACC_0363,ACC_0213,1506.01,2025-05-11 22:12:08.000000,0,CLEAN
TXN_000031,ACC_0151,ACC_0291,3004.06,2025-05-11 22:56:13.000000,0,CLEAN
TXN_006013,ACC_0161,ACC_0232,22947.84,2025-05-11 23:24:15.000000,0,CLEAN
TXN_040182,ACC_0387,ACC_0174,1858673.03,2025-05-12 00:00:00.000000,1,DORMANT_REACTIVATION
TXN_040031,ACC_0253,ACC_0041,1335157.08,2025-05-12 00:00:00.000000,1,DORMANT_REACTIVATION
TXN_040117,ACC_0231,ACC_0489,1622646.43,2025-05-12 00:00:00.000000,1,DORMANT_REACTIVATION
TXN_040019,ACC_0371,ACC_0162,2721020.97,2025-05-12 00:00:00.000000,1,DORMANT_REACTIVATION
TXN_040102,ACC_0041,ACC_0342,1188144.83,2025-05-12 00:00:00.000000,1,DORMANT_REACTIVATION
TXN_005933,ACC_0196,ACC_0446,4869.74,2025-05-12 00:25:04.000000,0,CLEAN
TXN_005570,ACC_0165,ACC_0133,86221.69,2025-05-12 01:40:37.000000,0,CLEAN
TXN_003806,ACC_0017,ACC_0458,14114.57,2025-05-12 01:56:01.000000,0,CLEAN
TXN_010663,ACC_0395,ACC_0267,4458009.47,2025-05-12 02:08:17.548644,1,SHELL_LAYERING
TXN_003171,ACC_0493,ACC_0353,134386.21,2025-05-12 02:12:16.000000,0,CLEAN
TXN_002859,ACC_0051,ACC_0354,8353.35,2025-05-12 02:14:48.000000,0,CLEAN
TXN_002315,ACC_0236,ACC_0396,123158.53,2025-05-12 03:05:04.000000,0,CLEAN
TXN_005122,ACC_0114,ACC_0459,8866.61,2025-05-12 04:54:02.000000,0,CLEAN
TXN_001523,ACC_0471,ACC_0040,5098.85,2025-05-12 05:30:45.000000,0,CLEAN
TXN_001077,ACC_0177,ACC_0340,208378.0,2025-05-12 07:45:56.000000,0,CLEAN
TXN_010384,ACC_0267,ACC_0259,4037856.87,2025-05-12 08:20:42.350743,1,SHELL_LAYERING
TXN_003936,ACC_0323,ACC_0362,211116.08,2025-05-12 08:22:18.000000,0,CLEAN
TXN_002781,ACC_0267,ACC_0338,37988.82,2025-05-12 08:48:19.000000,0,CLEAN
TXN_004187,ACC_0483,ACC_0130,8733.35,2025-05-12 08:50:17.000000,0,CLEAN
TXN_004251,ACC_0263,ACC_0351,24725.21,2025-05-12 09:59:46.000000,0,CLEAN
TXN_001503,ACC_0403,ACC_0112,22880.9,2025-05-12 10:38:35.000000,0,CLEAN
TXN_000242,ACC_0434,ACC_0199,14225.23,2025-05-12 11:12:41.000000,0,CLEAN
TXN_000498,ACC_0068,ACC_0329,15417.08,2025-05-12 11:41:15.000000,0,CLEAN
TXN_000647,ACC_0262,ACC_0025,4187.77,2025-05-12 11:54:11.000000,0,CLEAN
TXN_001274,ACC_0073,ACC_0153,11923.83,2025-05-12 12:23:44.000000,0,CLEAN
TXN_003621,ACC_0010,ACC_0426,29555.75,2025-05-12 13:09:24.000000,0,CLEAN
TXN_000332,ACC_0288,ACC_0331,8052.91,2025-05-12 13:14:52.000000,0,CLEAN
TXN_000819,ACC_0409,ACC_0292,27434.13,2025-05-12 13:32:29.000000,0,CLEAN
TXN_010365,ACC_0166,ACC_0233,4533397.35,2025-05-12 13:58:54.909801,1,SHELL_LAYERING
TXN_010383,ACC_0395,ACC_0267,4035953.19,2025-05-12 14:19:32.055911,1,SHELL_LAYERING
TXN_003846,ACC_0356,ACC_0198,33824.61,2025-05-12 15:14:43.000000,0,CLEAN
TXN_001905,ACC_0195,ACC_0267,271221.63,2025-05-12 15:41:06.000000,0,CLEAN
TXN_002623,ACC_0020,ACC_0072,21225.44,2025-05-12 15:44:52.000000,0,CLEAN
TXN_002081,ACC_0289,ACC_0372,65103.84,2025-05-12 16:37:48.000000,0,CLEAN
TXN_002560,ACC_0363,ACC_0272,58464.79,2025-05-12 17:08:44.000000,0,CLEAN
TXN_004321,ACC_0121,ACC_0026,27562.71,2025-05-12 17:09:18.000000,0,CLEAN
TXN_001058,ACC_0410,ACC_0291,340793.79,2025-05-12 17:32:28.000000,0,CLEAN
TXN_005075,ACC_0127,ACC_0416,1927.53,2025-05-12 18:02:25.000000,0,CLEAN
TXN_005854,ACC_0172,ACC_0248,1610.53,2025-05-12 18:17:57.000000,0,CLEAN
TXN_001413,ACC_0480,ACC_0396,76977.37,2025-05-12 18:18:56.000000,0,CLEAN
TXN_003199,ACC_0313,ACC_0479,26001.75,2025-05-12 18:49:18.000000,0,CLEAN
TXN_010503,ACC_0139,ACC_0013,1912968.62,2025-05-12 18:55:34.428008,1,SHELL_LAYERING
TXN_000128,ACC_0089,ACC_0321,39481.5,2025-05-12 19:12:17.000000,0,CLEAN
TXN_005039,ACC_0449,ACC_0320,151553.35,2025-05-12 19:26:39.000000,0,CLEAN
TXN_005205,ACC_0251,ACC_0224,1589.72,2025-05-12 19:39:56.000000,0,CLEAN
TXN_004270,ACC_0173,ACC_0468,37152.06,2025-05-12 20:39:49.000000,0,CLEAN
TXN_002777,ACC_0243,ACC_0481,44419.98,2025-05-12 20:58:49.000000,0,CLEAN
TXN_000436,ACC_0263,ACC_0461,7849.07,2025-05-12 21:45:51.000000,0,CLEAN
TXN_005187,ACC_0255,ACC_0479,17214.22,2025-05-12 21:52:16.000000,0,CLEAN
TXN_004497,ACC_0307,ACC_0092,3872323.61,2025-05-12 22:23:19.000000,0,CLEAN
TXN_004115,ACC_0486,ACC_0218,22823.03,2025-05-12 22:26:39.000000,0,CLEAN
TXN_001311,ACC_0184,ACC_0068,45260.48,2025-05-12 23:04:23.000000,0,CLEAN
TXN_004723,ACC_0487,ACC_0097,9016.5,2025-05-12 23:17:49.000000,0,CLEAN
TXN_000257,ACC_0221,ACC_0095,47918.37,2025-05-12 23:36:27.000000,0,CLEAN
TXN_040262,ACC_0212,ACC_0489,937809.15,2025-05-13 00:00:00.000000,1,DORMANT_REACTIVATION
TXN_040104,ACC_0206,ACC_0100,2568193.65,2025-05-13 00:00:00.000000,1,DORMANT_REACTIVATION
TXN_040054,ACC_0182,ACC_0105,1473027.58,2025-05-13 00:00:00.000000,1,DORMANT_REACTIVATION
TXN_003820,ACC_0420,ACC_0098,35248.9,2025-05-13 00:50:27.000000,0,CLEAN
TXN_004073,ACC_0112,ACC_0256,15113.1,2025-05-13 00:56:26.000000,0,CLEAN
TXN_000487,ACC_0115,ACC_0266,135407.42,2025-05-13 00:56:57.000000,0,CLEAN
TXN_003450,ACC_0128,ACC_0430,78664.05,2025-05-13 01:01:09.000000,0,CLEAN
TXN_003519,ACC_0140,ACC_0062,31820.41,2025-05-13 01:50:17.000000,0,CLEAN
TXN_001438,ACC_0313,ACC_0141,185105.18,2025-05-13 03:51:08.000000,0,CLEAN
TXN_003089,ACC_0145,ACC_0349,20043.41,2025-05-13 04:00:34.000000,0,CLEAN
TXN_003289,ACC_0205,ACC_0454,256508.49,2025-05-13 05:05:14.000000,0,CLEAN
TXN_005805,ACC_0157,ACC_0429,157579.71,2025-05-13 05:10:48.000000,0,CLEAN
TXN_005054,ACC_0075,ACC_0239,33012.44,2025-05-13 05:19:53.000000,0,CLEAN
TXN_003939,ACC_0309,ACC_0233,76896.42,2025-05-13 05:59:59.000000,0,CLEAN
TXN_005138,ACC_0420,ACC_0313,21815.18,2025-05-13 07:11:00.000000,0,CLEAN
TXN_002202,ACC_0100,ACC_0106,742966.08,2025-05-13 08:05:54.000000,0,CLEAN
TXN_005270,ACC_0440,ACC_0194,617019.19,2025-05-13 10:04:35.000000,0,CLEAN
TXN_004882,ACC_0330,ACC_0215,9291.41,2025-05-13 10:57:54.000000,0,CLEAN
TXN_003275,ACC_0264,ACC_0407,73667.25,2025-05-13 11:16:33.000000,0,CLEAN
TXN_000898,ACC_0495,ACC_0392,219832.43,2025-05-13 11:16:52.000000,0,CLEAN
TXN_004651,ACC_0191,ACC_0042,10113.87,2025-05-13 11:17:11.000000,0,CLEAN
TXN_003503,ACC_0289,ACC_0345,73787.57,2025-05-13 12:08:17.000000,0,CLEAN
TXN_005350,ACC_0143,ACC_0410,52297.4,2025-05-13 13:08:26.000000,0,CLEAN
TXN_002306,ACC_0492,ACC_0271,32180.0,2025-05-13 14:26:03.000000,0,CLEAN
TXN_000529,ACC_0187,ACC_0280,7830.73,2025-05-13 14:44:26.000000,0,CLEAN
TXN_010340,ACC_0292,ACC_0376,923959.0,2025-05-13 15:09:36.000000,1,SHELL_LAYERING
TXN_000825,ACC_0216,ACC_0040,1875.82,2025-05-13 15:35:43.000000,0,CLEAN
TXN_000670,ACC_0015,ACC_0196,113367.82,2025-05-13 16:00:10.000000,0,CLEAN
TXN_003685,ACC_0417,ACC_0393,62268.67,2025-05-13 17:31:26.000000,0,CLEAN
TXN_004683,ACC_0487,ACC_0388,63023.67,2025-05-13 18:08:23.000000,0,CLEAN
TXN_020335,ACC_0114,ACC_0310,183975.34,2025-05-13 18:50:59.000000,1,THRESHOLD_SPLIT
TXN_020337,ACC_0114,ACC_0310,183975.34,2025-05-13 19:22:59.000000,1,THRESHOLD_SPLIT
TXN_020336,ACC_0114,ACC_0310,183975.34,2025-05-13 19:23:59.000000,1,THRESHOLD_SPLIT
TXN_006293,ACC_0037,ACC_0393,14604.83,2025-05-13 19:27:09.000000,0,CLEAN
TXN_000216,ACC_0115,ACC_0154,43102.72,2025-05-13 19:51:54.000000,0,CLEAN
TXN_001913,ACC_0297,ACC_0277,9170.49,2025-05-13 19:53:51.000000,0,CLEAN
TXN_002422,ACC_0166,ACC_0061,27118.03,2025-05-13 20:04:58.000000,0,CLEAN
TXN_003137,ACC_0076,ACC_0065,63265.26,2025-05-13 21:08:02.000000,0,CLEAN
TXN_001403,ACC_0465,ACC_0258,63225.52,2025-05-13 21:23:06.000000,0,CLEAN
TXN_000915,ACC_0144,ACC_0153,146058.16,2025-05-13 21:35:47.000000,0,CLEAN
TXN_004320,ACC_0006,ACC_0393,28639.49,2025-05-13 21:42:38.000000,0,CLEAN
TXN_005377,ACC_0019,ACC_0095,64290.5,2025-05-13 21:43:40.000000,0,CLEAN
TXN_002154,ACC_0233,ACC_0158,13537.9,2025-05-13 21:53:54.000000,0,CLEAN
TXN_002537,ACC_0106,ACC_0404,46896.37,2025-05-13 22:46:15.000000,0,CLEAN
TXN_004396,ACC_0203,ACC_0254,2884.89,2025-05-13 22:54:23.000000,0,CLEAN
TXN_006207,ACC_0241,ACC_0052,38123.81,2025-05-13 23:08:56.000000,0,CLEAN
TXN_040193,ACC_0304,ACC_0122,1011599.68,2025-05-14 00:00:00.000000,1,DORMANT_REACTIVATION
TXN_040107,ACC_0110,ACC_0372,2780603.1,2025-05-14 00:00:00.000000,1,DORMANT_REACTIVATION
TXN_040113,ACC_0101,ACC_0043,2411043.9,2025-05-14 00:00:00.000000,1,DORMANT_REACTIVATION
TXN_040208,ACC_0031,ACC_0005,2778777.25,2025-05-14 00:00:00.000000,1,DORMANT_REACTIVATION
TXN_040048,ACC_0110,ACC_0295,507044.16,2025-05-14 00:00:00.000000,1,DORMANT_REACTIVATION
TXN_003213,ACC_0300,ACC_0466,1481.94,2025-05-14 00:12:38.000000,0,CLEAN
TXN_005678,ACC_0148,ACC_0268,395181.55,2025-05-14 00:26:33.000000,0,CLEAN
TXN_002958,ACC_0462,ACC_0415,37355.24,2025-05-14 01:29:19.000000,0,CLEAN
TXN_002897,ACC_0077,ACC_0383,338970.94,2025-05-14 01:45:37.000000,0,CLEAN
TXN_001856,ACC_0119,ACC_0102,20870.34,2025-05-14 02:00:19.000000,0,CLEAN
TXN_001242,ACC_0109,ACC_0443,40339.17,2025-05-14 02:13:10.000000,0,CLEAN
TXN_002699,ACC_0154,ACC_0138,69980.35,2025-05-14 02:23:57.000000,0,CLEAN
TXN_005053,ACC_0255,ACC_0475,94657.06,2025-05-14 02:47:09.000000,0,CLEAN
TXN_001397,ACC_0085,ACC_0371,399500.68,2025-05-14 03:05:11.000000,0,CLEAN
TXN_002066,ACC_0003,ACC_0059,8154.11,2025-05-14 04:13:35.000000,0,CLEAN
TXN_001704,ACC_0255,ACC_0046,8650.27,2025-05-14 04:44:01.000000,0,CLEAN
TXN_005915,ACC_0042,ACC_0178,13091.78,2025-05-14 05:17:51.000000,0,CLEAN
TXN_000047,ACC_0081,ACC_0208,26780.57,2025-05-14 05:20:05.000000,0,CLEAN
TXN_000657,ACC_0205,ACC_0190,1065179.31,2025-05-14 06:19:16.000000,0,CLEAN
TXN_005920,ACC_0259,ACC_0196,6597.53,2025-05-14 06:23:00.000000,0,CLEAN
TXN_001538,ACC_0201,ACC_0441,34948.77,2025-05-14 06:34:11.000000,0,CLEAN
TXN_004224,ACC_0132,ACC_0004,32164.67,2025-05-14 08:03:35.000000,0,CLEAN
TXN_004486,ACC_0350,ACC_0196,26067.28,2025-05-14 08:33:46.000000,0,CLEAN
TXN_002904,ACC_0082,ACC_0132,69840.06,2025-05-14 08:58:33.000000,0,CLEAN
TXN_006201,ACC_0175,ACC_0327,29135.71,2025-05-14 09:27:38.000000,0,CLEAN
TXN_005820,ACC_0424,ACC_0323,230985.25,2025-05-14 09:50:16.000000,0,CLEAN
TXN_002771,ACC_0376,ACC_0159,9804.12,2025-05-14 09:52:08.000000,0,CLEAN
TXN_004845,ACC_0088,ACC_0102,447883.98,2025-05-14 09:55:11.000000,0,CLEAN
TXN_000812,ACC_0494,ACC_0274,292234.35,2025-05-14 09:58:07.000000,0,CLEAN
TXN_020445,ACC_0435,ACC_0418,196538.7,2025-05-14 10:08:01.000000,1,THRESHOLD_SPLIT
TXN_020446,ACC_0435,ACC_0418,197190.77,2025-05-14 10:26:01.000000,1,THRESHOLD_SPLIT
TXN_020448,ACC_0435,ACC_0418,197351.45,2025-05-14 10:44:01.000000,1,THRESHOLD_SPLIT
TXN_004817,ACC_0039,ACC_0108,26087.01,2025-05-14 11:13:11.000000,0,CLEAN
TXN_020447,ACC_0435,ACC_0418,195989.65,2025-05-14 11:32:01.000000,1,THRESHOLD_SPLIT
TXN_000338,ACC_0285,ACC_0298,158972.04,2025-05-14 12:44:54.000000,0,CLEAN
TXN_020295,ACC_0116,ACC_0292,196217.33,2025-05-14 13:23:04.000000,1,THRESHOLD_SPLIT
TXN_002673,ACC_0251,ACC_0465,116313.2,2025-05-14 13:34:53.000000,0,CLEAN
TXN_020297,ACC_0116,ACC_0292,199137.06,2025-05-14 13:57:04.000000,1,THRESHOLD_SPLIT
TXN_020296,ACC_0116,ACC_0292,198793.51,2025-05-14 13:57:04.000000,1,THRESHOLD_SPLIT
TXN_002847,ACC_0043,ACC_0467,394696.78,2025-05-14 14:16:18.000000,0,CLEAN
TXN_001937,ACC_0183,ACC_0040,125375.78,2025-05-14 14:58:14.000000,0,CLEAN
TXN_004918,ACC_0002,ACC_0479,15437.1,2025-05-14 15:26:12.000000,0,CLEAN
TXN_010341,ACC_0376,ACC_0285,994859.74,2025-05-14 15:32:58.557566,1,SHELL_LAYERING
TXN_004871,ACC_0004,ACC_0164,6711.78,2025-05-14 15:40:30.000000,0,CLEAN
TXN_003930,ACC_0250,ACC_0326,2510.56,2025-05-14 16:35:35.000000,0,CLEAN
TXN_001915,ACC_0070,ACC_0159,54570.19,2025-05-14 16:47:31.000000,0,CLEAN
TXN_004738,ACC_0432,ACC_0337,47565.91,2025-05-14 16:52:43.000000,0,CLEAN
TXN_004697,ACC_0243,ACC_0275,21909.1,2025-05-14 18:10:57.000000,0,CLEAN
TXN_002386,ACC_0054,ACC_0323,16491.96,2025-05-14 18:14:20.000000,0,CLEAN
TXN_000889,ACC_0383,ACC_0426,11729.63,2025-05-14 18:16:34.000000,0,CLEAN
TXN_005982,ACC_0140,ACC_0383,9613.65,2025-05-14 18:20:08.000000,0,CLEAN
TXN_005958,ACC_0497,ACC_0234,12741.34,2025-05-14 18:56:06.000000,0,CLEAN
TXN_005650,ACC_0018,ACC_0165,620504.19,2025-05-14 18:57:41.000000,0,CLEAN
TXN_003731,ACC_0016,ACC_0424,277439.84,2025-05-14 19:05:13.000000,0,CLEAN
TXN_000425,ACC_0377,ACC_0301,3696.79,2025-05-14 19:35:43.000000,0,CLEAN
TXN_002372,ACC_0196,ACC_0489,1586.78,2025-05-14 20:11:25.000000,0,CLEAN
TXN_000245,ACC_0071,ACC_0405,12226.78,2025-05-14 20:25:11.000000,0,CLEAN
TXN_006262,ACC_0418,ACC_0149,56717.66,2025-05-14 21:37:47.000000,0,CLEAN
TXN_001809,ACC_0422,ACC_0461,137514.29,2025-05-14 21:44:45.000000,0,CLEAN
TXN_002710,ACC_0286,ACC_0315,214323.21,2025-05-14 22:00:54.000000,0,CLEAN
TXN_001795,ACC_0420,ACC_0483,79520.58,2025-05-14 22:19:27.000000,0,CLEAN
TXN_005451,ACC_0220,ACC_0012,37724.99,2025-05-14 23:51:00.000000,0,CLEAN
TXN_040132,ACC_0231,ACC_0071,2507175.14,2025-05-15 00:00:00.000000,1,DORMANT_REACTIVATION
TXN_040247,ACC_0175,ACC_0209,615301.45,2025-05-15 00:00:00.000000,1,DORMANT_REACTIVATION
TXN_040098,ACC_0101,ACC_0045,1759251.14,2025-05-15 00:00:00.000000,1,DORMANT_REACTIVATION
TXN_040181,ACC_0056,ACC_0096,1508197.96,2025-05-15 00:00:00.000000,1,DORMANT_REACTIVATION
TXN_040219,ACC_0304,ACC_0055,1848073.32,2025-05-15 00:00:00.000000,1,DORMANT_REACTIVATION
TXN_040045,ACC_0253,ACC_0067,2277670.48,2025-05-15 00:00:00.000000,1,DORMANT_REACTIVATION
TXN_040020,ACC_0231,ACC_0299,2500928.97,2025-05-15 00:00:00.000000,1,DORMANT_REACTIVATION
TXN_002247,ACC_0246,ACC_0493,6460.61,2025-05-15 01:57:01.000000,0,CLEAN
TXN_000852,ACC_0450,ACC_0169,81813.22,2025-05-15 02:01:38.000000,0,CLEAN
TXN_001172,ACC_0429,ACC_0031,20178.29,2025-05-15 02:24:18.000000,0,CLEAN
TXN_002953,ACC_0481,ACC_0027,15663.5,2025-05-15 02:48:48.000000,0,CLEAN
TXN_002532,ACC_0197,ACC_0458,71701.22,2025-05-15 03:07:52.000000,0,CLEAN
TXN_001700,ACC_0297,ACC_0402,543900.8,2025-05-15 03:08:05.000000,0,CLEAN
TXN_002728,ACC_0040,ACC_0218,116894.08,2025-05-15 03:26:45.000000,0,CLEAN
TXN_002718,ACC_0178,ACC_0159,12052.71,2025-05-15 04:31:46.000000,0,CLEAN
TXN_004836,ACC_0042,ACC_0373,16834.72,2025-05-15 07:05:51.000000,0,CLEAN
TXN_003165,ACC_0244,ACC_0235,5503.82,2025-05-15 08:03:02.000000,0,CLEAN
TXN_003468,ACC_0008,ACC_0468,746322.18,2025-05-15 08:13:54.000000,0,CLEAN
TXN_004475,ACC_0028,ACC_0279,4625.07,2025-05-15 09:08:44.000000,0,CLEAN
TXN_000229,ACC_0461,ACC_0444,11299.83,2025-05-15 10:17:40.000000,0,CLEAN
TXN_000044,ACC_0334,ACC_0184,891.17,2025-05-15 12:32:08.000000,0,CLEAN
TXN_000313,ACC_0149,ACC_0426,48768.12,2025-05-15 12:50:47.000000,0,CLEAN
TXN_003511,ACC_0347,ACC_0011,4410.11,2025-05-15 13:32:52.000000,0,CLEAN
TXN_000755,ACC_0107,ACC_0128,5916.73,2025-05-15 14:26:04.000000,0,CLEAN
TXN_003601,ACC_0327,ACC_0114,11290.81,2025-05-15 14:38:31.000000,0,CLEAN
TXN_000391,ACC_0325,ACC_0275,77723.35,2025-05-15 15:37:53.000000,0,CLEAN
TXN_004527,ACC_0295,ACC_0398,18762.42,2025-05-15 15:56:21.000000,0,CLEAN
TXN_006457,ACC_0276,ACC_0117,545323.06,2025-05-15 16:51:06.000000,0,CLEAN
TXN_001863,ACC_0007,ACC_0176,192727.5,2025-05-15 17:19:12.000000,0,CLEAN
TXN_004394,ACC_0031,ACC_0407,7358.93,2025-05-15 17:21:28.000000,0,CLEAN
TXN_001652,ACC_0313,ACC_0414,37471.27,2025-05-15 17:55:22.000000,0,CLEAN
TXN_005690,ACC_0096,ACC_0103,184333.13,2025-05-15 18:29:05.000000,0,CLEAN
TXN_002178,ACC_0106,ACC_0417,41898.96,2025-05-15 18:33:12.000000,0,CLEAN
TXN_002181,ACC_0175,ACC_0279,23084.85,2025-05-15 18:53:41.000000,0,CLEAN
TXN_005978,ACC_0406,ACC_0124,25183.83,2025-05-15 19:28:21.000000,0,CLEAN
TXN_001157,ACC_0257,ACC_0278,262077.7,2025-05-15 19:43:41.000000,0,CLEAN
TXN_003633,ACC_0272,ACC_0193,244712.33,2025-05-15 19:55:25.000000,0,CLEAN
TXN_003785,ACC_0037,ACC_0328,49259.32,2025-05-15 20:32:16.000000,0,CLEAN
TXN_004188,ACC_0217,ACC_0482,4165.51,2025-05-15 20:40:34.000000,0,CLEAN
TXN_002036,ACC_0068,ACC_0062,156956.67,2025-05-15 21:09:40.000000,0,CLEAN
TXN_003592,ACC_0341,ACC_0243,30631.34,2025-05-15 21:55:00.000000,0,CLEAN
TXN_030186,ACC_0310,ACC_0341,18919.67,2025-05-15 22:40:34.000000,1,VELOCITY_BURST
TXN_030183,ACC_0310,ACC_0201,36754.58,2025-05-15 22:42:34.000000,1,VELOCITY_BURST
TXN_030187,ACC_0310,ACC_0083,14474.63,2025-05-15 22:44:34.000000,1,VELOCITY_BURST
TXN_030180,ACC_0310,ACC_0353,26269.71,2025-05-15 22:44:34.000000,1,VELOCITY_BURST
TXN_030181,ACC_0310,ACC_0145,21143.84,2025-05-15 22:46:34.000000,1,VELOCITY_BURST
TXN_030182,ACC_0310,ACC_0016,18787.94,2025-05-15 22:50:34.000000,1,VELOCITY_BURST
TXN_030185,ACC_0310,ACC_0173,15580.63,2025-05-15 22:57:34.000000,1,VELOCITY_BURST
TXN_030184,ACC_0310,ACC_0437,23808.63,2025-05-15 22:59:34.000000,1,VELOCITY_BURST
TXN_002783,ACC_0202,ACC_0206,135223.4,2025-05-15 23:06:27.000000,0,CLEAN
TXN_040259,ACC_0392,ACC_0326,2879837.87,2025-05-16 00:00:00.000000,1,DORMANT_REACTIVATION
TXN_040200,ACC_0072,ACC_0311,2938975.65,2025-05-16 00:00:00.000000,1,DORMANT_REACTIVATION
TXN_040081,ACC_0371,ACC_0182,1678459.58,2025-05-16 00:00:00.000000,1,DORMANT_REACTIVATION
TXN_040286,ACC_0298,ACC_0204,1853670.21,2025-05-16 00:00:00.000000,1,DORMANT_REACTIVATION
TXN_000298,ACC_0308,ACC_0486,37891.33,2025-05-16 00:17:49.000000,0,CLEAN
TXN_002233,ACC_0457,ACC_0403,9703.85,2025-05-16 00:45:16.000000,0,CLEAN
TXN_005756,ACC_0203,ACC_0022,292040.04,2025-05-16 01:15:38.000000,0,CLEAN
TXN_000159,ACC_0468,ACC_0124,29244.87,2025-05-16 01:51:12.000000,0,CLEAN
TXN_002337,ACC_0458,ACC_0056,416207.15,2025-05-16 01:58:51.000000,0,CLEAN
TXN_002854,ACC_0136,ACC_0010,14902.48,2025-05-16 03:24:05.000000,0,CLEAN
TXN_003175,ACC_0417,ACC_0008,40510.28,2025-05-16 03:44:46.000000,0,CLEAN
TXN_001978,ACC_0480,ACC_0457,4876.05,2025-05-16 04:07:37.000000,0,CLEAN
TXN_001181,ACC_0407,ACC_0409,35021.12,2025-05-16 04:11:38.000000,0,CLEAN
TXN_001054,ACC_0057,ACC_0068,25855.58,2025-05-16 04:23:12.000000,0,CLEAN
TXN_003878,ACC_0410,ACC_0351,56552.23,2025-05-16 04:53:27.000000,0,CLEAN
TXN_003473,ACC_0284,ACC_0459,41359.05,2025-05-16 05:52:42.000000,0,CLEAN
TXN_002514,ACC_0414,ACC_0408,15132.51,2025-05-16 06:38:26.000000,0,CLEAN
TXN_004698,ACC_0401,ACC_0082,10202.1,2025-05-16 06:48:40.000000,0,CLEAN
TXN_004391,ACC_0306,ACC_0140,5831.76,2025-05-16 06:53:10.000000,0,CLEAN
TXN_001421,ACC_0389,ACC_0429,111509.54,2025-05-16 06:53:33.000000,0,CLEAN
TXN_004404,ACC_0111,ACC_0304,95490.09,2025-05-16 06:57:31.000000,0,CLEAN
TXN_000351,ACC_0224,ACC_0370,15784.51,2025-05-16 07:09:07.000000,0,CLEAN
TXN_004191,ACC_0137,ACC_0325,52294.04,2025-05-16 07:20:13.000000,0,CLEAN
TXN_003484,ACC_0393,ACC_0416,52277.59,2025-05-16 08:23:45.000000,0,CLEAN
TXN_000215,ACC_0289,ACC_0124,190032.96,2025-05-16 09:21:24.000000,0,CLEAN
TXN_003299,ACC_0333,ACC_0226,7912.36,2025-05-16 10:27:01.000000,0,CLEAN
TXN_003208,ACC_0177,ACC_0230,68603.6,2025-05-16 10:39:10.000000,0,CLEAN
TXN_005241,ACC_0029,ACC_0280,8193.8,2025-05-16 10:40:08.000000,0,CLEAN
TXN_005815,ACC_0151,ACC_0132,106352.05,2025-05-16 10:51:23.000000,0,CLEAN
TXN_020520,ACC_0014,ACC_0376,197629.16,2025-05-16 10:57:45.000000,1,THRESHOLD_SPLIT
TXN_001623,ACC_0227,ACC_0069,24481.27,2025-05-16 11:09:29.000000,0,CLEAN
TXN_020522,ACC_0014,ACC_0376,197629.16,2025-05-16 11:09:45.000000,1,THRESHOLD_SPLIT
TXN_000705,ACC_0412,ACC_0377,38595.37,2025-05-16 11:10:31.000000,0,CLEAN
TXN_005864,ACC_0305,ACC_0495,292255.29,2025-05-16 11:11:54.000000,0,CLEAN
TXN_005150,ACC_0200,ACC_0197,27884.64,2025-05-16 11:17:50.000000,0,CLEAN
TXN_020521,ACC_0014,ACC_0376,197629.16,2025-05-16 11:24:45.000000,1,THRESHOLD_SPLIT
TXN_001826,ACC_0167,ACC_0258,7061.75,2025-05-16 11:50:15.000000,0,CLEAN
TXN_005180,ACC_0132,ACC_0066,8718.68,2025-05-16 11:50:16.000000,0,CLEAN
TXN_004252,ACC_0454,ACC_0272,25492.13,2025-05-16 12:21:56.000000,0,CLEAN
TXN_020523,ACC_0014,ACC_0376,197494.31,2025-05-16 12:36:45.000000,1,THRESHOLD_SPLIT
TXN_003705,ACC_0219,ACC_0395,14193.33,2025-05-16 12:38:31.000000,0,CLEAN
TXN_003775,ACC_0469,ACC_0034,31197.05,2025-05-16 13:07:14.000000,0,CLEAN
TXN_001540,ACC_0499,ACC_0061,12809.35,2025-05-16 14:03:19.000000,0,CLEAN
TXN_002977,ACC_0422,ACC_0082,1543.07,2025-05-16 15:09:46.000000,0,CLEAN
TXN_004556,ACC_0383,ACC_0270,105243.16,2025-05-16 15:32:37.000000,0,CLEAN
TXN_003770,ACC_0048,ACC_0202,29786.04,2025-05-16 15:55:13.000000,0,CLEAN
TXN_005201,ACC_0164,ACC_0055,26219.58,2025-05-16 16:17:52.000000,0,CLEAN
TXN_004005,ACC_0143,ACC_0487,64158.26,2025-05-16 18:48:33.000000,0,CLEAN
TXN_004728,ACC_0444,ACC_0063,89350.26,2025-05-16 19:03:14.000000,0,CLEAN
TXN_002144,ACC_0428,ACC_0353,7083.69,2025-05-16 19:16:46.000000,0,CLEAN
TXN_004020,ACC_0337,ACC_0439,17473.52,2025-05-16 19:54:18.000000,0,CLEAN
TXN_002160,ACC_0200,ACC_0093,6226.74,2025-05-16 20:26:25.000000,0,CLEAN
TXN_004656,ACC_0404,ACC_0125,44624.07,2025-05-16 21:02:57.000000,0,CLEAN
TXN_002026,ACC_0338,ACC_0355,68196.04,2025-05-16 21:31:21.000000,0,CLEAN
TXN_004344,ACC_0268,ACC_0156,208888.48,2025-05-16 22:58:36.000000,0,CLEAN
TXN_003295,ACC_0471,ACC_0075,22283.09,2025-05-16 23:36:41.000000,0,CLEAN
TXN_003761,ACC_0233,ACC_0177,23619.04,2025-05-16 23:42:41.000000,0,CLEAN
TXN_040166,ACC_0031,ACC_0134,2063946.02,2025-05-17 00:00:00.000000,1,DORMANT_REACTIVATION
TXN_040071,ACC_0101,ACC_0124,2746939.17,2025-05-17 00:00:00.000000,1,DORMANT_REACTIVATION
TXN_040253,ACC_0041,ACC_0366,2988408.8,2025-05-17 00:00:00.000000,1,DORMANT_REACTIVATION
TXN_040129,ACC_0371,ACC_0268,1843916.17,2025-05-17 00:00:00.000000,1,DORMANT_REACTIVATION
TXN_040018,ACC_0101,ACC_0186,783435.45,2025-05-17 00:00:00.000000,1,DORMANT_REACTIVATION
TXN_040225,ACC_0371,ACC_0214,691861.56,2025-05-17 00:00:00.000000,1,DORMANT_REACTIVATION
TXN_040213,ACC_0481,ACC_0326,2257096.51,2025-05-17 00:00:00.000000,1,DORMANT_REACTIVATION
TXN_004996,ACC_0257,ACC_0465,29946.88,2025-05-17 00:25:57.000000,0,CLEAN
TXN_000707,ACC_0014,ACC_0361,13435.4,2025-05-17 00:50:59.000000,0,CLEAN
TXN_001604,ACC_0481,ACC_0380,6099.01,2025-05-17 01:29:03.000000,0,CLEAN
TXN_000628,ACC_0410,ACC_0201,32984.48,2025-05-17 01:37:04.000000,0,CLEAN
TXN_004334,ACC_0414,ACC_0052,2065.29,2025-05-17 03:34:20.000000,0,CLEAN
TXN_006353,ACC_0153,ACC_0117,2728.05,2025-05-17 03:53:37.000000,0,CLEAN
TXN_003007,ACC_0101,ACC_0135,33139.93,2025-05-17 04:06:49.000000,0,CLEAN
TXN_002409,ACC_0023,ACC_0125,239359.96,2025-05-17 04:16:48.000000,0,CLEAN
TXN_001748,ACC_0269,ACC_0320,27345.83,2025-05-17 04:21:36.000000,0,CLEAN
TXN_004546,ACC_0190,ACC_0027,1616.91,2025-05-17 04:46:08.000000,0,CLEAN
TXN_005689,ACC_0002,ACC_0160,247177.69,2025-05-17 05:03:43.000000,0,CLEAN
TXN_000538,ACC_0212,ACC_0217,50852.15,2025-05-17 06:40:28.000000,0,CLEAN
TXN_005047,ACC_0296,ACC_0266,73384.43,2025-05-17 06:47:28.000000,0,CLEAN
TXN_000740,ACC_0000,ACC_0486,20564.23,2025-05-17 07:35:47.000000,0,CLEAN
TXN_005824,ACC_0291,ACC_0107,17372.73,2025-05-17 08:25:50.000000,0,CLEAN
TXN_004672,ACC_0248,ACC_0108,19497.85,2025-05-17 08:54:45.000000,0,CLEAN
TXN_004256,ACC_0365,ACC_0217,3843.4,2025-05-17 10:18:52.000000,0,CLEAN
TXN_004603,ACC_0498,ACC_0066,40830.17,2025-05-17 10:37:05.000000,0,CLEAN
TXN_002551,ACC_0297,ACC_0447,12529.47,2025-05-17 11:29:19.000000,0,CLEAN
TXN_000222,ACC_0326,ACC_0004,4806.49,2025-05-17 11:29:44.000000,0,CLEAN
TXN_020255,ACC_0474,ACC_0292,197506.21,2025-05-17 11:58:12.000000,1,THRESHOLD_SPLIT
TXN_020256,ACC_0474,ACC_0292,196393.71,2025-05-17 12:06:12.000000,1,THRESHOLD_SPLIT
TXN_020257,ACC_0474,ACC_0292,198496.07,2025-05-17 12:18:12.000000,1,THRESHOLD_SPLIT
TXN_005254,ACC_0463,ACC_0312,27073.81,2025-05-17 12:38:26.000000,0,CLEAN
TXN_002885,ACC_0009,ACC_0322,15585.23,2025-05-17 13:45:46.000000,0,CLEAN
TXN_005611,ACC_0258,ACC_0370,5443.15,2025-05-17 14:29:50.000000,0,CLEAN
TXN_010342,ACC_0285,ACC_0292,965632.49,2025-05-17 14:54:36.500866,1,SHELL_LAYERING
TXN_004758,ACC_0420,ACC_0330,3163.68,2025-05-17 16:06:31.000000,0,CLEAN
TXN_004543,ACC_0492,ACC_0356,10729.63,2025-05-17 16:42:16.000000,0,CLEAN
TXN_000433,ACC_0086,ACC_0166,1341.83,2025-05-17 17:07:42.000000,0,CLEAN
TXN_006272,ACC_0346,ACC_0498,1304.55,2025-05-17 17:09:31.000000,0,CLEAN
TXN_001959,ACC_0328,ACC_0449,73718.08,2025-05-17 17:24:08.000000,0,CLEAN
TXN_001068,ACC_0160,ACC_0006,3484.85,2025-05-17 19:31:32.000000,0,CLEAN
TXN_001191,ACC_0466,ACC_0324,17812.3,2025-05-17 19:48:34.000000,0,CLEAN
TXN_003856,ACC_0257,ACC_0301,51049.54,2025-05-17 19:48:35.000000,0,CLEAN
TXN_000722,ACC_0075,ACC_0301,93963.84,2025-05-17 20:07:22.000000,0,CLEAN
TXN_002766,ACC_0390,ACC_0184,9725.59,2025-05-17 20:17:02.000000,0,CLEAN
TXN_000367,ACC_0199,ACC_0002,59975.13,2025-05-17 20:18:21.000000,0,CLEAN
TXN_005561,ACC_0356,ACC_0203,107330.75,2025-05-17 20:41:37.000000,0,CLEAN
TXN_002245,ACC_0290,ACC_0247,23273.92,2025-05-17 20:59:26.000000,0,CLEAN
TXN_005524,ACC_0221,ACC_0051,22547.03,2025-05-17 22:01:16.000000,0,CLEAN
TXN_004421,ACC_0166,ACC_0042,57403.74,2025-05-17 23:41:23.000000,0,CLEAN
TXN_005307,ACC_0461,ACC_0210,21130.78,2025-05-17 23:52:33.000000,0,CLEAN
TXN_040094,ACC_0253,ACC_0022,1690031.17,2025-05-18 00:00:00.000000,1,DORMANT_REACTIVATION
TXN_040047,ACC_0421,ACC_0068,2913049.74,2025-05-18 00:00:00.000000,1,DORMANT_REACTIVATION
TXN_040115,ACC_0243,ACC_0359,2531498.87,2025-05-18 00:00:00.000000,1,DORMANT_REACTIVATION
TXN_040154,ACC_0098,ACC_0186,2309748.07,2025-05-18 00:00:00.000000,1,DORMANT_REACTIVATION
TXN_040156,ACC_0253,ACC_0211,873182.65,2025-05-18 00:00:00.000000,1,DORMANT_REACTIVATION
TXN_040163,ACC_0206,ACC_0064,661286.3,2025-05-18 00:00:00.000000,1,DORMANT_REACTIVATION
TXN_040055,ACC_0253,ACC_0250,1722283.78,2025-05-18 00:00:00.000000,1,DORMANT_REACTIVATION
TXN_040077,ACC_0465,ACC_0128,2240067.34,2025-05-18 00:00:00.000000,1,DORMANT_REACTIVATION
TXN_002300,ACC_0194,ACC_0350,47846.43,2025-05-18 00:22:14.000000,0,CLEAN
TXN_005767,ACC_0365,ACC_0078,155306.34,2025-05-18 00:31:07.000000,0,CLEAN
TXN_004993,ACC_0326,ACC_0147,825703.05,2025-05-18 01:30:54.000000,0,CLEAN
TXN_003070,ACC_0133,ACC_0083,23243.4,2025-05-18 02:01:31.000000,0,CLEAN
TXN_000381,ACC_0416,ACC_0344,16378.04,2025-05-18 02:08:39.000000,0,CLEAN
TXN_003945,ACC_0196,ACC_0204,11590.8,2025-05-18 02:31:25.000000,0,CLEAN
TXN_005886,ACC_0425,ACC_0237,35010.46,2025-05-18 03:14:34.000000,0,CLEAN
TXN_005165,ACC_0178,ACC_0463,4211.69,2025-05-18 03:14:42.000000,0,CLEAN
TXN_005728,ACC_0396,ACC_0197,125993.51,2025-05-18 03:20:18.000000,0,CLEAN
TXN_005509,ACC_0056,ACC_0367,10346.1,2025-05-18 03:42:00.000000,0,CLEAN
TXN_004080,ACC_0140,ACC_0435,49722.12,2025-05-18 04:37:56.000000,0,CLEAN
TXN_001453,ACC_0356,ACC_0350,13620.76,2025-05-18 05:52:47.000000,0,CLEAN
TXN_002044,ACC_0478,ACC_0403,1383427.58,2025-05-18 05:57:10.000000,0,CLEAN
TXN_003496,ACC_0463,ACC_0360,1608.86,2025-05-18 06:42:34.000000,0,CLEAN
TXN_004469,ACC_0173,ACC_0437,320979.75,2025-05-18 08:58:58.000000,0,CLEAN
TXN_005935,ACC_0172,ACC_0486,22262.29,2025-05-18 09:29:26.000000,0,CLEAN
TXN_002366,ACC_0001,ACC_0264,10322.91,2025-05-18 09:40:52.000000,0,CLEAN
TXN_002331,ACC_0326,ACC_0062,9075.2,2025-05-18 11:52:08.000000,0,CLEAN
TXN_004409,ACC_0112,ACC_0152,10558.62,2025-05-18 12:42:22.000000,0,CLEAN
TXN_006472,ACC_0038,ACC_0129,639222.71,2025-05-18 13:06:30.000000,0,CLEAN
TXN_000311,ACC_0236,ACC_0483,18777.29,2025-05-18 13:13:47.000000,0,CLEAN
TXN_006525,ACC_0399,ACC_0424,66118.51,2025-05-18 13:59:05.000000,0,CLEAN
TXN_005657,ACC_0164,ACC_0237,9163.39,2025-05-18 15:33:54.000000,0,CLEAN
TXN_005993,ACC_0115,ACC_0009,98254.71,2025-05-18 16:13:08.000000,0,CLEAN
TXN_006102,ACC_0234,ACC_0461,142761.47,2025-05-18 16:33:56.000000,0,CLEAN
TXN_003790,ACC_0128,ACC_0058,77879.07,2025-05-18 16:38:37.000000,0,CLEAN
TXN_003929,ACC_0178,ACC_0261,17601.84,2025-05-18 16:46:41.000000,0,CLEAN
TXN_004302,ACC_0452,ACC_0445,4477.53,2025-05-18 17:12:07.000000,0,CLEAN
TXN_000904,ACC_0364,ACC_0496,161792.76,2025-05-18 17:53:43.000000,0,CLEAN
TXN_000871,ACC_0033,ACC_0160,473336.92,2025-05-18 18:49:59.000000,0,CLEAN
TXN_004104,ACC_0027,ACC_0436,7057.09,2025-05-18 18:55:03.000000,0,CLEAN
TXN_001885,ACC_0194,ACC_0261,11640.63,2025-05-18 19:23:22.000000,0,CLEAN
TXN_020290,ACC_0360,ACC_0126,190712.93,2025-05-18 19:41:18.000000,1,THRESHOLD_SPLIT
TXN_006504,ACC_0086,ACC_0449,104944.46,2025-05-18 19:43:28.000000,0,CLEAN
TXN_020291,ACC_0360,ACC_0126,190712.93,2025-05-18 20:09:18.000000,1,THRESHOLD_SPLIT
TXN_020292,ACC_0360,ACC_0126,190712.93,2025-05-18 20:41:18.000000,1,THRESHOLD_SPLIT
TXN_005541,ACC_0312,ACC_0106,225871.23,2025-05-18 20:47:44.000000,0,CLEAN
TXN_004782,ACC_0118,ACC_0050,169454.87,2025-05-18 20:57:20.000000,0,CLEAN
TXN_020293,ACC_0360,ACC_0126,190712.93,2025-05-18 21:11:18.000000,1,THRESHOLD_SPLIT
TXN_005023,ACC_0180,ACC_0154,14446.27,2025-05-18 21:34:19.000000,0,CLEAN
TXN_003052,ACC_0045,ACC_0163,61087.65,2025-05-18 22:01:51.000000,0,CLEAN
TXN_001158,ACC_0326,ACC_0165,8023.95,2025-05-18 22:29:01.000000,0,CLEAN
TXN_001155,ACC_0344,ACC_0067,23316.06,2025-05-18 22:41:14.000000,0,CLEAN
TXN_040260,ACC_0182,ACC_0169,1913349.68,2025-05-19 00:00:00.000000,1,DORMANT_REACTIVATION
TXN_040059,ACC_0231,ACC_0211,776041.21,2025-05-19 00:00:00.000000,1,DORMANT_REACTIVATION
TXN_040058,ACC_0072,ACC_0384,1646869.04,2025-05-19 00:00:00.000000,1,DORMANT_REACTIVATION
TXN_040015,ACC_0351,ACC_0208,556830.59,2025-05-19 00:00:00.000000,1,DORMANT_REACTIVATION
TXN_040256,ACC_0392,ACC_0446,2451296.73,2025-05-19 00:00:00.000000,1,DORMANT_REACTIVATION
TXN_040257,ACC_0471,ACC_0045,2722878.46,2025-05-19 00:00:00.000000,1,DORMANT_REACTIVATION
TXN_040274,ACC_0041,ACC_0429,2546932.47,2025-05-19 00:00:00.000000,1,DORMANT_REACTIVATION
TXN_000426,ACC_0179,ACC_0441,15703.16,2025-05-19 00:21:12.000000,0,CLEAN
TXN_003629,ACC_0222,ACC_0450,435527.13,2025-05-19 01:13:49.000000,0,CLEAN
TXN_000919,ACC_0133,ACC_0336,77788.87,2025-05-19 01:56:13.000000,0,CLEAN
TXN_004504,ACC_0415,ACC_0465,109015.31,2025-05-19 02:55:45.000000,0,CLEAN
TXN_005734,ACC_0426,ACC_0142,26038.41,2025-05-19 03:07:13.000000,0,CLEAN
TXN_006265,ACC_0402,ACC_0358,67536.56,2025-05-19 03:22:36.000000,0,CLEAN
TXN_004567,ACC_0232,ACC_0284,404888.69,2025-05-19 03:23:44.000000,0,CLEAN
TXN_004381,ACC_0214,ACC_0282,285178.78,2025-05-19 04:18:39.000000,0,CLEAN
TXN_000615,ACC_0497,ACC_0072,62783.12,2025-05-19 04:32:27.000000,0,CLEAN
TXN_002218,ACC_0320,ACC_0162,14935.05,2025-05-19 05:06:20.000000,0,CLEAN
TXN_002596,ACC_0473,ACC_0082,173266.65,2025-05-19 05:17:06.000000,0,CLEAN
TXN_001999,ACC_0091,ACC_0394,60480.54,2025-05-19 06:22:54.000000,0,CLEAN
TXN_002241,ACC_0374,ACC_0121,72760.81,2025-05-19 06:45:58.000000,0,CLEAN
TXN_000567,ACC_0032,ACC_0135,207158.65,2025-05-19 07:40:00.000000,0,CLEAN
TXN_001890,ACC_0287,ACC_0475,2277.24,2025-05-19 08:20:49.000000,0,CLEAN
TXN_002712,ACC_0433,ACC_0272,442783.48,2025-05-19 08:42:37.000000,0,CLEAN
TXN_005093,ACC_0478,ACC_0350,64471.61,2025-05-19 08:56:59.000000,0,CLEAN
TXN_001982,ACC_0302,ACC_0460,721273.03,2025-05-19 09:07:01.000000,0,CLEAN
TXN_005406,ACC_0401,ACC_0297,27883.76,2025-05-19 10:04:34.000000,0,CLEAN
TXN_006115,ACC_0156,ACC_0244,36222.25,2025-05-19 11:11:17.000000,0,CLEAN
TXN_003418,ACC_0092,ACC_0013,150902.9,2025-05-19 12:13:18.000000,0,CLEAN
TXN_003034,ACC_0351,ACC_0108,842193.65,2025-05-19 12:23:11.000000,0,CLEAN
TXN_003017,ACC_0060,ACC_0115,68637.27,2025-05-19 13:26:52.000000,0,CLEAN
TXN_004144,ACC_0166,ACC_0032,94465.22,2025-05-19 14:24:02.000000,0,CLEAN
TXN_006112,ACC_0288,ACC_0185,5771.75,2025-05-19 14:33:49.000000,0,CLEAN
TXN_020150,ACC_0075,ACC_0124,198748.43,2025-05-19 14:47:59.000000,1,THRESHOLD_SPLIT
TXN_020151,ACC_0075,ACC_0124,195135.63,2025-05-19 15:13:59.000000,1,THRESHOLD_SPLIT
TXN_010460,ACC_0139,ACC_0013,1825614.03,2025-05-19 15:38:32.000000,1,SHELL_LAYERING
TXN_003201,ACC_0249,ACC_0118,320912.93,2025-05-19 16:50:03.000000,0,CLEAN
TXN_004311,ACC_0409,ACC_0349,2056.81,2025-05-19 16:58:37.000000,0,CLEAN
TXN_010461,ACC_0013,ACC_0074,1910416.77,2025-05-19 17:22:30.286451,1,SHELL_LAYERING
TXN_003805,ACC_0091,ACC_0111,3305.0,2025-05-19 17:24:09.000000,0,CLEAN
TXN_004192,ACC_0330,ACC_0098,151290.84,2025-05-19 17:33:17.000000,0,CLEAN
TXN_005381,ACC_0031,ACC_0488,293221.6,2025-05-19 18:02:32.000000,0,CLEAN
TXN_005632,ACC_0390,ACC_0279,598932.89,2025-05-19 18:10:41.000000,0,CLEAN
TXN_003324,ACC_0297,ACC_0289,13290.8,2025-05-19 18:29:49.000000,0,CLEAN
TXN_003329,ACC_0401,ACC_0418,74709.47,2025-05-19 19:27:47.000000,0,CLEAN
TXN_001646,ACC_0127,ACC_0083,3290.0,2025-05-19 19:51:08.000000,0,CLEAN
TXN_005685,ACC_0084,ACC_0269,11811.16,2025-05-19 20:31:15.000000,0,CLEAN
TXN_003215,ACC_0436,ACC_0431,28646.0,2025-05-19 21:04:10.000000,0,CLEAN
TXN_003653,ACC_0355,ACC_0247,11844.45,2025-05-19 23:10:12.000000,0,CLEAN
TXN_002948,ACC_0185,ACC_0244,20301.5,2025-05-19 23:16:10.000000,0,CLEAN
TXN_005404,ACC_0160,ACC_0262,9503.17,2025-05-19 23:43:13.000000,0,CLEAN
TXN_040076,ACC_0212,ACC_0095,771165.59,2025-05-20 00:00:00.000000,1,DORMANT_REACTIVATION
TXN_040023,ACC_0351,ACC_0465,1880916.86,2025-05-20 00:00:00.000000,1,DORMANT_REACTIVATION
TXN_040261,ACC_0041,ACC_0396,1751095.96,2025-05-20 00:00:00.000000,1,DORMANT_REACTIVATION
TXN_040062,ACC_0087,ACC_0301,1636072.64,2025-05-20 00:00:00.000000,1,DORMANT_REACTIVATION
TXN_006113,ACC_0149,ACC_0158,979668.06,2025-05-20 00:02:26.000000,0,CLEAN
TXN_002639,ACC_0203,ACC_0075,24307.45,2025-05-20 00:37:58.000000,0,CLEAN
TXN_003688,ACC_0437,ACC_0385,19439.49,2025-05-20 01:39:56.000000,0,CLEAN
TXN_003810,ACC_0328,ACC_0340,38814.07,2025-05-20 02:42:52.000000,0,CLEAN
TXN_006089,ACC_0186,ACC_0205,54381.07,2025-05-20 03:42:46.000000,0,CLEAN
TXN_004085,ACC_0078,ACC_0424,217438.08,2025-05-20 04:22:23.000000,0,CLEAN
TXN_001249,ACC_0012,ACC_0236,163010.38,2025-05-20 04:50:54.000000,0,CLEAN
TXN_002447,ACC_0305,ACC_0092,408.83,2025-05-20 06:23:18.000000,0,CLEAN
TXN_001371,ACC_0185,ACC_0309,26307.74,2025-05-20 06:52:22.000000,0,CLEAN
TXN_004846,ACC_0433,ACC_0455,24047.75,2025-05-20 07:18:29.000000,0,CLEAN
TXN_004049,ACC_0193,ACC_0467,25678.15,2025-05-20 07:31:31.000000,0,CLEAN
TXN_020010,ACC_0498,ACC_0395,195238.18,2025-05-20 11:18:29.000000,1,THRESHOLD_SPLIT
TXN_020011,ACC_0498,ACC_0395,197778.45,2025-05-20 11:37:29.000000,1,THRESHOLD_SPLIT
TXN_004236,ACC_0266,ACC_0483,11088.65,2025-05-20 12:17:52.000000,0,CLEAN
TXN_003013,ACC_0060,ACC_0007,2640.03,2025-05-20 12:50:29.000000,0,CLEAN
TXN_010462,ACC_0074,ACC_0236,1965099.18,2025-05-20 13:00:32.497542,1,SHELL_LAYERING
TXN_001016,ACC_0053,ACC_0262,351573.69,2025-05-20 13:41:36.000000,0,CLEAN
TXN_000415,ACC_0021,ACC_0390,55189.74,2025-05-20 14:41:26.000000,0,CLEAN
TXN_004039,ACC_0143,ACC_0112,114618.5,2025-05-20 15:35:54.000000,0,CLEAN
TXN_001387,ACC_0009,ACC_0450,68603.0,2025-05-20 17:20:00.000000,0,CLEAN
TXN_002486,ACC_0069,ACC_0235,30210.25,2025-05-20 18:36:36.000000,0,CLEAN
TXN_005286,ACC_0007,ACC_0448,30931.88,2025-05-20 18:38:10.000000,0,CLEAN
TXN_001955,ACC_0422,ACC_0194,338023.0,2025-05-20 20:22:46.000000,0,CLEAN
TXN_001259,ACC_0003,ACC_0329,261025.06,2025-05-20 20:46:28.000000,0,CLEAN
TXN_000757,ACC_0402,ACC_0055,68086.11,2025-05-20 21:22:14.000000,0,CLEAN
TXN_001556,ACC_0416,ACC_0051,17777.14,2025-05-20 23:14:36.000000,0,CLEAN
TXN_000287,ACC_0483,ACC_0126,72313.79,2025-05-20 23:38:05.000000,0,CLEAN
TXN_040074,ACC_0031,ACC_0077,2896553.79,2025-05-21 00:00:00.000000,1,DORMANT_REACTIVATION
TXN_040271,ACC_0243,ACC_0267,2016827.68,2025-05-21 00:00:00.000000,1,DORMANT_REACTIVATION
TXN_040202,ACC_0231,ACC_0068,1512486.27,2025-05-21 00:00:00.000000,1,DORMANT_REACTIVATION
TXN_001733,ACC_0122,ACC_0165,138537.46,2025-05-21 00:07:12.000000,0,CLEAN
TXN_002398,ACC_0172,ACC_0404,23595.91,2025-05-21 00:09:33.000000,0,CLEAN
TXN_006124,ACC_0132,ACC_0187,13605.1,2025-05-21 00:45:10.000000,0,CLEAN
TXN_000513,ACC_0307,ACC_0308,12915.95,2025-05-21 00:56:26.000000,0,CLEAN
TXN_003522,ACC_0022,ACC_0453,2258.0,2025-05-21 01:07:48.000000,0,CLEAN
TXN_005341,ACC_0283,ACC_0198,6033.99,2025-05-21 01:29:15.000000,0,CLEAN
TXN_002228,ACC_0008,ACC_0074,11923.59,2025-05-21 01:41:04.000000,0,CLEAN
TXN_002472,ACC_0458,ACC_0120,4663.53,2025-05-21 01:58:55.000000,0,CLEAN
TXN_006470,ACC_0164,ACC_0069,7338.96,2025-05-21 02:39:20.000000,0,CLEAN
TXN_001117,ACC_0367,ACC_0381,11758.29,2025-05-21 02:42:32.000000,0,CLEAN
TXN_003891,ACC_0159,ACC_0084,124229.74,2025-05-21 03:14:36.000000,0,CLEAN
TXN_002767,ACC_0147,ACC_0286,20598.8,2025-05-21 05:24:01.000000,0,CLEAN
TXN_000203,ACC_0008,ACC_0272,4390.98,2025-05-21 05:39:43.000000,0,CLEAN
TXN_003928,ACC_0467,ACC_0384,42350.14,2025-05-21 05:54:25.000000,0,CLEAN
TXN_002916,ACC_0436,ACC_0021,128168.58,2025-05-21 06:58:22.000000,0,CLEAN
TXN_004432,ACC_0298,ACC_0054,362842.14,2025-05-21 07:34:13.000000,0,CLEAN
TXN_004703,ACC_0101,ACC_0039,115396.04,2025-05-21 08:08:11.000000,0,CLEAN
TXN_000042,ACC_0154,ACC_0299,80394.92,2025-05-21 08:52:36.000000,0,CLEAN
TXN_003217,ACC_0452,ACC_0150,1157617.27,2025-05-21 09:24:03.000000,0,CLEAN
TXN_000010,ACC_0273,ACC_0379,54485.25,2025-05-21 09:58:21.000000,0,CLEAN
TXN_000182,ACC_0250,ACC_0495,16534.75,2025-05-21 12:01:27.000000,0,CLEAN
TXN_005468,ACC_0375,ACC_0093,60290.71,2025-05-21 12:43:16.000000,0,CLEAN
TXN_001230,ACC_0131,ACC_0277,25972.69,2025-05-21 13:58:15.000000,0,CLEAN
TXN_003824,ACC_0340,ACC_0085,11570.58,2025-05-21 14:08:17.000000,0,CLEAN
TXN_006515,ACC_0143,ACC_0432,66651.65,2025-05-21 14:19:42.000000,0,CLEAN
TXN_004915,ACC_0045,ACC_0098,95501.11,2025-05-21 14:35:14.000000,0,CLEAN
TXN_004913,ACC_0441,ACC_0352,135166.27,2025-05-21 15:15:55.000000,0,CLEAN
TXN_010464,ACC_0218,ACC_0378,1787005.56,2025-05-21 16:50:06.182193,1,SHELL_LAYERING
TXN_003198,ACC_0262,ACC_0303,147221.29,2025-05-21 16:56:48.000000,0,CLEAN
TXN_000277,ACC_0398,ACC_0043,25052.33,2025-05-21 18:01:01.000000,0,CLEAN
TXN_004050,ACC_0380,ACC_0376,293540.79,2025-05-21 18:52:32.000000,0,CLEAN
TXN_001764,ACC_0049,ACC_0052,100742.61,2025-05-21 19:32:46.000000,0,CLEAN
TXN_004001,ACC_0357,ACC_0205,4775.42,2025-05-21 19:46:15.000000,0,CLEAN
TXN_003917,ACC_0256,ACC_0374,1950.14,2025-05-21 20:21:16.000000,0,CLEAN
TXN_002754,ACC_0002,ACC_0499,63034.01,2025-05-21 20:22:22.000000,0,CLEAN
TXN_004377,ACC_0175,ACC_0154,69447.41,2025-05-21 20:22:44.000000,0,CLEAN
TXN_005967,ACC_0195,ACC_0263,17597.71,2025-05-21 20:36:16.000000,0,CLEAN
TXN_001782,ACC_0220,ACC_0423,217763.33,2025-05-21 22:47:18.000000,0,CLEAN
TXN_004314,ACC_0204,ACC_0257,57585.06,2025-05-21 23:22:47.000000,0,CLEAN
TXN_006085,ACC_0246,ACC_0424,42417.12,2025-05-21 23:33:11.000000,0,CLEAN
TXN_040212,ACC_0031,ACC_0126,2220991.74,2025-05-22 00:00:00.000000,1,DORMANT_REACTIVATION
TXN_040220,ACC_0243,ACC_0203,1824721.3,2025-05-22 00:00:00.000000,1,DORMANT_REACTIVATION
TXN_040091,ACC_0469,ACC_0457,1022711.09,2025-05-22 00:00:00.000000,1,DORMANT_REACTIVATION
TXN_040224,ACC_0087,ACC_0123,1628229.84,2025-05-22 00:00:00.000000,1,DORMANT_REACTIVATION
TXN_040153,ACC_0253,ACC_0193,1363380.41,2025-05-22 00:00:00.000000,1,DORMANT_REACTIVATION
TXN_040097,ACC_0231,ACC_0408,1529522.49,2025-05-22 00:00:00.000000,1,DORMANT_REACTIVATION
TXN_040189,ACC_0206,ACC_0426,2955749.85,2025-05-22 00:00:00.000000,1,DORMANT_REACTIVATION
TXN_020580,ACC_0367,ACC_0418,197920.9,2025-05-22 00:30:00.000000,1,THRESHOLD_SPLIT
TXN_005409,ACC_0016,ACC_0337,9395.03,2025-05-22 00:36:56.000000,0,CLEAN
TXN_004801,ACC_0430,ACC_0125,22719.92,2025-05-22 00:51:43.000000,0,CLEAN
TXN_020581,ACC_0367,ACC_0418,197613.56,2025-05-22 01:08:00.000000,1,THRESHOLD_SPLIT
TXN_003314,ACC_0396,ACC_0155,5449.35,2025-05-22 01:46:42.000000,0,CLEAN
TXN_020582,ACC_0367,ACC_0418,198165.72,2025-05-22 01:56:00.000000,1,THRESHOLD_SPLIT
TXN_004512,ACC_0218,ACC_0492,36797.14,2025-05-22 02:42:12.000000,0,CLEAN
TXN_006221,ACC_0156,ACC_0171,185270.29,2025-05-22 02:42:44.000000,0,CLEAN
TXN_001991,ACC_0362,ACC_0196,12905.49,2025-05-22 03:28:39.000000,0,CLEAN
TXN_001924,ACC_0450,ACC_0074,3653.13,2025-05-22 04:26:10.000000,0,CLEAN
TXN_001665,ACC_0366,ACC_0224,7921.68,2025-05-22 04:33:52.000000,0,CLEAN
TXN_000310,ACC_0281,ACC_0013,27438.23,2025-05-22 05:03:35.000000,0,CLEAN
TXN_000611,ACC_0434,ACC_0377,50319.57,2025-05-22 05:04:03.000000,0,CLEAN
TXN_003644,ACC_0250,ACC_0107,3720.58,2025-05-22 05:27:24.000000,0,CLEAN
TXN_001321,ACC_0320,ACC_0039,40752.72,2025-05-22 06:02:52.000000,0,CLEAN
TXN_002358,ACC_0036,ACC_0293,213115.13,2025-05-22 06:36:22.000000,0,CLEAN
TXN_005630,ACC_0008,ACC_0255,57121.81,2025-05-22 06:39:48.000000,0,CLEAN
TXN_001602,ACC_0011,ACC_0065,9852.75,2025-05-22 07:39:55.000000,0,CLEAN
TXN_005192,ACC_0450,ACC_0089,59722.94,2025-05-22 09:29:10.000000,0,CLEAN
TXN_005995,ACC_0313,ACC_0147,64352.97,2025-05-22 09:29:24.000000,0,CLEAN
TXN_004210,ACC_0089,ACC_0270,14580.99,2025-05-22 10:15:06.000000,0,CLEAN
TXN_002619,ACC_0409,ACC_0289,435004.07,2025-05-22 11:15:36.000000,0,CLEAN
TXN_000863,ACC_0164,ACC_0137,8437.12,2025-05-22 12:27:05.000000,0,CLEAN
TXN_000739,ACC_0065,ACC_0091,417731.82,2025-05-22 12:35:54.000000,0,CLEAN
TXN_005338,ACC_0218,ACC_0401,5758.77,2025-05-22 14:26:24.000000,0,CLEAN
TXN_000087,ACC_0392,ACC_0328,10150.05,2025-05-22 14:44:07.000000,0,CLEAN
TXN_001904,ACC_0070,ACC_0044,446939.33,2025-05-22 17:31:56.000000,0,CLEAN
TXN_004242,ACC_0040,ACC_0039,36403.8,2025-05-22 17:49:39.000000,0,CLEAN
TXN_000782,ACC_0369,ACC_0474,105046.99,2025-05-22 17:55:31.000000,0,CLEAN
TXN_000508,ACC_0063,ACC_0302,175313.15,2025-05-22 18:05:21.000000,0,CLEAN
TXN_006406,ACC_0128,ACC_0094,6335.5,2025-05-22 18:11:15.000000,0,CLEAN
TXN_000346,ACC_0059,ACC_0426,56036.19,2025-05-22 18:44:56.000000,0,CLEAN
TXN_002248,ACC_0040,ACC_0073,64827.49,2025-05-22 18:54:39.000000,0,CLEAN
TXN_004427,ACC_0182,ACC_0112,51939.37,2025-05-22 20:16:04.000000,0,CLEAN
TXN_004249,ACC_0346,ACC_0260,42054.43,2025-05-22 21:45:45.000000,0,CLEAN
TXN_004935,ACC_0164,ACC_0396,14480.02,2025-05-22 22:04:32.000000,0,CLEAN
TXN_000456,ACC_0375,ACC_0047,60723.62,2025-05-22 22:23:22.000000,0,CLEAN
TXN_003195,ACC_0296,ACC_0306,22637.65,2025-05-22 23:04:22.000000,0,CLEAN
TXN_000027,ACC_0169,ACC_0083,39031.62,2025-05-22 23:15:45.000000,0,CLEAN
TXN_040143,ACC_0041,ACC_0369,874438.13,2025-05-23 00:00:00.000000,1,DORMANT_REACTIVATION
TXN_040278,ACC_0182,ACC_0208,1976280.33,2025-05-23 00:00:00.000000,1,DORMANT_REACTIVATION
TXN_040099,ACC_0298,ACC_0000,1567764.29,2025-05-23 00:00:00.000000,1,DORMANT_REACTIVATION
TXN_040038,ACC_0212,ACC_0423,1819452.86,2025-05-23 00:00:00.000000,1,DORMANT_REACTIVATION
TXN_040194,ACC_0231,ACC_0497,2412616.08,2025-05-23 00:00:00.000000,1,DORMANT_REACTIVATION
TXN_003100,ACC_0166,ACC_0486,10552.28,2025-05-23 01:14:52.000000,0,CLEAN
TXN_005951,ACC_0057,ACC_0183,155634.04,2025-05-23 02:55:16.000000,0,CLEAN
TXN_000772,ACC_0192,ACC_0082,7055.28,2025-05-23 03:17:51.000000,0,CLEAN
TXN_000729,ACC_0069,ACC_0081,1000273.98,2025-05-23 05:00:28.000000,0,CLEAN
TXN_001721,ACC_0178,ACC_0165,13748.53,2025-05-23 05:14:33.000000,0,CLEAN
TXN_002106,ACC_0472,ACC_0247,14660.07,2025-05-23 05:25:21.000000,0,CLEAN
TXN_006254,ACC_0166,ACC_0397,1973.67,2025-05-23 05:27:35.000000,0,CLEAN
TXN_000602,ACC_0397,ACC_0100,832811.04,2025-05-23 05:31:35.000000,0,CLEAN
TXN_003257,ACC_0259,ACC_0255,776936.62,2025-05-23 05:56:21.000000,0,CLEAN
TXN_004086,ACC_0107,ACC_0435,168093.07,2025-05-23 06:26:03.000000,0,CLEAN
TXN_004190,ACC_0036,ACC_0323,32078.06,2025-05-23 06:30:45.000000,0,CLEAN
TXN_000184,ACC_0235,ACC_0086,5806.94,2025-05-23 06:57:58.000000,0,CLEAN
TXN_020035,ACC_0035,ACC_0013,199604.02,2025-05-23 07:37:39.000000,1,THRESHOLD_SPLIT
TXN_020036,ACC_0035,ACC_0013,199508.24,2025-05-23 08:10:39.000000,1,THRESHOLD_SPLIT
TXN_005415,ACC_0214,ACC_0276,9506.46,2025-05-23 08:14:25.000000,0,CLEAN
TXN_001046,ACC_0137,ACC_0450,8122.73,2025-05-23 08:20:39.000000,0,CLEAN
TXN_005659,ACC_0439,ACC_0378,3474.02,2025-05-23 08:21:02.000000,0,CLEAN
TXN_004544,ACC_0073,ACC_0194,125754.67,2025-05-23 08:24:27.000000,0,CLEAN
TXN_001987,ACC_0083,ACC_0368,33924.18,2025-05-23 09:15:00.000000,0,CLEAN
TXN_005596,ACC_0110,ACC_0284,6535.42,2025-05-23 09:35:08.000000,0,CLEAN
TXN_006474,ACC_0106,ACC_0473,274791.68,2025-05-23 10:10:25.000000,0,CLEAN
TXN_005534,ACC_0416,ACC_0095,4271.67,2025-05-23 10:38:26.000000,0,CLEAN
TXN_004994,ACC_0305,ACC_0147,69306.48,2025-05-23 12:08:21.000000,0,CLEAN
TXN_003953,ACC_0300,ACC_0157,56662.36,2025-05-23 12:22:39.000000,0,CLEAN
TXN_005414,ACC_0322,ACC_0280,25530.1,2025-05-23 12:27:38.000000,0,CLEAN
TXN_004021,ACC_0463,ACC_0051,181952.24,2025-05-23 13:58:56.000000,0,CLEAN
TXN_002316,ACC_0383,ACC_0123,74839.42,2025-05-23 14:08:55.000000,0,CLEAN
TXN_004706,ACC_0421,ACC_0481,206852.23,2025-05-23 14:20:59.000000,0,CLEAN
TXN_006285,ACC_0324,ACC_0034,19306.59,2025-05-23 14:42:34.000000,0,CLEAN
TXN_005485,ACC_0021,ACC_0417,15464.12,2025-05-23 15:36:14.000000,0,CLEAN
TXN_003901,ACC_0258,ACC_0313,181297.53,2025-05-23 17:00:47.000000,0,CLEAN
TXN_001198,ACC_0492,ACC_0088,78500.62,2025-05-23 17:43:07.000000,0,CLEAN
TXN_001964,ACC_0275,ACC_0202,133750.86,2025-05-23 18:08:27.000000,0,CLEAN
TXN_002995,ACC_0244,ACC_0448,661808.2,2025-05-23 18:09:01.000000,0,CLEAN
TXN_005297,ACC_0253,ACC_0362,24655.06,2025-05-23 18:22:01.000000,0,CLEAN
TXN_004110,ACC_0383,ACC_0100,40205.45,2025-05-23 18:50:03.000000,0,CLEAN
TXN_001954,ACC_0021,ACC_0312,101020.43,2025-05-23 18:53:40.000000,0,CLEAN
TXN_004227,ACC_0193,ACC_0291,17453.33,2025-05-23 19:19:00.000000,0,CLEAN
TXN_001517,ACC_0102,ACC_0121,1797.6,2025-05-23 19:20:52.000000,0,CLEAN
TXN_001445,ACC_0361,ACC_0203,20859.91,2025-05-23 20:59:40.000000,0,CLEAN
TXN_004014,ACC_0496,ACC_0413,27809.23,2025-05-23 21:08:14.000000,0,CLEAN
TXN_003116,ACC_0410,ACC_0221,8277.48,2025-05-23 21:29:33.000000,0,CLEAN
TXN_000417,ACC_0217,ACC_0052,48045.98,2025-05-23 21:57:21.000000,0,CLEAN
TXN_002504,ACC_0373,ACC_0219,83686.23,2025-05-23 22:50:31.000000,0,CLEAN
TXN_040068,ACC_0182,ACC_0056,1169189.48,2025-05-24 00:00:00.000000,1,DORMANT_REACTIVATION
TXN_020000,ACC_0469,ACC_0071,195945.77,2025-05-24 00:21:18.000000,1,THRESHOLD_SPLIT
TXN_020001,ACC_0469,ACC_0071,199555.12,2025-05-24 01:03:18.000000,1,THRESHOLD_SPLIT
TXN_004707,ACC_0380,ACC_0423,17001.4,2025-05-24 01:21:38.000000,0,CLEAN
TXN_001150,ACC_0160,ACC_0365,86634.18,2025-05-24 01:49:25.000000,0,CLEAN
TXN_003321,ACC_0152,ACC_0294,54390.36,2025-05-24 02:00:37.000000,0,CLEAN
TXN_003063,ACC_0084,ACC_0162,217921.1,2025-05-24 02:03:34.000000,0,CLEAN
TXN_003194,ACC_0434,ACC_0253,134362.35,2025-05-24 03:02:02.000000,0,CLEAN
TXN_001516,ACC_0097,ACC_0256,24421.71,2025-05-24 03:11:31.000000,0,CLEAN
TXN_005713,ACC_0494,ACC_0413,5131.31,2025-05-24 03:54:22.000000,0,CLEAN
TXN_002271,ACC_0149,ACC_0415,11850.58,2025-05-24 04:26:24.000000,0,CLEAN
TXN_000364,ACC_0202,ACC_0014,14484.25,2025-05-24 04:28:43.000000,0,CLEAN
TXN_004323,ACC_0499,ACC_0305,35555.55,2025-05-24 04:40:48.000000,0,CLEAN
TXN_003528,ACC_0413,ACC_0012,399435.34,2025-05-24 04:44:20.000000,0,CLEAN
TXN_002056,ACC_0407,ACC_0060,696.72,2025-05-24 04:51:06.000000,0,CLEAN
TXN_002478,ACC_0050,ACC_0122,82061.08,2025-05-24 06:09:15.000000,0,CLEAN
TXN_002802,ACC_0015,ACC_0051,50258.63,2025-05-24 06:23:22.000000,0,CLEAN
TXN_003710,ACC_0156,ACC_0483,24722.99,2025-05-24 06:25:14.000000,0,CLEAN
TXN_004275,ACC_0109,ACC_0001,117470.76,2025-05-24 07:26:56.000000,0,CLEAN
TXN_001929,ACC_0457,ACC_0326,22001.9,2025-05-24 08:54:43.000000,0,CLEAN
TXN_002613,ACC_0002,ACC_0497,5918.18,2025-05-24 09:38:09.000000,0,CLEAN
TXN_001560,ACC_0409,ACC_0492,130137.51,2025-05-24 09:51:18.000000,0,CLEAN
TXN_005952,ACC_0018,ACC_0273,6991.05,2025-05-24 10:29:59.000000,0,CLEAN
TXN_003185,ACC_0462,ACC_0078,10139.53,2025-05-24 10:58:11.000000,0,CLEAN
TXN_003502,ACC_0099,ACC_0338,37310.32,2025-05-24 11:07:35.000000,0,CLEAN
TXN_006236,ACC_0285,ACC_0287,122707.45,2025-05-24 12:04:07.000000,0,CLEAN
TXN_004997,ACC_0318,ACC_0244,13663.55,2025-05-24 12:24:45.000000,0,CLEAN
TXN_003454,ACC_0023,ACC_0083,15199.65,2025-05-24 12:50:31.000000,0,CLEAN
TXN_003867,ACC_0484,ACC_0227,38124.43,2025-05-24 13:10:51.000000,0,CLEAN
TXN_002183,ACC_0342,ACC_0039,108858.71,2025-05-24 13:42:00.000000,0,CLEAN
TXN_006157,ACC_0131,ACC_0409,363754.75,2025-05-24 14:01:13.000000,0,CLEAN
TXN_006300,ACC_0399,ACC_0354,8747.92,2025-05-24 14:07:36.000000,0,CLEAN
TXN_006486,ACC_0063,ACC_0372,4431.29,2025-05-24 15:02:31.000000,0,CLEAN
TXN_000244,ACC_0196,ACC_0387,78943.57,2025-05-24 15:27:44.000000,0,CLEAN
TXN_006331,ACC_0380,ACC_0438,11777.02,2025-05-24 16:14:36.000000,0,CLEAN
TXN_001866,ACC_0169,ACC_0107,16257.31,2025-05-24 16:42:37.000000,0,CLEAN
TXN_003305,ACC_0371,ACC_0368,78466.08,2025-05-24 16:53:35.000000,0,CLEAN
TXN_003605,ACC_0169,ACC_0414,52296.52,2025-05-24 17:01:45.000000,0,CLEAN
TXN_005120,ACC_0073,ACC_0288,22458.45,2025-05-24 18:37:35.000000,0,CLEAN
TXN_005895,ACC_0250,ACC_0343,122259.0,2025-05-24 18:38:59.000000,0,CLEAN
TXN_005116,ACC_0031,ACC_0063,28209.74,2025-05-24 18:51:14.000000,0,CLEAN
TXN_000357,ACC_0084,ACC_0477,73653.23,2025-05-24 18:55:52.000000,0,CLEAN
TXN_005648,ACC_0210,ACC_0159,3958.35,2025-05-24 19:01:55.000000,0,CLEAN
TXN_005608,ACC_0067,ACC_0419,80927.73,2025-05-24 19:06:00.000000,0,CLEAN
TXN_000113,ACC_0024,ACC_0126,6712.77,2025-05-24 19:10:17.000000,0,CLEAN
TXN_004056,ACC_0045,ACC_0175,8035.29,2025-05-24 19:21:31.000000,0,CLEAN
TXN_000583,ACC_0467,ACC_0365,818412.67,2025-05-24 19:45:10.000000,0,CLEAN
TXN_005033,ACC_0125,ACC_0296,49798.71,2025-05-24 21:22:05.000000,0,CLEAN
TXN_004655,ACC_0329,ACC_0029,35728.33,2025-05-24 21:30:31.000000,0,CLEAN
TXN_000172,ACC_0442,ACC_0113,21719.56,2025-05-24 22:29:11.000000,0,CLEAN
TXN_004363,ACC_0169,ACC_0185,4789.43,2025-05-24 22:40:17.000000,0,CLEAN
TXN_001245,ACC_0359,ACC_0450,51924.89,2025-05-24 23:03:29.000000,0,CLEAN
TXN_001283,ACC_0107,ACC_0384,113559.7,2025-05-24 23:18:59.000000,0,CLEAN
TXN_002784,ACC_0302,ACC_0052,3490.36,2025-05-24 23:19:27.000000,0,CLEAN
TXN_004605,ACC_0208,ACC_0460,49142.49,2025-05-24 23:24:49.000000,0,CLEAN
TXN_040064,ACC_0298,ACC_0430,1692088.05,2025-05-25 00:00:00.000000,1,DORMANT_REACTIVATION
TXN_040052,ACC_0387,ACC_0166,2943125.01,2025-05-25 00:00:00.000000,1,DORMANT_REACTIVATION
TXN_040184,ACC_0041,ACC_0343,711517.15,2025-05-25 00:00:00.000000,1,DORMANT_REACTIVATION
TXN_040205,ACC_0485,ACC_0388,2904252.45,2025-05-25 00:00:00.000000,1,DORMANT_REACTIVATION
TXN_040000,ACC_0485,ACC_0285,2427097.54,2025-05-25 00:00:00.000000,1,DORMANT_REACTIVATION
TXN_040037,ACC_0465,ACC_0108,2033144.89,2025-05-25 00:00:00.000000,1,DORMANT_REACTIVATION
TXN_040120,ACC_0041,ACC_0101,1514540.41,2025-05-25 00:00:00.000000,1,DORMANT_REACTIVATION
TXN_005144,ACC_0087,ACC_0262,113636.4,2025-05-25 00:24:29.000000,0,CLEAN
TXN_010467,ACC_0436,ACC_0139,1946556.09,2025-05-25 00:57:32.706020,1,SHELL_LAYERING
TXN_006369,ACC_0494,ACC_0077,4996.43,2025-05-25 01:48:55.000000,0,CLEAN
TXN_002839,ACC_0178,ACC_0415,537423.25,2025-05-25 02:14:12.000000,0,CLEAN
TXN_004795,ACC_0195,ACC_0012,28178.54,2025-05-25 03:33:12.000000,0,CLEAN
TXN_001178,ACC_0442,ACC_0114,162342.95,2025-05-25 03:53:38.000000,0,CLEAN
TXN_010463,ACC_0236,ACC_0218,1919923.48,2025-05-25 04:58:12.891039,1,SHELL_LAYERING
TXN_005613,ACC_0010,ACC_0007,9803.71,2025-05-25 05:00:32.000000,0,CLEAN
TXN_005972,ACC_0369,ACC_0334,44092.81,2025-05-25 05:09:45.000000,0,CLEAN
TXN_003291,ACC_0155,ACC_0370,19562.69,2025-05-25 05:13:16.000000,0,CLEAN
TXN_006496,ACC_0063,ACC_0278,115098.95,2025-05-25 06:13:10.000000,0,CLEAN
TXN_004364,ACC_0414,ACC_0185,32409.04,2025-05-25 06:18:50.000000,0,CLEAN
TXN_005829,ACC_0282,ACC_0425,42902.87,2025-05-25 07:14:42.000000,0,CLEAN
TXN_006402,ACC_0337,ACC_0042,68435.88,2025-05-25 07:29:39.000000,0,CLEAN
TXN_001756,ACC_0184,ACC_0286,137355.96,2025-05-25 08:51:21.000000,0,CLEAN
TXN_001428,ACC_0002,ACC_0364,189366.48,2025-05-25 09:38:24.000000,0,CLEAN
TXN_000861,ACC_0068,ACC_0154,86589.8,2025-05-25 10:00:12.000000,0,CLEAN
TXN_003105,ACC_0408,ACC_0028,11088.36,2025-05-25 10:21:33.000000,0,CLEAN
TXN_004305,ACC_0202,ACC_0216,3314.82,2025-05-25 10:56:13.000000,0,CLEAN
TXN_005035,ACC_0184,ACC_0105,1546261.67,2025-05-25 12:59:34.000000,0,CLEAN
TXN_004354,ACC_0026,ACC_0339,213704.94,2025-05-25 14:48:30.000000,0,CLEAN
TXN_006428,ACC_0225,ACC_0060,32829.53,2025-05-25 15:46:02.000000,0,CLEAN
TXN_002552,ACC_0107,ACC_0386,23556.97,2025-05-25 16:01:46.000000,0,CLEAN
TXN_004841,ACC_0150,ACC_0240,68990.33,2025-05-25 16:51:28.000000,0,CLEAN
TXN_003684,ACC_0128,ACC_0155,17709.6,2025-05-25 16:56:11.000000,0,CLEAN
TXN_006222,ACC_0181,ACC_0425,59877.42,2025-05-25 16:56:55.000000,0,CLEAN
TXN_000853,ACC_0121,ACC_0025,113406.36,2025-05-25 19:26:45.000000,0,CLEAN
TXN_003323,ACC_0120,ACC_0413,47750.82,2025-05-25 19:29:04.000000,0,CLEAN
TXN_003787,ACC_0195,ACC_0175,47979.68,2025-05-25 20:24:49.000000,0,CLEAN
TXN_001514,ACC_0137,ACC_0093,126022.06,2025-05-25 21:20:24.000000,0,CLEAN
TXN_002743,ACC_0074,ACC_0434,177742.79,2025-05-25 21:32:05.000000,0,CLEAN
TXN_006144,ACC_0006,ACC_0431,8371.08,2025-05-25 21:48:27.000000,0,CLEAN
TXN_003354,ACC_0242,ACC_0016,20988.73,2025-05-25 22:55:29.000000,0,CLEAN
TXN_040229,ACC_0371,ACC_0121,1730938.82,2025-05-26 00:00:00.000000,1,DORMANT_REACTIVATION
TXN_040042,ACC_0485,ACC_0000,2944539.61,2025-05-26 00:00:00.000000,1,DORMANT_REACTIVATION
TXN_040196,ACC_0355,ACC_0453,2272195.14,2025-05-26 00:00:00.000000,1,DORMANT_REACTIVATION
TXN_040169,ACC_0212,ACC_0271,2119356.41,2025-05-26 00:00:00.000000,1,DORMANT_REACTIVATION
TXN_040164,ACC_0072,ACC_0476,806026.15,2025-05-26 00:00:00.000000,1,DORMANT_REACTIVATION
TXN_005683,ACC_0479,ACC_0169,679679.11,2025-05-26 00:10:24.000000,0,CLEAN
TXN_005790,ACC_0088,ACC_0326,25282.16,2025-05-26 00:28:21.000000,0,CLEAN
TXN_004075,ACC_0145,ACC_0074,26047.97,2025-05-26 01:33:05.000000,0,CLEAN
TXN_004853,ACC_0216,ACC_0306,207604.35,2025-05-26 01:38:30.000000,0,CLEAN
TXN_004300,ACC_0071,ACC_0182,77693.77,2025-05-26 01:41:48.000000,0,CLEAN
TXN_002524,ACC_0439,ACC_0292,2198.19,2025-05-26 02:36:30.000000,0,CLEAN
TXN_005807,ACC_0442,ACC_0097,131329.32,2025-05-26 03:10:32.000000,0,CLEAN
TXN_001447,ACC_0337,ACC_0060,34755.94,2025-05-26 05:04:00.000000,0,CLEAN
TXN_000620,ACC_0234,ACC_0499,190667.99,2025-05-26 05:27:49.000000,0,CLEAN
TXN_003042,ACC_0306,ACC_0364,135825.41,2025-05-26 07:03:34.000000,0,CLEAN
TXN_001147,ACC_0358,ACC_0454,159308.04,2025-05-26 07:55:19.000000,0,CLEAN
TXN_006397,ACC_0244,ACC_0253,6711.1,2025-05-26 09:16:58.000000,0,CLEAN
TXN_001509,ACC_0204,ACC_0345,148205.52,2025-05-26 09:36:20.000000,0,CLEAN
TXN_003698,ACC_0116,ACC_0371,398.84,2025-05-26 11:13:54.000000,0,CLEAN
TXN_005538,ACC_0438,ACC_0370,124286.99,2025-05-26 12:40:17.000000,0,CLEAN
TXN_005605,ACC_0017,ACC_0140,178846.03,2025-05-26 14:51:32.000000,0,CLEAN
TXN_004746,ACC_0053,ACC_0255,14768.72,2025-05-26 14:59:27.000000,0,CLEAN
TXN_001533,ACC_0203,ACC_0113,77513.33,2025-05-26 16:02:33.000000,0,CLEAN
TXN_001169,ACC_0102,ACC_0137,82462.62,2025-05-26 16:06:56.000000,0,CLEAN
TXN_001868,ACC_0279,ACC_0267,6803.64,2025-05-26 16:54:30.000000,0,CLEAN
TXN_004457,ACC_0070,ACC_0373,178106.08,2025-05-26 17:19:24.000000,0,CLEAN
TXN_003396,ACC_0267,ACC_0096,293661.14,2025-05-26 17:51:23.000000,0,CLEAN
TXN_006012,ACC_0155,ACC_0149,11586.76,2025-05-26 19:14:58.000000,0,CLEAN
TXN_004312,ACC_0065,ACC_0167,97653.12,2025-05-26 20:19:57.000000,0,CLEAN
TXN_006462,ACC_0115,ACC_0432,76751.24,2025-05-26 20:23:57.000000,0,CLEAN
TXN_000418,ACC_0424,ACC_0334,18589.45,2025-05-26 21:31:25.000000,0,CLEAN
TXN_001084,ACC_0084,ACC_0038,69094.11,2025-05-26 21:55:03.000000,0,CLEAN
TXN_002092,ACC_0442,ACC_0400,34056.12,2025-05-26 22:25:52.000000,0,CLEAN
TXN_002809,ACC_0039,ACC_0339,36298.42,2025-05-26 22:45:19.000000,0,CLEAN
TXN_005901,ACC_0312,ACC_0306,10710.54,2025-05-26 23:06:12.000000,0,CLEAN
TXN_004601,ACC_0099,ACC_0162,77074.48,2025-05-26 23:50:20.000000,0,CLEAN
TXN_040275,ACC_0031,ACC_0460,1361707.22,2025-05-27 00:00:00.000000,1,DORMANT_REACTIVATION
TXN_040160,ACC_0056,ACC_0321,1674423.06,2025-05-27 00:00:00.000000,1,DORMANT_REACTIVATION
TXN_040025,ACC_0056,ACC_0160,2797095.78,2025-05-27 00:00:00.000000,1,DORMANT_REACTIVATION
TXN_040221,ACC_0041,ACC_0301,848234.13,2025-05-27 00:00:00.000000,1,DORMANT_REACTIVATION
TXN_040112,ACC_0206,ACC_0351,2607269.28,2025-05-27 00:00:00.000000,1,DORMANT_REACTIVATION
TXN_040039,ACC_0175,ACC_0208,2934303.73,2025-05-27 00:00:00.000000,1,DORMANT_REACTIVATION
TXN_040089,ACC_0275,ACC_0005,2795508.64,2025-05-27 00:00:00.000000,1,DORMANT_REACTIVATION
TXN_040049,ACC_0110,ACC_0425,2240560.31,2025-05-27 00:00:00.000000,1,DORMANT_REACTIVATION
TXN_040227,ACC_0304,ACC_0066,1799200.61,2025-05-27 00:00:00.000000,1,DORMANT_REACTIVATION
TXN_040280,ACC_0392,ACC_0293,1445740.27,2025-05-27 00:00:00.000000,1,DORMANT_REACTIVATION
TXN_006292,ACC_0332,ACC_0097,138010.71,2025-05-27 00:08:32.000000,0,CLEAN
TXN_005847,ACC_0279,ACC_0095,245014.36,2025-05-27 00:47:04.000000,0,CLEAN
TXN_001221,ACC_0287,ACC_0422,24604.39,2025-05-27 01:11:50.000000,0,CLEAN
TXN_003424,ACC_0103,ACC_0123,24489.77,2025-05-27 01:11:50.000000,0,CLEAN
TXN_001551,ACC_0214,ACC_0359,9890.25,2025-05-27 01:29:10.000000,0,CLEAN
TXN_000237,ACC_0300,ACC_0073,158583.49,2025-05-27 01:45:35.000000,0,CLEAN
TXN_002550,ACC_0244,ACC_0378,4640.09,2025-05-27 01:51:56.000000,0,CLEAN
TXN_003426,ACC_0252,ACC_0261,153346.78,2025-05-27 02:23:29.000000,0,CLEAN
TXN_005339,ACC_0475,ACC_0376,14959.22,2025-05-27 02:26:29.000000,0,CLEAN
TXN_002298,ACC_0243,ACC_0383,21174.55,2025-05-27 02:34:04.000000,0,CLEAN
TXN_000507,ACC_0051,ACC_0072,94160.66,2025-05-27 02:39:03.000000,0,CLEAN
TXN_003113,ACC_0145,ACC_0332,65757.54,2025-05-27 03:10:37.000000,0,CLEAN
TXN_003714,ACC_0217,ACC_0352,38880.08,2025-05-27 03:29:32.000000,0,CLEAN
TXN_002695,ACC_0048,ACC_0307,2164.59,2025-05-27 03:30:11.000000,0,CLEAN
TXN_001219,ACC_0150,ACC_0111,18897.23,2025-05-27 03:37:47.000000,0,CLEAN
TXN_000333,ACC_0331,ACC_0204,11479.33,2025-05-27 03:45:21.000000,0,CLEAN
TXN_003463,ACC_0325,ACC_0133,115065.81,2025-05-27 03:48:29.000000,0,CLEAN
TXN_001829,ACC_0497,ACC_0228,129787.42,2025-05-27 04:29:22.000000,0,CLEAN
TXN_002534,ACC_0151,ACC_0219,39674.99,2025-05-27 04:42:44.000000,0,CLEAN
TXN_004928,ACC_0441,ACC_0075,11420.89,2025-05-27 05:23:47.000000,0,CLEAN
TXN_010000,ACC_0233,ACC_0440,3660118.78,2025-05-27 06:43:18.000000,1,SHELL_LAYERING
TXN_005494,ACC_0132,ACC_0311,132626.52,2025-05-27 07:25:08.000000,0,CLEAN
TXN_000040,ACC_0120,ACC_0229,127202.83,2025-05-27 08:45:38.000000,0,CLEAN
TXN_002617,ACC_0496,ACC_0483,11687.94,2025-05-27 10:38:52.000000,0,CLEAN
TXN_006498,ACC_0036,ACC_0451,36038.39,2025-05-27 11:03:39.000000,0,CLEAN
TXN_003578,ACC_0491,ACC_0333,20281.81,2025-05-27 11:38:09.000000,0,CLEAN
TXN_000135,ACC_0192,ACC_0094,3034.24,2025-05-27 11:50:01.000000,0,CLEAN
TXN_005331,ACC_0465,ACC_0311,30350.57,2025-05-27 12:07:21.000000,0,CLEAN
TXN_006184,ACC_0000,ACC_0129,37204.58,2025-05-27 12:30:20.000000,0,CLEAN
TXN_000060,ACC_0126,ACC_0349,56087.17,2025-05-27 13:20:28.000000,0,CLEAN
TXN_003267,ACC_0190,ACC_0367,256596.96,2025-05-27 13:50:01.000000,0,CLEAN
TXN_005498,ACC_0429,ACC_0260,73271.4,2025-05-27 13:55:28.000000,0,CLEAN
TXN_005015,ACC_0257,ACC_0085,3720.25,2025-05-27 14:31:11.000000,0,CLEAN
TXN_005653,ACC_0353,ACC_0107,9837.02,2025-05-27 14:43:54.000000,0,CLEAN
TXN_000482,ACC_0371,ACC_0358,8514.58,2025-05-27 15:38:13.000000,0,CLEAN
TXN_002659,ACC_0363,ACC_0290,58091.62,2025-05-27 15:41:27.000000,0,CLEAN
TXN_005105,ACC_0150,ACC_0027,50557.94,2025-05-27 16:07:01.000000,0,CLEAN
TXN_005193,ACC_0456,ACC_0196,7549.7,2025-05-27 18:20:52.000000,0,CLEAN
TXN_005099,ACC_0215,ACC_0045,72293.61,2025-05-27 18:32:47.000000,0,CLEAN
TXN_000005,ACC_0333,ACC_0102,17488.73,2025-05-27 18:48:03.000000,0,CLEAN
TXN_001260,ACC_0316,ACC_0032,425043.5,2025-05-27 19:01:54.000000,0,CLEAN
TXN_002713,ACC_0282,ACC_0360,356774.04,2025-05-27 20:38:41.000000,0,CLEAN
TXN_000808,ACC_0211,ACC_0498,185135.51,2025-05-27 21:20:40.000000,0,CLEAN
TXN_004590,ACC_0305,ACC_0005,2365.77,2025-05-27 21:38:43.000000,0,CLEAN
TXN_006193,ACC_0225,ACC_0057,73104.63,2025-05-27 22:04:06.000000,0,CLEAN
TXN_002964,ACC_0479,ACC_0421,47236.88,2025-05-27 22:19:41.000000,0,CLEAN
TXN_001711,ACC_0403,ACC_0330,89928.75,2025-05-27 22:27:57.000000,0,CLEAN
TXN_000414,ACC_0277,ACC_0422,31478.39,2025-05-27 22:52:46.000000,0,CLEAN
TXN_006037,ACC_0206,ACC_0254,103145.73,2025-05-27 23:04:29.000000,0,CLEAN
TXN_005662,ACC_0192,ACC_0065,5559.15,2025-05-27 23:20:51.000000,0,CLEAN
TXN_010465,ACC_0378,ACC_0267,1944045.0,2025-05-27 23:59:55.216609,1,SHELL_LAYERING
TXN_040239,ACC_0371,ACC_0182,630130.18,2025-05-28 00:00:00.000000,1,DORMANT_REACTIVATION
TXN_040056,ACC_0465,ACC_0025,1130278.16,2025-05-28 00:00:00.000000,1,DORMANT_REACTIVATION
TXN_040114,ACC_0087,ACC_0078,1537632.1,2025-05-28 00:00:00.000000,1,DORMANT_REACTIVATION
TXN_040060,ACC_0182,ACC_0145,1198320.2,2025-05-28 00:00:00.000000,1,DORMANT_REACTIVATION
TXN_003860,ACC_0377,ACC_0219,57590.07,2025-05-28 01:01:15.000000,0,CLEAN
TXN_000057,ACC_0467,ACC_0241,18980.41,2025-05-28 01:30:33.000000,0,CLEAN
TXN_003394,ACC_0277,ACC_0296,20139.15,2025-05-28 02:44:33.000000,0,CLEAN
TXN_005466,ACC_0223,ACC_0148,130181.66,2025-05-28 02:57:06.000000,0,CLEAN
TXN_001857,ACC_0191,ACC_0079,45029.93,2025-05-28 03:17:43.000000,0,CLEAN
TXN_000765,ACC_0295,ACC_0334,4356.52,2025-05-28 05:40:15.000000,0,CLEAN
TXN_000839,ACC_0301,ACC_0298,46893.03,2025-05-28 06:17:41.000000,0,CLEAN
TXN_002147,ACC_0101,ACC_0366,4410.09,2025-05-28 06:24:43.000000,0,CLEAN
TXN_002466,ACC_0412,ACC_0456,61620.97,2025-05-28 06:26:15.000000,0,CLEAN
TXN_003488,ACC_0380,ACC_0010,650286.75,2025-05-28 06:29:52.000000,0,CLEAN
TXN_002033,ACC_0419,ACC_0034,9154.22,2025-05-28 06:35:45.000000,0,CLEAN
TXN_002121,ACC_0011,ACC_0296,118608.69,2025-05-28 06:50:14.000000,0,CLEAN
TXN_003521,ACC_0185,ACC_0265,4291.86,2025-05-28 09:17:51.000000,0,CLEAN
TXN_001109,ACC_0058,ACC_0049,24871.3,2025-05-28 10:41:14.000000,0,CLEAN
TXN_001705,ACC_0316,ACC_0173,73762.77,2025-05-28 11:48:24.000000,0,CLEAN
TXN_005932,ACC_0217,ACC_0273,3934.85,2025-05-28 12:02:34.000000,0,CLEAN
TXN_005188,ACC_0243,ACC_0165,5419.69,2025-05-28 13:26:02.000000,0,CLEAN
TXN_002808,ACC_0319,ACC_0049,509804.29,2025-05-28 14:39:20.000000,0,CLEAN
TXN_002493,ACC_0214,ACC_0087,26414.98,2025-05-28 15:26:21.000000,0,CLEAN
TXN_000603,ACC_0461,ACC_0279,29454.9,2025-05-28 16:06:14.000000,0,CLEAN
TXN_003983,ACC_0248,ACC_0345,83289.98,2025-05-28 16:20:36.000000,0,CLEAN
TXN_020535,ACC_0460,ACC_0013,198779.96,2025-05-28 17:10:00.000000,1,THRESHOLD_SPLIT
TXN_020537,ACC_0460,ACC_0013,199654.68,2025-05-28 17:30:00.000000,1,THRESHOLD_SPLIT
TXN_020536,ACC_0460,ACC_0013,199447.35,2025-05-28 17:50:00.000000,1,THRESHOLD_SPLIT
TXN_000267,ACC_0227,ACC_0184,517208.29,2025-05-28 20:07:54.000000,0,CLEAN
TXN_003060,ACC_0313,ACC_0425,51491.92,2025-05-28 21:08:42.000000,0,CLEAN
TXN_004948,ACC_0416,ACC_0302,58685.49,2025-05-28 21:19:30.000000,0,CLEAN
TXN_000168,ACC_0369,ACC_0240,680.99,2025-05-28 21:26:53.000000,0,CLEAN
TXN_020025,ACC_0314,ACC_0129,149604.12,2025-05-28 21:37:23.000000,1,THRESHOLD_SPLIT
TXN_006168,ACC_0124,ACC_0300,64771.76,2025-05-28 21:41:18.000000,0,CLEAN
TXN_000151,ACC_0096,ACC_0412,196781.16,2025-05-28 21:45:45.000000,0,CLEAN
TXN_003849,ACC_0089,ACC_0326,15659.9,2025-05-28 21:51:18.000000,0,CLEAN
TXN_020026,ACC_0314,ACC_0129,149604.12,2025-05-28 21:56:23.000000,1,THRESHOLD_SPLIT
TXN_000059,ACC_0422,ACC_0111,19312.8,2025-05-28 22:31:23.000000,0,CLEAN
TXN_020028,ACC_0314,ACC_0129,149604.12,2025-05-28 22:46:23.000000,1,THRESHOLD_SPLIT
TXN_003904,ACC_0246,ACC_0010,30098.73,2025-05-28 22:50:52.000000,0,CLEAN
TXN_003256,ACC_0362,ACC_0226,42410.75,2025-05-28 23:00:46.000000,0,CLEAN
TXN_002982,ACC_0355,ACC_0014,21121.23,2025-05-28 23:03:46.000000,0,CLEAN
TXN_020027,ACC_0314,ACC_0129,149604.12,2025-05-28 23:07:23.000000,1,THRESHOLD_SPLIT
TXN_010001,ACC_0440,ACC_0221,3850313.35,2025-05-28 23:59:02.564049,1,SHELL_LAYERING
TXN_040065,ACC_0298,ACC_0082,1700875.72,2025-05-29 00:00:00.000000,1,DORMANT_REACTIVATION
TXN_040245,ACC_0031,ACC_0407,1819524.7,2025-05-29 00:00:00.000000,1,DORMANT_REACTIVATION
TXN_040133,ACC_0098,ACC_0266,869555.55,2025-05-29 00:00:00.000000,1,DORMANT_REACTIVATION
TXN_000467,ACC_0457,ACC_0349,541127.74,2025-05-29 00:21:40.000000,0,CLEAN
TXN_006362,ACC_0355,ACC_0240,660029.38,2025-05-29 00:31:07.000000,0,CLEAN
TXN_001142,ACC_0468,ACC_0354,32226.29,2025-05-29 00:55:24.000000,0,CLEAN
TXN_001932,ACC_0094,ACC_0013,35054.94,2025-05-29 01:15:46.000000,0,CLEAN
TXN_003474,ACC_0360,ACC_0250,61914.11,2025-05-29 01:20:44.000000,0,CLEAN
TXN_006382,ACC_0276,ACC_0193,12167.95,2025-05-29 01:31:05.000000,0,CLEAN
TXN_005410,ACC_0076,ACC_0196,77544.18,2025-05-29 02:01:43.000000,0,CLEAN
TXN_005108,ACC_0236,ACC_0414,139804.98,2025-05-29 03:49:00.000000,0,CLEAN
TXN_003636,ACC_0471,ACC_0023,33393.59,2025-05-29 04:13:17.000000,0,CLEAN
TXN_002991,ACC_0425,ACC_0332,26365.58,2025-05-29 04:35:45.000000,0,CLEAN
TXN_010800,ACC_0233,ACC_0440,3185680.39,2025-05-29 05:40:02.000000,1,SHELL_LAYERING
TXN_002883,ACC_0232,ACC_0344,169478.17,2025-05-29 05:53:54.000000,0,CLEAN
TXN_000970,ACC_0250,ACC_0403,218588.72,2025-05-29 06:29:24.000000,0,CLEAN
TXN_003802,ACC_0039,ACC_0344,8423.81,2025-05-29 06:34:58.000000,0,CLEAN
TXN_002334,ACC_0192,ACC_0337,25208.19,2025-05-29 07:50:06.000000,0,CLEAN
TXN_005555,ACC_0459,ACC_0386,344693.85,2025-05-29 08:12:09.000000,0,CLEAN
TXN_002816,ACC_0009,ACC_0488,33494.71,2025-05-29 08:20:04.000000,0,CLEAN
TXN_000699,ACC_0377,ACC_0028,281028.3,2025-05-29 08:43:47.000000,0,CLEAN
TXN_001525,ACC_0314,ACC_0003,47847.51,2025-05-29 09:38:10.000000,0,CLEAN
TXN_001531,ACC_0251,ACC_0093,8431.08,2025-05-29 09:43:14.000000,0,CLEAN
TXN_000192,ACC_0342,ACC_0024,7175.34,2025-05-29 10:04:37.000000,0,CLEAN
TXN_006478,ACC_0421,ACC_0082,377144.35,2025-05-29 11:15:40.000000,0,CLEAN
TXN_002694,ACC_0321,ACC_0093,3631.64,2025-05-29 11:42:38.000000,0,CLEAN
TXN_002861,ACC_0257,ACC_0416,2889.92,2025-05-29 12:42:37.000000,0,CLEAN
TXN_006017,ACC_0220,ACC_0212,45093.33,2025-05-29 12:52:46.000000,0,CLEAN
TXN_020505,ACC_0462,ACC_0310,145614.18,2025-05-29 13:25:07.000000,1,THRESHOLD_SPLIT
TXN_004732,ACC_0218,ACC_0268,7449.88,2025-05-29 13:32:11.000000,0,CLEAN
TXN_020507,ACC_0462,ACC_0310,145614.18,2025-05-29 13:37:07.000000,1,THRESHOLD_SPLIT
TXN_020506,ACC_0462,ACC_0310,145614.18,2025-05-29 14:03:07.000000,1,THRESHOLD_SPLIT
TXN_002840,ACC_0298,ACC_0013,104727.64,2025-05-29 14:03:45.000000,0,CLEAN
TXN_001266,ACC_0044,ACC_0145,942615.82,2025-05-29 14:26:11.000000,0,CLEAN
TXN_002005,ACC_0001,ACC_0319,10528.95,2025-05-29 15:00:10.000000,0,CLEAN
TXN_003612,ACC_0299,ACC_0468,376315.73,2025-05-29 15:38:28.000000,0,CLEAN
TXN_010802,ACC_0221,ACC_0418,3242378.35,2025-05-29 15:43:39.819781,1,SHELL_LAYERING
TXN_005870,ACC_0158,ACC_0406,24626.83,2025-05-29 16:59:39.000000,0,CLEAN
TXN_001640,ACC_0153,ACC_0004,46496.92,2025-05-29 17:12:33.000000,0,CLEAN
TXN_002791,ACC_0391,ACC_0365,869.82,2025-05-29 17:41:20.000000,0,CLEAN
TXN_000107,ACC_0214,ACC_0315,5614.0,2025-05-29 18:04:04.000000,0,CLEAN
TXN_002119,ACC_0052,ACC_0267,322459.71,2025-05-29 18:39:30.000000,0,CLEAN
TXN_010002,ACC_0221,ACC_0418,3654454.93,2025-05-29 18:39:48.682785,1,SHELL_LAYERING
TXN_004038,ACC_0462,ACC_0196,26152.51,2025-05-29 19:15:28.000000,0,CLEAN
TXN_002693,ACC_0263,ACC_0099,14379.19,2025-05-29 19:52:50.000000,0,CLEAN
TXN_002835,ACC_0346,ACC_0180,4850.36,2025-05-29 20:00:45.000000,0,CLEAN
TXN_002155,ACC_0329,ACC_0364,130847.51,2025-05-29 20:07:06.000000,0,CLEAN
TXN_004329,ACC_0127,ACC_0144,7510.56,2025-05-29 21:12:34.000000,0,CLEAN
TXN_005098,ACC_0013,ACC_0491,43048.88,2025-05-29 21:24:20.000000,0,CLEAN
TXN_005945,ACC_0345,ACC_0151,9442.34,2025-05-29 21:42:15.000000,0,CLEAN
TXN_005587,ACC_0467,ACC_0180,3562.78,2025-05-29 21:44:34.000000,0,CLEAN
TXN_006026,ACC_0442,ACC_0081,21829.84,2025-05-29 21:53:41.000000,0,CLEAN
TXN_005701,ACC_0188,ACC_0320,7004.34,2025-05-29 22:25:37.000000,0,CLEAN
TXN_002065,ACC_0281,ACC_0165,19689.66,2025-05-29 22:37:51.000000,0,CLEAN
TXN_006229,ACC_0071,ACC_0234,527489.32,2025-05-29 22:42:20.000000,0,CLEAN
TXN_002630,ACC_0113,ACC_0401,31765.9,2025-05-29 22:55:20.000000,0,CLEAN
TXN_000537,ACC_0364,ACC_0256,4037.73,2025-05-29 22:59:30.000000,0,CLEAN
TXN_040135,ACC_0098,ACC_0378,2400348.99,2025-05-30 00:00:00.000000,1,DORMANT_REACTIVATION
TXN_040005,ACC_0031,ACC_0497,1287925.44,2025-05-30 00:00:00.000000,1,DORMANT_REACTIVATION
TXN_040198,ACC_0098,ACC_0048,2278263.83,2025-05-30 00:00:00.000000,1,DORMANT_REACTIVATION
TXN_003840,ACC_0210,ACC_0154,149010.61,2025-05-30 01:01:10.000000,0,CLEAN
TXN_002990,ACC_0365,ACC_0497,22236.14,2025-05-30 01:18:34.000000,0,CLEAN
TXN_000309,ACC_0092,ACC_0350,9490.9,2025-05-30 01:21:31.000000,0,CLEAN
TXN_005423,ACC_0124,ACC_0410,41067.95,2025-05-30 01:28:39.000000,0,CLEAN
TXN_005083,ACC_0071,ACC_0350,65296.38,2025-05-30 01:33:23.000000,0,CLEAN
TXN_006308,ACC_0299,ACC_0346,20672.29,2025-05-30 02:06:31.000000,0,CLEAN
TXN_001679,ACC_0006,ACC_0063,36687.81,2025-05-30 03:49:05.000000,0,CLEAN
TXN_003086,ACC_0039,ACC_0127,12790.5,2025-05-30 04:19:13.000000,0,CLEAN
TXN_006429,ACC_0143,ACC_0336,7244.58,2025-05-30 05:31:15.000000,0,CLEAN
TXN_002511,ACC_0240,ACC_0376,265320.81,2025-05-30 05:57:55.000000,0,CLEAN
TXN_002001,ACC_0158,ACC_0374,155170.07,2025-05-30 06:04:38.000000,0,CLEAN
TXN_004620,ACC_0267,ACC_0477,4578.39,2025-05-30 06:06:15.000000,0,CLEAN
TXN_003147,ACC_0299,ACC_0041,49966.58,2025-05-30 06:09:12.000000,0,CLEAN
TXN_001418,ACC_0246,ACC_0405,28219.94,2025-05-30 06:16:10.000000,0,CLEAN
TXN_002353,ACC_0073,ACC_0277,50554.75,2025-05-30 06:26:08.000000,0,CLEAN
TXN_005068,ACC_0340,ACC_0491,54703.21,2025-05-30 07:15:56.000000,0,CLEAN
TXN_000250,ACC_0174,ACC_0310,9092.0,2025-05-30 07:49:33.000000,0,CLEAN
TXN_005345,ACC_0368,ACC_0290,16030.05,2025-05-30 07:51:26.000000,0,CLEAN
TXN_001325,ACC_0296,ACC_0207,70467.79,2025-05-30 08:43:58.000000,0,CLEAN
TXN_003262,ACC_0496,ACC_0212,10726.56,2025-05-30 08:49:18.000000,0,CLEAN
TXN_030264,ACC_0258,ACC_0303,25539.64,2025-05-30 11:16:01.000000,1,VELOCITY_BURST
TXN_002592,ACC_0497,ACC_0147,31517.93,2025-05-30 11:17:37.000000,0,CLEAN
TXN_030265,ACC_0258,ACC_0314,19967.24,2025-05-30 11:20:01.000000,1,VELOCITY_BURST
TXN_030268,ACC_0258,ACC_0222,42329.87,2025-05-30 11:20:01.000000,1,VELOCITY_BURST
TXN_030267,ACC_0258,ACC_0100,40632.72,2025-05-30 11:22:01.000000,1,VELOCITY_BURST
TXN_030262,ACC_0258,ACC_0456,37359.82,2025-05-30 11:24:01.000000,1,VELOCITY_BURST
TXN_030263,ACC_0258,ACC_0271,18058.7,2025-05-30 11:31:01.000000,1,VELOCITY_BURST
TXN_030260,ACC_0258,ACC_0272,47741.76,2025-05-30 11:32:01.000000,1,VELOCITY_BURST
TXN_030266,ACC_0258,ACC_0475,31519.41,2025-05-30 11:37:01.000000,1,VELOCITY_BURST
TXN_030261,ACC_0258,ACC_0200,6774.14,2025-05-30 11:37:01.000000,1,VELOCITY_BURST
TXN_000049,ACC_0454,ACC_0360,14676.78,2025-05-30 11:43:09.000000,0,CLEAN
TXN_006514,ACC_0053,ACC_0443,22843.01,2025-05-30 12:12:23.000000,0,CLEAN
TXN_001496,ACC_0288,ACC_0247,34899.16,2025-05-30 12:18:25.000000,0,CLEAN
TXN_003690,ACC_0133,ACC_0004,65755.48,2025-05-30 12:48:52.000000,0,CLEAN
TXN_003240,ACC_0393,ACC_0023,12431.38,2025-05-30 12:54:08.000000,0,CLEAN
TXN_004463,ACC_0067,ACC_0128,57732.25,2025-05-30 13:00:29.000000,0,CLEAN
TXN_000632,ACC_0069,ACC_0400,408630.62,2025-05-30 13:08:36.000000,0,CLEAN
TXN_003277,ACC_0226,ACC_0074,5752.18,2025-05-30 13:10:04.000000,0,CLEAN
TXN_002289,ACC_0385,ACC_0211,47673.93,2025-05-30 14:10:26.000000,0,CLEAN
TXN_010801,ACC_0440,ACC_0221,3271258.36,2025-05-30 14:26:53.247906,1,SHELL_LAYERING
TXN_001232,ACC_0264,ACC_0421,35272.91,2025-05-30 14:45:49.000000,0,CLEAN
TXN_002317,ACC_0344,ACC_0301,63139.37,2025-05-30 14:46:39.000000,0,CLEAN
TXN_001702,ACC_0079,ACC_0191,106898.7,2025-05-30 16:10:27.000000,0,CLEAN
TXN_006558,ACC_0107,ACC_0286,679872.66,2025-05-30 16:13:47.000000,0,CLEAN
TXN_001815,ACC_0028,ACC_0472,68348.84,2025-05-30 16:39:41.000000,0,CLEAN
TXN_006334,ACC_0101,ACC_0106,64793.15,2025-05-30 17:02:40.000000,0,CLEAN
TXN_001683,ACC_0235,ACC_0377,284723.19,2025-05-30 17:06:05.000000,0,CLEAN
TXN_003927,ACC_0490,ACC_0130,10234.44,2025-05-30 18:22:49.000000,0,CLEAN
TXN_005923,ACC_0205,ACC_0217,44644.79,2025-05-30 18:47:47.000000,0,CLEAN
TXN_003847,ACC_0473,ACC_0498,3383.73,2025-05-30 19:00:51.000000,0,CLEAN
TXN_001794,ACC_0161,ACC_0011,10449.75,2025-05-30 19:33:29.000000,0,CLEAN
TXN_005357,ACC_0334,ACC_0415,16695.53,2025-05-30 19:44:54.000000,0,CLEAN
TXN_005569,ACC_0031,ACC_0288,17222.44,2025-05-30 20:50:32.000000,0,CLEAN
TXN_006433,ACC_0446,ACC_0249,35792.85,2025-05-30 21:49:01.000000,0,CLEAN
TXN_006263,ACC_0011,ACC_0072,442805.22,2025-05-30 22:15:00.000000,0,CLEAN
TXN_001331,ACC_0114,ACC_0457,51525.09,2025-05-30 22:27:20.000000,0,CLEAN
TXN_005818,ACC_0186,ACC_0178,152658.28,2025-05-30 23:30:27.000000,0,CLEAN
TXN_003814,ACC_0002,ACC_0025,19654.02,2025-05-30 23:41:24.000000,0,CLEAN
TXN_040110,ACC_0087,ACC_0427,2752891.23,2025-05-31 00:00:00.000000,1,DORMANT_REACTIVATION
TXN_040140,ACC_0098,ACC_0042,2219891.0,2025-05-31 00:00:00.000000,1,DORMANT_REACTIVATION
TXN_040246,ACC_0212,ACC_0175,1246100.64,2025-05-31 00:00:00.000000,1,DORMANT_REACTIVATION
TXN_040032,ACC_0101,ACC_0323,2530620.54,2025-05-31 00:00:00.000000,1,DORMANT_REACTIVATION
TXN_040075,ACC_0433,ACC_0290,1353240.64,2025-05-31 00:00:00.000000,1,DORMANT_REACTIVATION
TXN_000409,ACC_0289,ACC_0381,931808.02,2025-05-31 00:19:58.000000,0,CLEAN
TXN_000601,ACC_0497,ACC_0252,471.36,2025-05-31 00:38:19.000000,0,CLEAN
TXN_005443,ACC_0323,ACC_0452,3580.83,2025-05-31 00:47:11.000000,0,CLEAN
TXN_006267,ACC_0184,ACC_0464,55439.71,2025-05-31 01:03:24.000000,0,CLEAN
TXN_002125,ACC_0272,ACC_0163,9980.3,2025-05-31 01:26:56.000000,0,CLEAN
TXN_001238,ACC_0085,ACC_0498,151064.38,2025-05-31 03:55:31.000000,0,CLEAN
TXN_003014,ACC_0269,ACC_0222,69713.91,2025-05-31 04:06:56.000000,0,CLEAN
TXN_000496,ACC_0070,ACC_0196,538493.01,2025-05-31 04:35:13.000000,0,CLEAN
TXN_000252,ACC_0203,ACC_0497,8401.71,2025-05-31 05:01:37.000000,0,CLEAN
TXN_001241,ACC_0343,ACC_0322,28191.26,2025-05-31 05:09:16.000000,0,CLEAN
TXN_001465,ACC_0029,ACC_0485,41538.29,2025-05-31 05:16:36.000000,0,CLEAN
TXN_001206,ACC_0305,ACC_0026,99594.33,2025-05-31 05:31:16.000000,0,CLEAN
TXN_001969,ACC_0452,ACC_0155,26529.94,2025-05-31 05:35:46.000000,0,CLEAN
TXN_005859,ACC_0215,ACC_0219,3832.33,2025-05-31 07:26:20.000000,0,CLEAN
TXN_004625,ACC_0456,ACC_0364,13023.99,2025-05-31 07:55:01.000000,0,CLEAN
TXN_001444,ACC_0295,ACC_0176,92259.25,2025-05-31 08:00:28.000000,0,CLEAN
TXN_000723,ACC_0469,ACC_0072,67555.09,2025-05-31 08:48:34.000000,0,CLEAN
TXN_004720,ACC_0356,ACC_0279,528164.23,2025-05-31 08:53:34.000000,0,CLEAN
TXN_002730,ACC_0039,ACC_0009,19402.08,2025-05-31 10:19:40.000000,0,CLEAN
TXN_001583,ACC_0261,ACC_0249,1159.48,2025-05-31 10:34:13.000000,0,CLEAN
TXN_010466,ACC_0267,ACC_0436,1977197.12,2025-05-31 12:00:01.193838,1,SHELL_LAYERING
TXN_000412,ACC_0058,ACC_0138,52789.92,2025-05-31 12:17:18.000000,0,CLEAN
TXN_002929,ACC_0297,ACC_0487,189469.71,2025-05-31 12:18:06.000000,0,CLEAN
TXN_001329,ACC_0241,ACC_0335,37356.96,2025-05-31 12:40:51.000000,0,CLEAN
TXN_003580,ACC_0453,ACC_0277,93947.51,2025-05-31 14:04:18.000000,0,CLEAN
TXN_000162,ACC_0282,ACC_0164,34574.44,2025-05-31 14:09:23.000000,0,CLEAN
TXN_001674,ACC_0028,ACC_0137,10376.36,2025-05-31 14:48:16.000000,0,CLEAN
TXN_003542,ACC_0483,ACC_0037,3216.89,2025-05-31 15:15:16.000000,0,CLEAN
TXN_004127,ACC_0381,ACC_0192,12094.99,2025-05-31 15:43:19.000000,0,CLEAN
TXN_001728,ACC_0232,ACC_0000,2208.77,2025-05-31 16:02:22.000000,0,CLEAN
TXN_004089,ACC_0472,ACC_0443,7188.49,2025-05-31 16:36:09.000000,0,CLEAN
TXN_000116,ACC_0386,ACC_0443,42791.39,2025-05-31 16:43:07.000000,0,CLEAN
TXN_001953,ACC_0218,ACC_0207,12411.27,2025-05-31 17:25:22.000000,0,CLEAN
TXN_006082,ACC_0061,ACC_0367,24223.35,2025-05-31 19:12:07.000000,0,CLEAN
TXN_002345,ACC_0037,ACC_0142,7002.67,2025-05-31 21:34:34.000000,0,CLEAN
TXN_004797,ACC_0324,ACC_0323,113350.11,2025-05-31 23:49:51.000000,0,CLEAN
TXN_040240,ACC_0206,ACC_0224,1930103.76,2025-06-01 00:00:00.000000,1,DORMANT_REACTIVATION
TXN_040167,ACC_0206,ACC_0281,2871113.05,2025-06-01 00:00:00.000000,1,DORMANT_REACTIVATION
TXN_040201,ACC_0098,ACC_0324,2196957.41,2025-06-01 00:00:00.000000,1,DORMANT_REACTIVATION
TXN_040007,ACC_0110,ACC_0304,839425.76,2025-06-01 00:00:00.000000,1,DORMANT_REACTIVATION
TXN_002434,ACC_0313,ACC_0192,135140.49,2025-06-01 00:09:57.000000,0,CLEAN
TXN_004129,ACC_0337,ACC_0045,68732.81,2025-06-01 00:29:17.000000,0,CLEAN
TXN_006139,ACC_0142,ACC_0312,34125.23,2025-06-01 01:48:34.000000,0,CLEAN
TXN_002259,ACC_0175,ACC_0274,92417.06,2025-06-01 04:11:57.000000,0,CLEAN
TXN_003334,ACC_0098,ACC_0422,8474.47,2025-06-01 04:18:13.000000,0,CLEAN
TXN_003715,ACC_0206,ACC_0391,83910.38,2025-06-01 04:44:28.000000,0,CLEAN
TXN_002704,ACC_0144,ACC_0191,8703.89,2025-06-01 05:30:27.000000,0,CLEAN
TXN_000963,ACC_0366,ACC_0092,10139.76,2025-06-01 06:07:44.000000,0,CLEAN
TXN_000514,ACC_0311,ACC_0145,490875.45,2025-06-01 06:15:42.000000,0,CLEAN
TXN_002476,ACC_0166,ACC_0117,241725.97,2025-06-01 06:17:16.000000,0,CLEAN
TXN_020555,ACC_0145,ACC_0440,197633.57,2025-06-01 06:40:46.000000,1,THRESHOLD_SPLIT
TXN_001930,ACC_0140,ACC_0077,84703.22,2025-06-01 06:54:21.000000,0,CLEAN
TXN_020556,ACC_0145,ACC_0440,196356.28,2025-06-01 06:54:46.000000,1,THRESHOLD_SPLIT
TXN_010003,ACC_0418,ACC_0124,3810118.52,2025-06-01 07:37:51.215752,1,SHELL_LAYERING
TXN_004400,ACC_0196,ACC_0288,20174.7,2025-06-01 08:08:15.000000,0,CLEAN
TXN_001476,ACC_0044,ACC_0142,196058.64,2025-06-01 09:32:20.000000,0,CLEAN
TXN_006216,ACC_0403,ACC_0213,175010.25,2025-06-01 09:55:16.000000,0,CLEAN
TXN_000892,ACC_0437,ACC_0292,744211.74,2025-06-01 10:16:18.000000,0,CLEAN
TXN_006453,ACC_0269,ACC_0308,13323.94,2025-06-01 10:46:23.000000,0,CLEAN
TXN_001814,ACC_0195,ACC_0040,98605.9,2025-06-01 11:37:53.000000,0,CLEAN
TXN_005301,ACC_0482,ACC_0187,25403.68,2025-06-01 12:02:04.000000,0,CLEAN
TXN_000897,ACC_0010,ACC_0443,8455.56,2025-06-01 12:28:43.000000,0,CLEAN
TXN_004431,ACC_0398,ACC_0481,1357.12,2025-06-01 13:27:18.000000,0,CLEAN
TXN_006287,ACC_0498,ACC_0285,6646.04,2025-06-01 13:48:17.000000,0,CLEAN
TXN_002344,ACC_0131,ACC_0082,50269.98,2025-06-01 14:28:17.000000,0,CLEAN
TXN_002746,ACC_0437,ACC_0256,70400.86,2025-06-01 14:48:06.000000,0,CLEAN
TXN_002369,ACC_0432,ACC_0372,229456.96,2025-06-01 15:25:49.000000,0,CLEAN
TXN_001597,ACC_0454,ACC_0227,7275.11,2025-06-01 15:36:10.000000,0,CLEAN
TXN_005928,ACC_0257,ACC_0190,276288.48,2025-06-01 15:44:24.000000,0,CLEAN
TXN_001134,ACC_0473,ACC_0260,21978.87,2025-06-01 16:06:12.000000,0,CLEAN
TXN_003373,ACC_0460,ACC_0172,3962.43,2025-06-01 17:21:06.000000,0,CLEAN
TXN_004633,ACC_0496,ACC_0408,71709.48,2025-06-01 17:48:00.000000,0,CLEAN
TXN_000836,ACC_0300,ACC_0267,14470.91,2025-06-01 18:55:09.000000,0,CLEAN
TXN_000684,ACC_0009,ACC_0196,8230.14,2025-06-01 19:59:29.000000,0,CLEAN
TXN_006437,ACC_0134,ACC_0032,18218.83,2025-06-01 20:10:15.000000,0,CLEAN
TXN_003441,ACC_0276,ACC_0086,229884.72,2025-06-01 20:29:39.000000,0,CLEAN
TXN_005988,ACC_0106,ACC_0009,66396.67,2025-06-01 20:37:11.000000,0,CLEAN
TXN_003509,ACC_0267,ACC_0374,93900.43,2025-06-01 21:33:42.000000,0,CLEAN
TXN_002738,ACC_0386,ACC_0049,47909.34,2025-06-01 22:06:44.000000,0,CLEAN
TXN_005227,ACC_0040,ACC_0066,25696.77,2025-06-01 22:11:21.000000,0,CLEAN
TXN_005356,ACC_0337,ACC_0128,1292.89,2025-06-01 22:22:14.000000,0,CLEAN
TXN_002449,ACC_0321,ACC_0424,3147.27,2025-06-01 23:06:04.000000,0,CLEAN
TXN_003549,ACC_0355,ACC_0033,65510.16,2025-06-01 23:23:45.000000,0,CLEAN
TXN_000285,ACC_0153,ACC_0248,183720.54,2025-06-01 23:29:27.000000,0,CLEAN
TXN_004333,ACC_0242,ACC_0362,92005.92,2025-06-01 23:43:30.000000,0,CLEAN
TXN_040150,ACC_0355,ACC_0194,1672185.97,2025-06-02 00:00:00.000000,1,DORMANT_REACTIVATION
TXN_040188,ACC_0387,ACC_0123,1890225.81,2025-06-02 00:00:00.000000,1,DORMANT_REACTIVATION
TXN_040250,ACC_0041,ACC_0311,2555642.16,2025-06-02 00:00:00.000000,1,DORMANT_REACTIVATION
TXN_003439,ACC_0256,ACC_0104,11397.47,2025-06-02 00:29:33.000000,0,CLEAN
TXN_003564,ACC_0480,ACC_0345,8204.64,2025-06-02 00:42:51.000000,0,CLEAN
TXN_000559,ACC_0267,ACC_0264,20828.52,2025-06-02 00:59:03.000000,0,CLEAN
TXN_006145,ACC_0433,ACC_0419,539134.38,2025-06-02 01:27:07.000000,0,CLEAN
TXN_001448,ACC_0117,ACC_0229,196629.27,2025-06-02 01:33:13.000000,0,CLEAN
TXN_006377,ACC_0164,ACC_0014,12085.68,2025-06-02 02:17:51.000000,0,CLEAN
TXN_005716,ACC_0086,ACC_0001,36987.5,2025-06-02 02:44:42.000000,0,CLEAN
TXN_006554,ACC_0141,ACC_0229,45003.07,2025-06-02 04:21:08.000000,0,CLEAN
TXN_001440,ACC_0211,ACC_0283,57645.98,2025-06-02 04:43:07.000000,0,CLEAN
TXN_005606,ACC_0063,ACC_0417,1210739.17,2025-06-02 05:57:16.000000,0,CLEAN
TXN_000348,ACC_0175,ACC_0234,13952.17,2025-06-02 06:57:47.000000,0,CLEAN
TXN_001180,ACC_0121,ACC_0262,66542.43,2025-06-02 07:08:10.000000,0,CLEAN
TXN_002179,ACC_0302,ACC_0220,24460.81,2025-06-02 07:10:04.000000,0,CLEAN
TXN_002100,ACC_0057,ACC_0192,2175.84,2025-06-02 10:06:14.000000,0,CLEAN
TXN_003590,ACC_0465,ACC_0103,6988.84,2025-06-02 11:35:40.000000,0,CLEAN
TXN_004621,ACC_0174,ACC_0230,18878.27,2025-06-02 12:00:17.000000,0,CLEAN
TXN_004113,ACC_0052,ACC_0348,16838.76,2025-06-02 12:41:30.000000,0,CLEAN
TXN_000438,ACC_0492,ACC_0384,52349.68,2025-06-02 13:35:08.000000,0,CLEAN
TXN_000842,ACC_0399,ACC_0051,69941.0,2025-06-02 13:50:24.000000,0,CLEAN
TXN_003700,ACC_0264,ACC_0301,52338.41,2025-06-02 14:54:26.000000,0,CLEAN
TXN_004802,ACC_0399,ACC_0414,131511.32,2025-06-02 15:15:00.000000,0,CLEAN
TXN_001213,ACC_0266,ACC_0034,129460.68,2025-06-02 16:13:44.000000,0,CLEAN
TXN_005432,ACC_0117,ACC_0230,42377.64,2025-06-02 16:26:34.000000,0,CLEAN
TXN_006372,ACC_0473,ACC_0056,4793.96,2025-06-02 17:37:13.000000,0,CLEAN
TXN_001264,ACC_0054,ACC_0149,25107.11,2025-06-02 19:10:55.000000,0,CLEAN
TXN_002027,ACC_0304,ACC_0293,90244.32,2025-06-02 21:07:09.000000,0,CLEAN
TXN_002180,ACC_0222,ACC_0291,100580.55,2025-06-02 21:12:31.000000,0,CLEAN
TXN_000061,ACC_0305,ACC_0448,816760.51,2025-06-02 21:24:48.000000,0,CLEAN
TXN_010004,ACC_0124,ACC_0166,3613749.59,2025-06-02 22:30:50.729098,1,SHELL_LAYERING
TXN_040242,ACC_0182,ACC_0319,1027146.53,2025-06-03 00:00:00.000000,1,DORMANT_REACTIVATION
TXN_040073,ACC_0206,ACC_0322,1742591.74,2025-06-03 00:00:00.000000,1,DORMANT_REACTIVATION
TXN_040034,ACC_0253,ACC_0208,513216.23,2025-06-03 00:00:00.000000,1,DORMANT_REACTIVATION
TXN_040283,ACC_0182,ACC_0393,975716.53,2025-06-03 00:00:00.000000,1,DORMANT_REACTIVATION
TXN_040061,ACC_0031,ACC_0243,2464238.06,2025-06-03 00:00:00.000000,1,DORMANT_REACTIVATION
TXN_005314,ACC_0371,ACC_0418,941.08,2025-06-03 00:04:00.000000,0,CLEAN
TXN_001184,ACC_0198,ACC_0214,6194.64,2025-06-03 00:51:57.000000,0,CLEAN
TXN_006539,ACC_0177,ACC_0332,11227.41,2025-06-03 00:58:53.000000,0,CLEAN
TXN_005868,ACC_0339,ACC_0170,10600.77,2025-06-03 02:59:59.000000,0,CLEAN
TXN_005801,ACC_0392,ACC_0086,4181.93,2025-06-03 03:46:45.000000,0,CLEAN
TXN_004220,ACC_0379,ACC_0347,164511.51,2025-06-03 03:49:45.000000,0,CLEAN
TXN_004505,ACC_0408,ACC_0039,5370.37,2025-06-03 04:20:09.000000,0,CLEAN
TXN_000319,ACC_0366,ACC_0216,179552.08,2025-06-03 05:21:51.000000,0,CLEAN
TXN_001698,ACC_0061,ACC_0203,13873.97,2025-06-03 05:40:35.000000,0,CLEAN
TXN_003598,ACC_0232,ACC_0449,29784.58,2025-06-03 05:53:54.000000,0,CLEAN
TXN_003986,ACC_0340,ACC_0298,68257.97,2025-06-03 05:58:19.000000,0,CLEAN
TXN_030165,ACC_0158,ACC_0315,32573.16,2025-06-03 07:36:08.000000,1,VELOCITY_BURST
TXN_030167,ACC_0158,ACC_0421,43357.79,2025-06-03 07:37:08.000000,1,VELOCITY_BURST
TXN_030160,ACC_0158,ACC_0051,12647.05,2025-06-03 07:44:08.000000,1,VELOCITY_BURST
TXN_030161,ACC_0158,ACC_0019,42088.59,2025-06-03 07:47:08.000000,1,VELOCITY_BURST
TXN_030169,ACC_0158,ACC_0098,28170.12,2025-06-03 07:47:08.000000,1,VELOCITY_BURST
TXN_030162,ACC_0158,ACC_0299,9839.23,2025-06-03 07:50:08.000000,1,VELOCITY_BURST
TXN_030166,ACC_0158,ACC_0000,7922.41,2025-06-03 07:51:08.000000,1,VELOCITY_BURST
TXN_030168,ACC_0158,ACC_0473,33955.88,2025-06-03 07:54:08.000000,1,VELOCITY_BURST
TXN_030164,ACC_0158,ACC_0020,28673.94,2025-06-03 07:58:08.000000,1,VELOCITY_BURST
TXN_030163,ACC_0158,ACC_0042,18114.28,2025-06-03 07:58:08.000000,1,VELOCITY_BURST
TXN_002913,ACC_0014,ACC_0133,10424.44,2025-06-03 08:07:41.000000,0,CLEAN
TXN_003180,ACC_0320,ACC_0440,6772.87,2025-06-03 09:43:14.000000,0,CLEAN
TXN_010803,ACC_0418,ACC_0124,2989696.69,2025-06-03 10:14:39.729000,1,SHELL_LAYERING
TXN_003656,ACC_0326,ACC_0472,80001.85,2025-06-03 12:34:37.000000,0,CLEAN
TXN_004405,ACC_0004,ACC_0451,146147.04,2025-06-03 12:40:53.000000,0,CLEAN
TXN_000030,ACC_0377,ACC_0172,94645.03,2025-06-03 13:14:39.000000,0,CLEAN
TXN_010005,ACC_0166,ACC_0233,3565347.07,2025-06-03 13:22:39.804376,1,SHELL_LAYERING
TXN_004866,ACC_0165,ACC_0220,280644.34,2025-06-03 13:50:39.000000,0,CLEAN
TXN_003842,ACC_0364,ACC_0274,675031.05,2025-06-03 15:32:16.000000,0,CLEAN
TXN_004102,ACC_0165,ACC_0386,421932.06,2025-06-03 15:37:12.000000,0,CLEAN
TXN_001708,ACC_0359,ACC_0274,22706.65,2025-06-03 16:30:00.000000,0,CLEAN
TXN_004923,ACC_0352,ACC_0313,31678.27,2025-06-03 17:15:11.000000,0,CLEAN
TXN_000730,ACC_0485,ACC_0223,15736.88,2025-06-03 18:15:13.000000,0,CLEAN
TXN_003762,ACC_0431,ACC_0364,113467.57,2025-06-03 20:36:13.000000,0,CLEAN
TXN_002172,ACC_0332,ACC_0036,53672.89,2025-06-03 20:59:45.000000,0,CLEAN
TXN_005050,ACC_0232,ACC_0291,8440.98,2025-06-03 21:26:12.000000,0,CLEAN
TXN_005616,ACC_0376,ACC_0301,124682.49,2025-06-03 21:52:37.000000,0,CLEAN
TXN_002993,ACC_0351,ACC_0210,16269.13,2025-06-03 21:58:50.000000,0,CLEAN
TXN_001364,ACC_0176,ACC_0250,256917.52,2025-06-03 22:03:05.000000,0,CLEAN
TXN_001807,ACC_0370,ACC_0166,27589.9,2025-06-03 23:12:04.000000,0,CLEAN
TXN_040125,ACC_0175,ACC_0027,1794886.08,2025-06-04 00:00:00.000000,1,DORMANT_REACTIVATION
TXN_040141,ACC_0101,ACC_0225,2459124.21,2025-06-04 00:00:00.000000,1,DORMANT_REACTIVATION
TXN_040029,ACC_0481,ACC_0414,1402820.5,2025-06-04 00:00:00.000000,1,DORMANT_REACTIVATION
TXN_040134,ACC_0087,ACC_0217,2302299.59,2025-06-04 00:00:00.000000,1,DORMANT_REACTIVATION
TXN_040123,ACC_0072,ACC_0118,2342508.94,2025-06-04 00:00:00.000000,1,DORMANT_REACTIVATION
TXN_040127,ACC_0072,ACC_0261,2645757.89,2025-06-04 00:00:00.000000,1,DORMANT_REACTIVATION
TXN_002424,ACC_0164,ACC_0429,41673.83,2025-06-04 00:07:18.000000,0,CLEAN
TXN_004848,ACC_0052,ACC_0299,1811.06,2025-06-04 00:21:43.000000,0,CLEAN
TXN_005516,ACC_0040,ACC_0382,953450.95,2025-06-04 01:08:25.000000,0,CLEAN
TXN_003903,ACC_0419,ACC_0489,61260.63,2025-06-04 02:15:04.000000,0,CLEAN
TXN_006531,ACC_0302,ACC_0430,16353.27,2025-06-04 02:26:38.000000,0,CLEAN
TXN_000856,ACC_0172,ACC_0419,16004.63,2025-06-04 02:41:12.000000,0,CLEAN
TXN_000521,ACC_0401,ACC_0460,15358.89,2025-06-04 03:16:25.000000,0,CLEAN
TXN_020090,ACC_0427,ACC_0155,198277.8,2025-06-04 03:27:36.000000,1,THRESHOLD_SPLIT
TXN_020091,ACC_0427,ACC_0155,195480.91,2025-06-04 03:52:36.000000,1,THRESHOLD_SPLIT
TXN_020093,ACC_0427,ACC_0155,195141.44,2025-06-04 04:24:36.000000,1,THRESHOLD_SPLIT
TXN_020092,ACC_0427,ACC_0155,196070.18,2025-06-04 04:49:36.000000,1,THRESHOLD_SPLIT
TXN_001758,ACC_0420,ACC_0188,730.46,2025-06-04 05:28:16.000000,0,CLEAN
TXN_020360,ACC_0307,ACC_0008,196475.29,2025-06-04 05:52:49.000000,1,THRESHOLD_SPLIT
TXN_020362,ACC_0307,ACC_0008,196789.32,2025-06-04 06:14:49.000000,1,THRESHOLD_SPLIT
TXN_020361,ACC_0307,ACC_0008,196428.8,2025-06-04 06:20:49.000000,1,THRESHOLD_SPLIT
TXN_006505,ACC_0354,ACC_0444,116470.99,2025-06-04 06:25:53.000000,0,CLEAN
TXN_002536,ACC_0277,ACC_0295,21724.07,2025-06-04 06:32:21.000000,0,CLEAN
TXN_000683,ACC_0410,ACC_0278,3443.52,2025-06-04 08:15:07.000000,0,CLEAN
TXN_000212,ACC_0181,ACC_0136,16036.48,2025-06-04 08:40:18.000000,0,CLEAN
TXN_001275,ACC_0454,ACC_0469,5013.88,2025-06-04 09:02:53.000000,0,CLEAN
TXN_004764,ACC_0429,ACC_0463,216777.94,2025-06-04 09:36:45.000000,0,CLEAN
TXN_004145,ACC_0465,ACC_0441,410220.49,2025-06-04 10:00:58.000000,0,CLEAN
TXN_005049,ACC_0062,ACC_0222,266221.87,2025-06-04 10:31:11.000000,0,CLEAN
TXN_005190,ACC_0469,ACC_0375,40237.61,2025-06-04 11:47:15.000000,0,CLEAN
TXN_000459,ACC_0435,ACC_0032,71080.11,2025-06-04 12:07:40.000000,0,CLEAN
TXN_002085,ACC_0469,ACC_0454,14206.91,2025-06-04 12:36:59.000000,0,CLEAN
TXN_004608,ACC_0012,ACC_0301,7255.15,2025-06-04 13:57:06.000000,0,CLEAN
TXN_003389,ACC_0292,ACC_0323,129886.72,2025-06-04 14:22:07.000000,0,CLEAN
TXN_001228,ACC_0195,ACC_0469,63002.58,2025-06-04 14:35:29.000000,0,CLEAN
TXN_000334,ACC_0169,ACC_0495,34474.41,2025-06-04 14:42:20.000000,0,CLEAN
TXN_020050,ACC_0220,ACC_0259,195752.24,2025-06-04 14:48:05.000000,1,THRESHOLD_SPLIT
TXN_005826,ACC_0415,ACC_0349,16726.17,2025-06-04 14:53:37.000000,0,CLEAN
TXN_020052,ACC_0220,ACC_0259,197684.34,2025-06-04 15:16:05.000000,1,THRESHOLD_SPLIT
TXN_020051,ACC_0220,ACC_0259,197628.24,2025-06-04 15:22:05.000000,1,THRESHOLD_SPLIT
TXN_001986,ACC_0464,ACC_0364,20318.84,2025-06-04 15:53:41.000000,0,CLEAN
TXN_004066,ACC_0347,ACC_0479,130444.48,2025-06-04 16:15:48.000000,0,CLEAN
TXN_002458,ACC_0099,ACC_0057,199472.21,2025-06-04 16:29:07.000000,0,CLEAN
TXN_005550,ACC_0248,ACC_0251,286579.54,2025-06-04 17:06:22.000000,0,CLEAN
TXN_002170,ACC_0418,ACC_0365,12769.85,2025-06-04 17:09:37.000000,0,CLEAN
TXN_001642,ACC_0305,ACC_0118,47099.26,2025-06-04 17:12:18.000000,0,CLEAN
TXN_001271,ACC_0382,ACC_0200,461656.58,2025-06-04 17:13:09.000000,0,CLEAN
TXN_004027,ACC_0065,ACC_0255,114209.59,2025-06-04 17:27:14.000000,0,CLEAN
TXN_004509,ACC_0228,ACC_0370,29369.31,2025-06-04 17:35:36.000000,0,CLEAN
TXN_005708,ACC_0052,ACC_0065,33027.28,2025-06-04 17:45:03.000000,0,CLEAN
TXN_003101,ACC_0375,ACC_0465,12349.07,2025-06-04 18:26:42.000000,0,CLEAN
TXN_000681,ACC_0329,ACC_0453,293022.13,2025-06-04 19:12:42.000000,0,CLEAN
TXN_004065,ACC_0394,ACC_0186,15429.54,2025-06-04 20:42:14.000000,0,CLEAN
TXN_003957,ACC_0293,ACC_0398,4916.28,2025-06-04 20:46:39.000000,0,CLEAN
TXN_000312,ACC_0107,ACC_0225,318210.0,2025-06-04 21:29:02.000000,0,CLEAN
TXN_006154,ACC_0040,ACC_0497,16032.44,2025-06-04 22:33:59.000000,0,CLEAN
TXN_006277,ACC_0412,ACC_0249,59044.97,2025-06-04 23:24:05.000000,0,CLEAN
TXN_004205,ACC_0074,ACC_0445,29941.8,2025-06-04 23:24:11.000000,0,CLEAN
TXN_003066,ACC_0336,ACC_0325,51206.0,2025-06-04 23:58:32.000000,0,CLEAN
TXN_002263,ACC_0215,ACC_0180,14081.73,2025-06-04 23:59:23.000000,0,CLEAN
TXN_040082,ACC_0371,ACC_0252,1068944.21,2025-06-05 00:00:00.000000,1,DORMANT_REACTIVATION
TXN_040244,ACC_0110,ACC_0124,1260015.49,2025-06-05 00:00:00.000000,1,DORMANT_REACTIVATION
TXN_040210,ACC_0371,ACC_0399,1537556.72,2025-06-05 00:00:00.000000,1,DORMANT_REACTIVATION
TXN_040086,ACC_0087,ACC_0052,2202401.88,2025-06-05 00:00:00.000000,1,DORMANT_REACTIVATION
TXN_004233,ACC_0224,ACC_0181,73873.62,2025-06-05 01:08:05.000000,0,CLEAN
TXN_010804,ACC_0124,ACC_0166,3004009.05,2025-06-05 01:57:22.306271,1,SHELL_LAYERING
TXN_002952,ACC_0378,ACC_0339,29986.96,2025-06-05 03:20:11.000000,0,CLEAN
TXN_003246,ACC_0484,ACC_0224,1386.31,2025-06-05 03:32:55.000000,0,CLEAN
TXN_005501,ACC_0276,ACC_0275,14095.4,2025-06-05 03:34:21.000000,0,CLEAN
TXN_002103,ACC_0259,ACC_0012,6096.68,2025-06-05 03:43:39.000000,0,CLEAN
TXN_003286,ACC_0323,ACC_0366,58368.84,2025-06-05 03:56:22.000000,0,CLEAN
TXN_002417,ACC_0254,ACC_0305,99010.6,2025-06-05 04:25:35.000000,0,CLEAN
TXN_000767,ACC_0231,ACC_0037,9359.42,2025-06-05 04:30:59.000000,0,CLEAN
TXN_002284,ACC_0248,ACC_0092,17486.7,2025-06-05 05:20:36.000000,0,CLEAN
TXN_001669,ACC_0159,ACC_0403,73096.63,2025-06-05 05:45:52.000000,0,CLEAN
TXN_002084,ACC_0350,ACC_0169,188095.27,2025-06-05 06:06:16.000000,0,CLEAN
TXN_002057,ACC_0434,ACC_0106,36499.84,2025-06-05 06:14:23.000000,0,CLEAN
TXN_001290,ACC_0092,ACC_0344,2180.35,2025-06-05 06:41:09.000000,0,CLEAN
TXN_003221,ACC_0407,ACC_0241,467315.04,2025-06-05 07:07:43.000000,0,CLEAN
TXN_005058,ACC_0147,ACC_0033,34758.36,2025-06-05 07:16:06.000000,0,CLEAN
TXN_002698,ACC_0432,ACC_0350,20775.33,2025-06-05 07:41:52.000000,0,CLEAN
TXN_001112,ACC_0324,ACC_0494,136579.84,2025-06-05 07:51:48.000000,0,CLEAN
TXN_000356,ACC_0055,ACC_0347,10419.84,2025-06-05 08:30:13.000000,0,CLEAN
TXN_001504,ACC_0359,ACC_0117,2120.86,2025-06-05 09:01:20.000000,0,CLEAN
TXN_020230,ACC_0076,ACC_0155,195418.63,2025-06-05 10:51:53.000000,1,THRESHOLD_SPLIT
TXN_020231,ACC_0076,ACC_0155,195394.91,2025-06-05 10:57:53.000000,1,THRESHOLD_SPLIT
TXN_020232,ACC_0076,ACC_0155,195586.58,2025-06-05 12:01:53.000000,1,THRESHOLD_SPLIT
TXN_010780,ACC_0166,ACC_0378,2901866.17,2025-06-05 12:10:12.000000,1,SHELL_LAYERING
TXN_002793,ACC_0387,ACC_0405,60296.85,2025-06-05 12:51:25.000000,0,CLEAN
TXN_004076,ACC_0340,ACC_0435,6213.98,2025-06-05 14:17:24.000000,0,CLEAN
TXN_020340,ACC_0251,ACC_0155,195367.6,2025-06-05 14:21:51.000000,1,THRESHOLD_SPLIT
TXN_004776,ACC_0424,ACC_0026,4000.86,2025-06-05 14:28:34.000000,0,CLEAN
TXN_020341,ACC_0251,ACC_0155,198659.3,2025-06-05 14:33:51.000000,1,THRESHOLD_SPLIT
TXN_003103,ACC_0441,ACC_0024,36352.72,2025-06-05 15:31:51.000000,0,CLEAN
TXN_020342,ACC_0251,ACC_0155,196478.74,2025-06-05 15:33:51.000000,1,THRESHOLD_SPLIT
TXN_001038,ACC_0148,ACC_0185,6280.0,2025-06-05 15:42:30.000000,0,CLEAN
TXN_020343,ACC_0251,ACC_0155,199047.8,2025-06-05 16:00:51.000000,1,THRESHOLD_SPLIT
TXN_005285,ACC_0290,ACC_0023,88141.98,2025-06-05 16:30:19.000000,0,CLEAN
TXN_002580,ACC_0011,ACC_0447,219871.26,2025-06-05 17:32:24.000000,0,CLEAN
TXN_004519,ACC_0170,ACC_0070,65987.52,2025-06-05 18:14:51.000000,0,CLEAN
TXN_003041,ACC_0480,ACC_0343,320136.31,2025-06-05 18:44:56.000000,0,CLEAN
TXN_001417,ACC_0219,ACC_0117,14310.21,2025-06-05 18:59:23.000000,0,CLEAN
TXN_002776,ACC_0458,ACC_0430,210091.42,2025-06-05 19:37:28.000000,0,CLEAN
TXN_004885,ACC_0100,ACC_0025,37601.3,2025-06-05 20:58:13.000000,0,CLEAN
TXN_000167,ACC_0238,ACC_0050,346621.78,2025-06-05 21:23:47.000000,0,CLEAN
TXN_001233,ACC_0191,ACC_0264,23045.6,2025-06-05 21:23:49.000000,0,CLEAN
TXN_000582,ACC_0018,ACC_0284,22416.38,2025-06-05 22:47:21.000000,0,CLEAN
TXN_005668,ACC_0087,ACC_0321,28483.14,2025-06-05 22:58:01.000000,0,CLEAN
TXN_004582,ACC_0084,ACC_0027,41220.88,2025-06-05 23:49:56.000000,0,CLEAN
TXN_040083,ACC_0041,ACC_0354,690670.68,2025-06-06 00:00:00.000000,1,DORMANT_REACTIVATION
TXN_040172,ACC_0304,ACC_0372,927177.84,2025-06-06 00:00:00.000000,1,DORMANT_REACTIVATION
TXN_040276,ACC_0110,ACC_0072,2755621.27,2025-06-06 00:00:00.000000,1,DORMANT_REACTIVATION
TXN_005917,ACC_0441,ACC_0207,332308.4,2025-06-06 00:48:56.000000,0,CLEAN
TXN_005515,ACC_0495,ACC_0181,9976.98,2025-06-06 01:14:20.000000,0,CLEAN
TXN_002646,ACC_0379,ACC_0212,12563.63,2025-06-06 01:26:45.000000,0,CLEAN
TXN_006071,ACC_0328,ACC_0056,5007.35,2025-06-06 01:27:09.000000,0,CLEAN
TXN_005017,ACC_0051,ACC_0156,92949.12,2025-06-06 02:24:40.000000,0,CLEAN
TXN_002133,ACC_0482,ACC_0360,57928.4,2025-06-06 02:55:29.000000,0,CLEAN
TXN_001432,ACC_0105,ACC_0353,18070.47,2025-06-06 04:14:59.000000,0,CLEAN
TXN_004109,ACC_0107,ACC_0112,10318.16,2025-06-06 04:34:55.000000,0,CLEAN
TXN_003671,ACC_0209,ACC_0188,28539.76,2025-06-06 05:15:45.000000,0,CLEAN
TXN_005563,ACC_0247,ACC_0431,1305310.57,2025-06-06 06:16:23.000000,0,CLEAN
TXN_004103,ACC_0297,ACC_0444,259766.95,2025-06-06 07:54:23.000000,0,CLEAN
TXN_006117,ACC_0079,ACC_0381,1261878.02,2025-06-06 08:29:51.000000,0,CLEAN
TXN_006228,ACC_0181,ACC_0331,7576.04,2025-06-06 09:17:59.000000,0,CLEAN
TXN_000923,ACC_0460,ACC_0029,10313.26,2025-06-06 09:34:30.000000,0,CLEAN
TXN_006400,ACC_0263,ACC_0066,150273.37,2025-06-06 09:39:26.000000,0,CLEAN
TXN_001561,ACC_0076,ACC_0243,29553.05,2025-06-06 10:41:12.000000,0,CLEAN
TXN_002935,ACC_0377,ACC_0199,137799.59,2025-06-06 11:29:38.000000,0,CLEAN
TXN_004749,ACC_0257,ACC_0298,68585.35,2025-06-06 11:37:45.000000,0,CLEAN
TXN_002231,ACC_0070,ACC_0329,454758.33,2025-06-06 11:57:36.000000,0,CLEAN
TXN_000493,ACC_0045,ACC_0375,13056.27,2025-06-06 12:01:51.000000,0,CLEAN
TXN_004219,ACC_0092,ACC_0177,42946.0,2025-06-06 12:37:42.000000,0,CLEAN
TXN_005914,ACC_0054,ACC_0239,62745.5,2025-06-06 13:17:57.000000,0,CLEAN
TXN_003278,ACC_0005,ACC_0368,1614.24,2025-06-06 13:22:57.000000,0,CLEAN
TXN_001337,ACC_0434,ACC_0494,42737.82,2025-06-06 14:44:56.000000,0,CLEAN
TXN_006432,ACC_0130,ACC_0175,52639.43,2025-06-06 16:50:20.000000,0,CLEAN
TXN_000565,ACC_0015,ACC_0172,6771.62,2025-06-06 17:23:42.000000,0,CLEAN
TXN_005926,ACC_0059,ACC_0310,10704.32,2025-06-06 17:28:31.000000,0,CLEAN
TXN_002440,ACC_0213,ACC_0356,161919.69,2025-06-06 18:48:42.000000,0,CLEAN
TXN_005764,ACC_0384,ACC_0279,14756.24,2025-06-06 18:53:59.000000,0,CLEAN
TXN_004615,ACC_0452,ACC_0110,79145.1,2025-06-06 19:06:39.000000,0,CLEAN
TXN_005255,ACC_0427,ACC_0391,7605.24,2025-06-06 19:09:52.000000,0,CLEAN
TXN_000640,ACC_0046,ACC_0081,23240.57,2025-06-06 19:40:27.000000,0,CLEAN
TXN_001588,ACC_0085,ACC_0328,18400.39,2025-06-06 20:14:04.000000,0,CLEAN
TXN_004439,ACC_0297,ACC_0323,4446.6,2025-06-06 20:18:30.000000,0,CLEAN
TXN_002051,ACC_0254,ACC_0252,2164.87,2025-06-06 21:27:41.000000,0,CLEAN
TXN_005403,ACC_0311,ACC_0108,178120.53,2025-06-06 21:42:44.000000,0,CLEAN
TXN_000543,ACC_0471,ACC_0104,34277.26,2025-06-06 21:49:58.000000,0,CLEAN
TXN_001165,ACC_0433,ACC_0216,35090.93,2025-06-06 22:58:23.000000,0,CLEAN
TXN_003492,ACC_0320,ACC_0155,1875.76,2025-06-06 23:29:04.000000,0,CLEAN
TXN_000823,ACC_0497,ACC_0108,75338.94,2025-06-06 23:42:00.000000,0,CLEAN
TXN_040258,ACC_0182,ACC_0275,2458826.9,2025-06-07 00:00:00.000000,1,DORMANT_REACTIVATION
TXN_040195,ACC_0212,ACC_0425,1815531.33,2025-06-07 00:00:00.000000,1,DORMANT_REACTIVATION
TXN_040121,ACC_0471,ACC_0475,727561.87,2025-06-07 00:00:00.000000,1,DORMANT_REACTIVATION
TXN_004679,ACC_0031,ACC_0480,37180.76,2025-06-07 00:02:22.000000,0,CLEAN
TXN_005189,ACC_0118,ACC_0396,28215.06,2025-06-07 00:08:29.000000,0,CLEAN
TXN_005208,ACC_0416,ACC_0270,11382.32,2025-06-07 00:41:08.000000,0,CLEAN
TXN_000369,ACC_0385,ACC_0360,740667.29,2025-06-07 00:57:14.000000,0,CLEAN
TXN_002564,ACC_0484,ACC_0354,3745.44,2025-06-07 01:15:43.000000,0,CLEAN
TXN_000744,ACC_0162,ACC_0472,13712.78,2025-06-07 01:18:48.000000,0,CLEAN
TXN_004865,ACC_0058,ACC_0093,3842.31,2025-06-07 02:24:06.000000,0,CLEAN
TXN_005848,ACC_0011,ACC_0225,6284.11,2025-06-07 03:14:41.000000,0,CLEAN
TXN_002814,ACC_0277,ACC_0175,21116.41,2025-06-07 04:27:27.000000,0,CLEAN
TXN_005638,ACC_0170,ACC_0073,38783.23,2025-06-07 05:23:09.000000,0,CLEAN
TXN_010781,ACC_0378,ACC_0071,2985474.83,2025-06-07 05:58:02.692770,1,SHELL_LAYERING
TXN_002197,ACC_0386,ACC_0325,5072.92,2025-06-07 06:07:30.000000,0,CLEAN
TXN_010805,ACC_0166,ACC_0233,3088596.64,2025-06-07 06:35:27.978361,1,SHELL_LAYERING
TXN_005212,ACC_0104,ACC_0017,131282.42,2025-06-07 06:54:53.000000,0,CLEAN
TXN_001575,ACC_0285,ACC_0478,22604.19,2025-06-07 06:56:51.000000,0,CLEAN
TXN_000924,ACC_0438,ACC_0410,7576.35,2025-06-07 07:00:31.000000,0,CLEAN
TXN_000353,ACC_0153,ACC_0022,216106.11,2025-06-07 07:44:24.000000,0,CLEAN
TXN_003711,ACC_0004,ACC_0256,16202.62,2025-06-07 08:44:39.000000,0,CLEAN
TXN_000691,ACC_0015,ACC_0459,4909.67,2025-06-07 10:05:10.000000,0,CLEAN
TXN_000424,ACC_0121,ACC_0107,218069.68,2025-06-07 10:08:54.000000,0,CLEAN
TXN_003125,ACC_0387,ACC_0216,8761.84,2025-06-07 11:30:27.000000,0,CLEAN
TXN_001803,ACC_0119,ACC_0132,52854.61,2025-06-07 11:52:47.000000,0,CLEAN
TXN_001373,ACC_0117,ACC_0213,116948.72,2025-06-07 12:20:18.000000,0,CLEAN
TXN_005268,ACC_0396,ACC_0401,49395.42,2025-06-07 13:13:35.000000,0,CLEAN
TXN_006086,ACC_0030,ACC_0150,310745.08,2025-06-07 14:37:15.000000,0,CLEAN
TXN_002395,ACC_0494,ACC_0427,13116172.38,2025-06-07 15:09:36.000000,0,CLEAN
TXN_003300,ACC_0176,ACC_0455,4524.16,2025-06-07 15:24:25.000000,0,CLEAN
TXN_000423,ACC_0060,ACC_0398,12705.86,2025-06-07 15:40:35.000000,0,CLEAN
TXN_004149,ACC_0274,ACC_0402,25743.22,2025-06-07 17:06:32.000000,0,CLEAN
TXN_002968,ACC_0162,ACC_0451,18364.57,2025-06-07 17:20:56.000000,0,CLEAN
TXN_000326,ACC_0359,ACC_0459,388231.94,2025-06-07 17:34:41.000000,0,CLEAN
TXN_004011,ACC_0326,ACC_0491,177499.18,2025-06-07 19:04:45.000000,0,CLEAN
TXN_000660,ACC_0132,ACC_0470,854.82,2025-06-07 19:40:33.000000,0,CLEAN
TXN_003145,ACC_0368,ACC_0291,6828.98,2025-06-07 20:02:16.000000,0,CLEAN
TXN_001493,ACC_0448,ACC_0275,105077.74,2025-06-07 21:32:28.000000,0,CLEAN
TXN_000205,ACC_0008,ACC_0258,90130.59,2025-06-07 21:35:14.000000,0,CLEAN
TXN_000429,ACC_0401,ACC_0105,32904.83,2025-06-07 23:19:26.000000,0,CLEAN
TXN_040017,ACC_0175,ACC_0477,1812385.86,2025-06-08 00:00:00.000000,1,DORMANT_REACTIVATION
TXN_040118,ACC_0469,ACC_0142,1289325.5,2025-06-08 00:00:00.000000,1,DORMANT_REACTIVATION
TXN_040151,ACC_0465,ACC_0239,565628.38,2025-06-08 00:00:00.000000,1,DORMANT_REACTIVATION
TXN_040146,ACC_0098,ACC_0280,2531914.69,2025-06-08 00:00:00.000000,1,DORMANT_REACTIVATION
TXN_040006,ACC_0098,ACC_0068,2607555.96,2025-06-08 00:00:00.000000,1,DORMANT_REACTIVATION
TXN_001570,ACC_0030,ACC_0111,154522.69,2025-06-08 00:40:01.000000,0,CLEAN
TXN_004237,ACC_0451,ACC_0473,38216.1,2025-06-08 01:37:23.000000,0,CLEAN
TXN_010320,ACC_0166,ACC_0418,2788265.67,2025-06-08 03:11:58.000000,1,SHELL_LAYERING
TXN_003971,ACC_0230,ACC_0291,249128.79,2025-06-08 03:14:29.000000,0,CLEAN
TXN_000736,ACC_0340,ACC_0301,449796.81,2025-06-08 03:37:54.000000,0,CLEAN
TXN_006335,ACC_0194,ACC_0303,6216.94,2025-06-08 03:50:32.000000,0,CLEAN
TXN_004395,ACC_0097,ACC_0380,35783.16,2025-06-08 04:00:04.000000,0,CLEAN
TXN_002723,ACC_0014,ACC_0382,103032.97,2025-06-08 04:11:25.000000,0,CLEAN
TXN_004510,ACC_0402,ACC_0244,399305.76,2025-06-08 04:32:35.000000,0,CLEAN
TXN_003604,ACC_0376,ACC_0394,33058.72,2025-06-08 04:33:23.000000,0,CLEAN
TXN_001047,ACC_0047,ACC_0191,57107.34,2025-06-08 06:00:31.000000,0,CLEAN
TXN_000211,ACC_0269,ACC_0129,31411.53,2025-06-08 07:10:27.000000,0,CLEAN
TXN_004472,ACC_0456,ACC_0227,8001.04,2025-06-08 08:20:31.000000,0,CLEAN
TXN_001484,ACC_0178,ACC_0177,151704.16,2025-06-08 08:34:29.000000,0,CLEAN
TXN_003826,ACC_0262,ACC_0055,14864.0,2025-06-08 09:05:05.000000,0,CLEAN
TXN_000118,ACC_0148,ACC_0119,74720.81,2025-06-08 09:50:22.000000,0,CLEAN
TXN_004071,ACC_0161,ACC_0074,23184.22,2025-06-08 11:31:30.000000,0,CLEAN
TXN_000305,ACC_0192,ACC_0143,22839.39,2025-06-08 13:08:24.000000,0,CLEAN
TXN_004578,ACC_0430,ACC_0039,59973.48,2025-06-08 13:26:23.000000,0,CLEAN
TXN_000421,ACC_0178,ACC_0442,7787.13,2025-06-08 14:13:51.000000,0,CLEAN
TXN_006424,ACC_0321,ACC_0446,1722.39,2025-06-08 15:26:49.000000,0,CLEAN
TXN_002719,ACC_0185,ACC_0071,107175.07,2025-06-08 15:40:34.000000,0,CLEAN
TXN_000489,ACC_0356,ACC_0175,37809.99,2025-06-08 16:00:14.000000,0,CLEAN
TXN_002146,ACC_0159,ACC_0171,20831.84,2025-06-08 17:33:20.000000,0,CLEAN
TXN_004148,ACC_0201,ACC_0285,3212.9,2025-06-08 17:39:10.000000,0,CLEAN
TXN_002415,ACC_0302,ACC_0032,581236.64,2025-06-08 19:13:30.000000,0,CLEAN
TXN_000191,ACC_0038,ACC_0484,206694.0,2025-06-08 20:08:14.000000,0,CLEAN
TXN_001855,ACC_0022,ACC_0474,53738.01,2025-06-08 20:57:27.000000,0,CLEAN
TXN_004130,ACC_0237,ACC_0443,3578.12,2025-06-08 21:03:56.000000,0,CLEAN
TXN_004468,ACC_0277,ACC_0377,23349.16,2025-06-08 21:20:46.000000,0,CLEAN
TXN_002681,ACC_0498,ACC_0355,79476.27,2025-06-08 21:27:53.000000,0,CLEAN
TXN_000121,ACC_0395,ACC_0344,73659.07,2025-06-08 21:56:19.000000,0,CLEAN
TXN_004945,ACC_0110,ACC_0240,26034.23,2025-06-08 22:32:23.000000,0,CLEAN
TXN_006230,ACC_0140,ACC_0009,452362.3,2025-06-08 22:38:26.000000,0,CLEAN
TXN_005142,ACC_0094,ACC_0072,518.25,2025-06-08 22:43:11.000000,0,CLEAN
TXN_020120,ACC_0152,ACC_0139,195721.77,2025-06-08 22:53:23.000000,1,THRESHOLD_SPLIT
TXN_020122,ACC_0152,ACC_0139,198449.09,2025-06-08 23:05:23.000000,1,THRESHOLD_SPLIT
TXN_020121,ACC_0152,ACC_0139,198621.16,2025-06-08 23:07:23.000000,1,THRESHOLD_SPLIT
TXN_040215,ACC_0433,ACC_0470,507685.27,2025-06-09 00:00:00.000000,1,DORMANT_REACTIVATION
TXN_040079,ACC_0373,ACC_0049,1449803.79,2025-06-09 00:00:00.000000,1,DORMANT_REACTIVATION
TXN_004152,ACC_0275,ACC_0366,38884.3,2025-06-09 00:00:47.000000,0,CLEAN
TXN_004727,ACC_0157,ACC_0258,67761.89,2025-06-09 01:03:24.000000,0,CLEAN
TXN_003367,ACC_0110,ACC_0093,433837.75,2025-06-09 01:23:58.000000,0,CLEAN
TXN_003586,ACC_0121,ACC_0260,131844.35,2025-06-09 01:40:23.000000,0,CLEAN
TXN_004858,ACC_0459,ACC_0323,2414.96,2025-06-09 02:24:32.000000,0,CLEAN
TXN_001726,ACC_0230,ACC_0151,305408.2,2025-06-09 02:46:02.000000,0,CLEAN
TXN_001810,ACC_0359,ACC_0295,22448.94,2025-06-09 03:13:04.000000,0,CLEAN
TXN_020095,ACC_0385,ACC_0292,194807.15,2025-06-09 03:52:42.000000,1,THRESHOLD_SPLIT
TXN_020096,ACC_0385,ACC_0292,194807.15,2025-06-09 03:58:42.000000,1,THRESHOLD_SPLIT
TXN_020097,ACC_0385,ACC_0292,194807.15,2025-06-09 04:14:42.000000,1,THRESHOLD_SPLIT
TXN_005891,ACC_0459,ACC_0144,36108.87,2025-06-09 04:30:11.000000,0,CLEAN
TXN_020098,ACC_0385,ACC_0292,194807.15,2025-06-09 04:34:42.000000,1,THRESHOLD_SPLIT
TXN_010321,ACC_0418,ACC_0378,2571131.73,2025-06-09 05:27:58.202148,1,SHELL_LAYERING
TXN_004770,ACC_0418,ACC_0265,251736.36,2025-06-09 05:38:14.000000,0,CLEAN
TXN_010782,ACC_0071,ACC_0166,2881099.2,2025-06-09 05:42:27.835265,1,SHELL_LAYERING
TXN_000648,ACC_0153,ACC_0133,397026.22,2025-06-09 05:53:40.000000,0,CLEAN
TXN_003796,ACC_0071,ACC_0242,7460.41,2025-06-09 07:27:55.000000,0,CLEAN
TXN_001394,ACC_0406,ACC_0298,31807.44,2025-06-09 07:35:20.000000,0,CLEAN
TXN_005961,ACC_0477,ACC_0375,5408.91,2025-06-09 07:44:24.000000,0,CLEAN
TXN_002412,ACC_0463,ACC_0157,12131.56,2025-06-09 08:55:19.000000,0,CLEAN
TXN_005698,ACC_0140,ACC_0146,23196.81,2025-06-09 08:59:34.000000,0,CLEAN
TXN_000238,ACC_0420,ACC_0364,441622.92,2025-06-09 09:40:56.000000,0,CLEAN
TXN_005909,ACC_0198,ACC_0346,47714.22,2025-06-09 11:25:08.000000,0,CLEAN
TXN_001388,ACC_0372,ACC_0338,17840.76,2025-06-09 11:33:03.000000,0,CLEAN
TXN_000181,ACC_0131,ACC_0391,6676.99,2025-06-09 12:53:45.000000,0,CLEAN
TXN_001253,ACC_0036,ACC_0295,2331.0,2025-06-09 13:01:24.000000,0,CLEAN
TXN_000751,ACC_0493,ACC_0045,126790.76,2025-06-09 13:13:17.000000,0,CLEAN
TXN_000668,ACC_0293,ACC_0221,88621.65,2025-06-09 13:19:53.000000,0,CLEAN
TXN_001928,ACC_0226,ACC_0382,196129.42,2025-06-09 13:23:33.000000,0,CLEAN
TXN_002287,ACC_0304,ACC_0479,5196.94,2025-06-09 13:30:37.000000,0,CLEAN
TXN_001116,ACC_0252,ACC_0071,56847.6,2025-06-09 14:02:44.000000,0,CLEAN
TXN_003693,ACC_0484,ACC_0207,953.76,2025-06-09 14:09:04.000000,0,CLEAN
TXN_005113,ACC_0304,ACC_0049,41761.81,2025-06-09 14:31:07.000000,0,CLEAN
TXN_006495,ACC_0224,ACC_0152,23230.0,2025-06-09 15:55:04.000000,0,CLEAN
TXN_003691,ACC_0153,ACC_0144,53923.75,2025-06-09 16:14:13.000000,0,CLEAN
TXN_006087,ACC_0203,ACC_0425,24586.32,2025-06-09 16:16:09.000000,0,CLEAN
TXN_004576,ACC_0200,ACC_0094,38635.67,2025-06-09 17:09:03.000000,0,CLEAN
TXN_000826,ACC_0222,ACC_0103,8875.03,2025-06-09 17:25:34.000000,0,CLEAN
TXN_004487,ACC_0452,ACC_0366,40297.9,2025-06-09 18:27:19.000000,0,CLEAN
TXN_002971,ACC_0443,ACC_0041,32166.55,2025-06-09 20:22:46.000000,0,CLEAN
TXN_001456,ACC_0411,ACC_0046,1475.11,2025-06-09 20:38:54.000000,0,CLEAN
TXN_000101,ACC_0272,ACC_0194,9106.58,2025-06-09 21:08:15.000000,0,CLEAN
TXN_004259,ACC_0486,ACC_0471,107243.29,2025-06-09 21:09:05.000000,0,CLEAN
TXN_004417,ACC_0328,ACC_0127,20672.29,2025-06-09 21:22:11.000000,0,CLEAN
TXN_000880,ACC_0140,ACC_0189,100397.12,2025-06-09 21:49:02.000000,0,CLEAN
TXN_000295,ACC_0220,ACC_0418,176262.44,2025-06-09 21:57:08.000000,0,CLEAN
TXN_001759,ACC_0362,ACC_0029,48943.52,2025-06-09 22:27:15.000000,0,CLEAN
TXN_000656,ACC_0066,ACC_0102,12936.07,2025-06-09 22:35:46.000000,0,CLEAN
TXN_000789,ACC_0044,ACC_0151,1437.5,2025-06-09 23:38:23.000000,0,CLEAN
TXN_002888,ACC_0338,ACC_0493,132250.64,2025-06-09 23:41:22.000000,0,CLEAN
TXN_004426,ACC_0417,ACC_0005,18530.73,2025-06-09 23:48:01.000000,0,CLEAN
TXN_000866,ACC_0108,ACC_0468,34858.18,2025-06-09 23:58:33.000000,0,CLEAN
TXN_040101,ACC_0185,ACC_0013,2347251.75,2025-06-10 00:00:00.000000,1,DORMANT_REACTIVATION
TXN_040178,ACC_0392,ACC_0149,2863632.12,2025-06-10 00:00:00.000000,1,DORMANT_REACTIVATION
TXN_040287,ACC_0351,ACC_0436,1772578.13,2025-06-10 00:00:00.000000,1,DORMANT_REACTIVATION
TXN_004989,ACC_0112,ACC_0376,20400.5,2025-06-10 00:26:17.000000,0,CLEAN
TXN_000909,ACC_0346,ACC_0266,24928.09,2025-06-10 01:34:00.000000,0,CLEAN
TXN_010323,ACC_0129,ACC_0166,2784984.36,2025-06-10 02:08:39.330759,1,SHELL_LAYERING
TXN_000461,ACC_0495,ACC_0219,266659.75,2025-06-10 04:04:07.000000,0,CLEAN
TXN_004477,ACC_0063,ACC_0010,43206.1,2025-06-10 04:25:43.000000,0,CLEAN
TXN_005784,ACC_0033,ACC_0099,14893.55,2025-06-10 05:00:00.000000,0,CLEAN
TXN_002016,ACC_0285,ACC_0420,41309.16,2025-06-10 05:57:19.000000,0,CLEAN
TXN_000862,ACC_0226,ACC_0397,43450.19,2025-06-10 08:36:56.000000,0,CLEAN
TXN_001097,ACC_0281,ACC_0000,795115.93,2025-06-10 09:00:49.000000,0,CLEAN
TXN_006038,ACC_0237,ACC_0146,16732.01,2025-06-10 10:05:02.000000,0,CLEAN
TXN_002663,ACC_0021,ACC_0422,12811.51,2025-06-10 10:35:46.000000,0,CLEAN
TXN_000641,ACC_0351,ACC_0155,285946.56,2025-06-10 11:14:27.000000,0,CLEAN
TXN_004460,ACC_0010,ACC_0057,22513.66,2025-06-10 12:03:33.000000,0,CLEAN
TXN_004862,ACC_0150,ACC_0310,39847.9,2025-06-10 12:38:16.000000,0,CLEAN
TXN_002997,ACC_0351,ACC_0303,33788.21,2025-06-10 13:01:15.000000,0,CLEAN
TXN_002697,ACC_0446,ACC_0161,2154.42,2025-06-10 13:16:11.000000,0,CLEAN
TXN_005996,ACC_0364,ACC_0311,162088.6,2025-06-10 13:58:57.000000,0,CLEAN
TXN_000034,ACC_0459,ACC_0207,13660.26,2025-06-10 14:03:06.000000,0,CLEAN
TXN_005220,ACC_0106,ACC_0293,18943.0,2025-06-10 16:46:56.000000,0,CLEAN
TXN_003422,ACC_0132,ACC_0193,21598.09,2025-06-10 17:33:16.000000,0,CLEAN
TXN_005022,ACC_0234,ACC_0006,112434.85,2025-06-10 17:35:31.000000,0,CLEAN
TXN_001678,ACC_0418,ACC_0195,755707.24,2025-06-10 19:56:03.000000,0,CLEAN
TXN_000443,ACC_0364,ACC_0164,31295.71,2025-06-10 21:00:18.000000,0,CLEAN
TXN_001244,ACC_0105,ACC_0276,9035.99,2025-06-10 22:14:55.000000,0,CLEAN
TXN_000065,ACC_0057,ACC_0031,19690.41,2025-06-10 22:22:01.000000,0,CLEAN
TXN_000763,ACC_0192,ACC_0051,9126.98,2025-06-10 22:31:13.000000,0,CLEAN
TXN_002928,ACC_0267,ACC_0341,70706.83,2025-06-10 23:20:03.000000,0,CLEAN
TXN_040241,ACC_0485,ACC_0217,2407629.96,2025-06-11 00:00:00.000000,1,DORMANT_REACTIVATION
TXN_040041,ACC_0110,ACC_0362,1550560.46,2025-06-11 00:00:00.000000,1,DORMANT_REACTIVATION
TXN_040066,ACC_0175,ACC_0008,2452519.53,2025-06-11 00:00:00.000000,1,DORMANT_REACTIVATION
TXN_005390,ACC_0292,ACC_0190,25807.5,2025-06-11 00:03:44.000000,0,CLEAN
TXN_005336,ACC_0174,ACC_0372,2085.97,2025-06-11 00:32:09.000000,0,CLEAN
TXN_003445,ACC_0416,ACC_0237,142944.34,2025-06-11 01:09:09.000000,0,CLEAN
TXN_002097,ACC_0190,ACC_0232,49857.57,2025-06-11 01:33:07.000000,0,CLEAN
TXN_001482,ACC_0145,ACC_0372,14184.77,2025-06-11 02:59:03.000000,0,CLEAN
TXN_020065,ACC_0012,ACC_0267,195219.54,2025-06-11 03:02:47.000000,1,THRESHOLD_SPLIT
TXN_020066,ACC_0012,ACC_0267,198539.42,2025-06-11 03:19:47.000000,1,THRESHOLD_SPLIT
TXN_001111,ACC_0174,ACC_0182,3481.48,2025-06-11 03:32:21.000000,0,CLEAN
TXN_001974,ACC_0072,ACC_0238,57281.21,2025-06-11 03:35:02.000000,0,CLEAN
TXN_005111,ACC_0028,ACC_0139,513891.64,2025-06-11 03:35:15.000000,0,CLEAN
TXN_020067,ACC_0012,ACC_0267,197515.98,2025-06-11 04:14:47.000000,1,THRESHOLD_SPLIT
TXN_006441,ACC_0499,ACC_0234,154377.29,2025-06-11 04:26:37.000000,0,CLEAN
TXN_001392,ACC_0087,ACC_0113,18871.75,2025-06-11 05:46:29.000000,0,CLEAN
TXN_003823,ACC_0408,ACC_0428,7222.68,2025-06-11 06:10:50.000000,0,CLEAN
TXN_003457,ACC_0357,ACC_0062,25355.4,2025-06-11 06:24:06.000000,0,CLEAN
TXN_004461,ACC_0006,ACC_0391,7748.71,2025-06-11 06:29:25.000000,0,CLEAN
TXN_004691,ACC_0132,ACC_0094,34134.4,2025-06-11 06:38:21.000000,0,CLEAN
TXN_005507,ACC_0266,ACC_0064,3366.27,2025-06-11 08:55:00.000000,0,CLEAN
TXN_003887,ACC_0303,ACC_0281,4234.38,2025-06-11 09:46:12.000000,0,CLEAN
TXN_005617,ACC_0200,ACC_0099,10347.8,2025-06-11 10:56:20.000000,0,CLEAN
TXN_002708,ACC_0257,ACC_0113,140168.13,2025-06-11 11:24:49.000000,0,CLEAN
TXN_002321,ACC_0344,ACC_0004,129021.84,2025-06-11 11:57:14.000000,0,CLEAN
TXN_020280,ACC_0078,ACC_0310,196250.51,2025-06-11 13:27:43.000000,1,THRESHOLD_SPLIT
TXN_002069,ACC_0491,ACC_0014,25541.74,2025-06-11 13:36:01.000000,0,CLEAN
TXN_020281,ACC_0078,ACC_0310,199216.35,2025-06-11 13:45:43.000000,1,THRESHOLD_SPLIT
TXN_003478,ACC_0015,ACC_0457,85148.73,2025-06-11 13:47:30.000000,0,CLEAN
TXN_020282,ACC_0078,ACC_0310,195859.04,2025-06-11 14:27:43.000000,1,THRESHOLD_SPLIT
TXN_003313,ACC_0132,ACC_0123,42045.41,2025-06-11 14:28:05.000000,0,CLEAN
TXN_004028,ACC_0044,ACC_0155,33534.83,2025-06-11 15:03:04.000000,0,CLEAN
TXN_005219,ACC_0254,ACC_0097,2085.12,2025-06-11 15:16:43.000000,0,CLEAN
TXN_003539,ACC_0490,ACC_0174,12921.81,2025-06-11 15:48:46.000000,0,CLEAN
TXN_004178,ACC_0153,ACC_0439,132211.05,2025-06-11 16:19:36.000000,0,CLEAN
TXN_000978,ACC_0164,ACC_0388,9592.74,2025-06-11 19:07:37.000000,0,CLEAN
TXN_001377,ACC_0082,ACC_0332,26533.6,2025-06-11 19:45:44.000000,0,CLEAN
TXN_010322,ACC_0378,ACC_0129,2826959.08,2025-06-11 21:37:32.237432,1,SHELL_LAYERING
TXN_005450,ACC_0445,ACC_0017,44573.56,2025-06-11 22:03:45.000000,0,CLEAN
TXN_000827,ACC_0321,ACC_0075,29256.84,2025-06-11 23:13:32.000000,0,CLEAN
TXN_005913,ACC_0349,ACC_0264,59707.11,2025-06-11 23:48:18.000000,0,CLEAN
TXN_002669,ACC_0489,ACC_0327,19458.7,2025-06-11 23:51:16.000000,0,CLEAN
TXN_040105,ACC_0175,ACC_0151,1652137.8,2025-06-12 00:00:00.000000,1,DORMANT_REACTIVATION
TXN_006219,ACC_0478,ACC_0438,131893.54,2025-06-12 00:46:03.000000,0,CLEAN
TXN_003374,ACC_0193,ACC_0244,11979.39,2025-06-12 00:51:55.000000,0,CLEAN
TXN_000241,ACC_0123,ACC_0291,5327.49,2025-06-12 01:45:12.000000,0,CLEAN
TXN_003001,ACC_0448,ACC_0193,14172.09,2025-06-12 01:53:10.000000,0,CLEAN
TXN_001288,ACC_0113,ACC_0316,58615.93,2025-06-12 02:12:33.000000,0,CLEAN
TXN_003056,ACC_0446,ACC_0499,94922.34,2025-06-12 02:28:07.000000,0,CLEAN
TXN_005465,ACC_0230,ACC_0380,43864.13,2025-06-12 02:28:18.000000,0,CLEAN
TXN_000097,ACC_0372,ACC_0114,8365.36,2025-06-12 02:33:02.000000,0,CLEAN
TXN_005960,ACC_0422,ACC_0463,20513.84,2025-06-12 02:59:57.000000,0,CLEAN
TXN_003079,ACC_0145,ACC_0092,7336.72,2025-06-12 03:09:57.000000,0,CLEAN
TXN_001028,ACC_0464,ACC_0056,17443.56,2025-06-12 04:27:50.000000,0,CLEAN
TXN_002414,ACC_0312,ACC_0087,101545.43,2025-06-12 05:01:23.000000,0,CLEAN
TXN_006419,ACC_0324,ACC_0017,34638.54,2025-06-12 05:08:55.000000,0,CLEAN
TXN_002329,ACC_0336,ACC_0458,20957.24,2025-06-12 05:31:18.000000,0,CLEAN
TXN_001359,ACC_0334,ACC_0460,53663.2,2025-06-12 05:34:05.000000,0,CLEAN
TXN_002650,ACC_0212,ACC_0071,128408.97,2025-06-12 05:45:57.000000,0,CLEAN
TXN_002420,ACC_0172,ACC_0416,12354.2,2025-06-12 07:33:26.000000,0,CLEAN
TXN_000643,ACC_0020,ACC_0111,43842.75,2025-06-12 07:41:30.000000,0,CLEAN
TXN_005794,ACC_0238,ACC_0291,6085.26,2025-06-12 08:32:04.000000,0,CLEAN
TXN_001746,ACC_0292,ACC_0329,9431.63,2025-06-12 09:26:17.000000,0,CLEAN
TXN_005318,ACC_0010,ACC_0256,5570.66,2025-06-12 09:33:28.000000,0,CLEAN
TXN_001520,ACC_0427,ACC_0127,39731.47,2025-06-12 09:36:08.000000,0,CLEAN
TXN_003808,ACC_0356,ACC_0024,27027.69,2025-06-12 10:22:40.000000,0,CLEAN
TXN_000710,ACC_0485,ACC_0096,5620.66,2025-06-12 11:17:23.000000,0,CLEAN
TXN_000469,ACC_0320,ACC_0402,4246.44,2025-06-12 11:18:53.000000,0,CLEAN
TXN_005973,ACC_0452,ACC_0040,1021.36,2025-06-12 12:01:08.000000,0,CLEAN
TXN_000876,ACC_0426,ACC_0102,13311.6,2025-06-12 12:35:38.000000,0,CLEAN
TXN_002502,ACC_0302,ACC_0242,19527.75,2025-06-12 12:39:05.000000,0,CLEAN
TXN_004072,ACC_0482,ACC_0151,122195.67,2025-06-12 13:42:44.000000,0,CLEAN
TXN_004548,ACC_0037,ACC_0245,195397.7,2025-06-12 14:44:24.000000,0,CLEAN
TXN_001125,ACC_0474,ACC_0324,183518.75,2025-06-12 14:52:31.000000,0,CLEAN
TXN_000013,ACC_0213,ACC_0452,9308.23,2025-06-12 15:31:18.000000,0,CLEAN
TXN_005782,ACC_0206,ACC_0214,144322.73,2025-06-12 16:02:33.000000,0,CLEAN
TXN_005591,ACC_0101,ACC_0080,41784.69,2025-06-12 18:03:27.000000,0,CLEAN
TXN_001062,ACC_0350,ACC_0451,956.84,2025-06-12 19:51:47.000000,0,CLEAN
TXN_003402,ACC_0424,ACC_0361,444010.85,2025-06-12 21:38:19.000000,0,CLEAN
TXN_001571,ACC_0130,ACC_0244,231931.21,2025-06-12 21:53:29.000000,0,CLEAN
TXN_003483,ACC_0198,ACC_0090,6732.88,2025-06-12 22:42:10.000000,0,CLEAN
TXN_000702,ACC_0181,ACC_0479,43627.64,2025-06-12 23:03:32.000000,0,CLEAN
TXN_005174,ACC_0034,ACC_0470,5021.82,2025-06-12 23:32:25.000000,0,CLEAN
TXN_002598,ACC_0498,ACC_0089,29903.3,2025-06-12 23:34:08.000000,0,CLEAN
TXN_040171,ACC_0182,ACC_0357,1500206.61,2025-06-13 00:00:00.000000,1,DORMANT_REACTIVATION
TXN_040282,ACC_0481,ACC_0414,1564884.52,2025-06-13 00:00:00.000000,1,DORMANT_REACTIVATION
TXN_001923,ACC_0094,ACC_0163,34022.75,2025-06-13 00:27:30.000000,0,CLEAN
TXN_000607,ACC_0177,ACC_0326,7479.17,2025-06-13 00:41:54.000000,0,CLEAN
TXN_002924,ACC_0203,ACC_0483,2530.02,2025-06-13 01:48:01.000000,0,CLEAN
TXN_000786,ACC_0292,ACC_0281,2311.59,2025-06-13 02:00:20.000000,0,CLEAN
TXN_000402,ACC_0212,ACC_0364,37915.57,2025-06-13 02:10:46.000000,0,CLEAN
TXN_001310,ACC_0223,ACC_0141,17595.68,2025-06-13 03:11:47.000000,0,CLEAN
TXN_005199,ACC_0310,ACC_0324,91052.01,2025-06-13 05:50:59.000000,0,CLEAN
TXN_004769,ACC_0404,ACC_0191,107603.11,2025-06-13 06:16:13.000000,0,CLEAN
TXN_003569,ACC_0303,ACC_0405,176482.79,2025-06-13 06:18:58.000000,0,CLEAN
TXN_001163,ACC_0382,ACC_0458,14592.56,2025-06-13 09:09:30.000000,0,CLEAN
TXN_005310,ACC_0466,ACC_0070,190008.93,2025-06-13 09:19:34.000000,0,CLEAN
TXN_002951,ACC_0310,ACC_0017,5526.43,2025-06-13 09:32:53.000000,0,CLEAN
TXN_003138,ACC_0462,ACC_0153,30163.9,2025-06-13 09:51:04.000000,0,CLEAN
TXN_003316,ACC_0374,ACC_0030,20450.74,2025-06-13 10:03:47.000000,0,CLEAN
TXN_003247,ACC_0234,ACC_0493,47463.44,2025-06-13 10:07:34.000000,0,CLEAN
TXN_005136,ACC_0419,ACC_0120,828249.22,2025-06-13 10:42:11.000000,0,CLEAN
TXN_002586,ACC_0356,ACC_0271,33360.15,2025-06-13 11:34:30.000000,0,CLEAN
TXN_003179,ACC_0123,ACC_0224,32029.83,2025-06-13 12:25:20.000000,0,CLEAN
TXN_003451,ACC_0194,ACC_0179,10389.77,2025-06-13 14:02:55.000000,0,CLEAN
TXN_003619,ACC_0011,ACC_0091,7633.41,2025-06-13 16:06:43.000000,0,CLEAN
TXN_004785,ACC_0401,ACC_0200,67760.85,2025-06-13 16:48:28.000000,0,CLEAN
TXN_004315,ACC_0472,ACC_0379,25043.54,2025-06-13 16:57:28.000000,0,CLEAN
TXN_001148,ACC_0262,ACC_0153,215578.22,2025-06-13 17:00:41.000000,0,CLEAN
TXN_000912,ACC_0339,ACC_0495,71957.55,2025-06-13 17:59:16.000000,0,CLEAN
TXN_001672,ACC_0169,ACC_0041,22476.57,2025-06-13 19:12:38.000000,0,CLEAN
TXN_000444,ACC_0126,ACC_0390,579520.02,2025-06-13 19:15:15.000000,0,CLEAN
TXN_005026,ACC_0442,ACC_0462,194453.53,2025-06-13 19:54:48.000000,0,CLEAN
TXN_002459,ACC_0076,ACC_0351,6908.86,2025-06-13 20:18:27.000000,0,CLEAN
TXN_005481,ACC_0296,ACC_0260,414523.54,2025-06-13 21:37:47.000000,0,CLEAN
TXN_002898,ACC_0391,ACC_0153,1095996.57,2025-06-13 21:53:37.000000,0,CLEAN
TXN_002309,ACC_0181,ACC_0490,15925.7,2025-06-13 22:26:24.000000,0,CLEAN
TXN_001104,ACC_0418,ACC_0114,17604.06,2025-06-13 22:48:16.000000,0,CLEAN
TXN_001055,ACC_0371,ACC_0030,63009.97,2025-06-13 22:57:19.000000,0,CLEAN
TXN_003326,ACC_0340,ACC_0273,6221.34,2025-06-13 23:38:07.000000,0,CLEAN
TXN_040100,ACC_0373,ACC_0386,1630889.52,2025-06-14 00:00:00.000000,1,DORMANT_REACTIVATION
TXN_040249,ACC_0101,ACC_0342,1426407.06,2025-06-14 00:00:00.000000,1,DORMANT_REACTIVATION
TXN_040190,ACC_0175,ACC_0239,2025238.1,2025-06-14 00:00:00.000000,1,DORMANT_REACTIVATION
TXN_000594,ACC_0144,ACC_0397,108984.41,2025-06-14 01:16:12.000000,0,CLEAN
TXN_000937,ACC_0259,ACC_0153,404747.37,2025-06-14 03:56:21.000000,0,CLEAN
TXN_000379,ACC_0178,ACC_0181,215904.17,2025-06-14 04:23:54.000000,0,CLEAN
TXN_005770,ACC_0214,ACC_0428,21088.41,2025-06-14 05:43:41.000000,0,CLEAN
TXN_001202,ACC_0082,ACC_0300,94097.07,2025-06-14 06:42:42.000000,0,CLEAN
TXN_004383,ACC_0388,ACC_0437,74090.93,2025-06-14 07:03:21.000000,0,CLEAN
TXN_006289,ACC_0408,ACC_0262,101838.16,2025-06-14 08:02:26.000000,0,CLEAN
TXN_000549,ACC_0373,ACC_0489,287833.37,2025-06-14 08:49:38.000000,0,CLEAN
TXN_006152,ACC_0492,ACC_0273,11800.25,2025-06-14 09:28:05.000000,0,CLEAN
TXN_004586,ACC_0308,ACC_0399,35400.84,2025-06-14 09:29:06.000000,0,CLEAN
TXN_000190,ACC_0017,ACC_0430,21132.15,2025-06-14 09:53:44.000000,0,CLEAN
TXN_002240,ACC_0295,ACC_0255,67663.23,2025-06-14 10:23:31.000000,0,CLEAN
TXN_004063,ACC_0274,ACC_0097,50460.87,2025-06-14 11:51:31.000000,0,CLEAN
TXN_000145,ACC_0472,ACC_0230,24122.85,2025-06-14 11:55:39.000000,0,CLEAN
TXN_000455,ACC_0444,ACC_0396,194064.09,2025-06-14 12:05:09.000000,0,CLEAN
TXN_000664,ACC_0047,ACC_0464,168359.3,2025-06-14 12:35:22.000000,0,CLEAN
TXN_002865,ACC_0254,ACC_0326,680027.63,2025-06-14 12:51:47.000000,0,CLEAN
TXN_003192,ACC_0052,ACC_0323,225774.52,2025-06-14 14:14:23.000000,0,CLEAN
TXN_003510,ACC_0140,ACC_0098,37569.44,2025-06-14 14:24:55.000000,0,CLEAN
TXN_003548,ACC_0160,ACC_0456,31054.09,2025-06-14 14:31:54.000000,0,CLEAN
TXN_000314,ACC_0035,ACC_0420,170717.74,2025-06-14 14:58:41.000000,0,CLEAN
TXN_001635,ACC_0417,ACC_0388,15361.16,2025-06-14 15:43:01.000000,0,CLEAN
TXN_005777,ACC_0428,ACC_0344,27576.18,2025-06-14 17:02:18.000000,0,CLEAN
TXN_004281,ACC_0456,ACC_0316,56237.86,2025-06-14 17:36:21.000000,0,CLEAN
TXN_006550,ACC_0373,ACC_0233,155079.27,2025-06-14 22:37:51.000000,0,CLEAN
TXN_002632,ACC_0042,ACC_0276,2705.92,2025-06-14 22:43:49.000000,0,CLEAN
TXN_001820,ACC_0382,ACC_0334,70210.41,2025-06-14 22:51:18.000000,0,CLEAN
TXN_006022,ACC_0310,ACC_0486,20890.94,2025-06-14 23:44:26.000000,0,CLEAN
TXN_040168,ACC_0253,ACC_0265,984640.51,2025-06-15 00:00:00.000000,1,DORMANT_REACTIVATION
TXN_040254,ACC_0185,ACC_0207,2390546.78,2025-06-15 00:00:00.000000,1,DORMANT_REACTIVATION
TXN_040174,ACC_0253,ACC_0451,1549499.28,2025-06-15 00:00:00.000000,1,DORMANT_REACTIVATION
TXN_040159,ACC_0392,ACC_0373,604682.88,2025-06-15 00:00:00.000000,1,DORMANT_REACTIVATION
TXN_003764,ACC_0421,ACC_0414,33198.53,2025-06-15 00:33:34.000000,0,CLEAN
TXN_003555,ACC_0026,ACC_0151,49490.83,2025-06-15 00:57:27.000000,0,CLEAN
TXN_004929,ACC_0299,ACC_0455,2537.78,2025-06-15 02:00:12.000000,0,CLEAN
TXN_006059,ACC_0442,ACC_0098,297453.74,2025-06-15 02:43:37.000000,0,CLEAN
TXN_000235,ACC_0091,ACC_0476,73783.93,2025-06-15 03:16:47.000000,0,CLEAN
TXN_006414,ACC_0296,ACC_0378,180446.3,2025-06-15 04:46:30.000000,0,CLEAN
TXN_006121,ACC_0116,ACC_0014,48483.43,2025-06-15 05:34:14.000000,0,CLEAN
TXN_000024,ACC_0480,ACC_0068,11557.75,2025-06-15 06:13:33.000000,0,CLEAN
TXN_002756,ACC_0471,ACC_0258,9685.62,2025-06-15 07:19:50.000000,0,CLEAN
TXN_002274,ACC_0258,ACC_0039,17383.37,2025-06-15 08:01:20.000000,0,CLEAN
TXN_000906,ACC_0458,ACC_0192,4303.93,2025-06-15 08:40:45.000000,0,CLEAN
TXN_001042,ACC_0023,ACC_0004,438839.41,2025-06-15 10:36:06.000000,0,CLEAN
TXN_003594,ACC_0354,ACC_0169,231452.02,2025-06-15 10:38:53.000000,0,CLEAN
TXN_005184,ACC_0023,ACC_0015,15579.41,2025-06-15 10:45:11.000000,0,CLEAN
TXN_001880,ACC_0138,ACC_0340,8555.77,2025-06-15 10:59:39.000000,0,CLEAN
TXN_001941,ACC_0191,ACC_0094,288422.33,2025-06-15 11:12:39.000000,0,CLEAN
TXN_001120,ACC_0061,ACC_0477,43040.88,2025-06-15 11:30:49.000000,0,CLEAN
TXN_001037,ACC_0447,ACC_0020,16333.1,2025-06-15 11:46:00.000000,0,CLEAN
TXN_006212,ACC_0402,ACC_0087,312220.36,2025-06-15 12:16:22.000000,0,CLEAN
TXN_003274,ACC_0459,ACC_0234,2548.85,2025-06-15 12:25:39.000000,0,CLEAN
TXN_000465,ACC_0066,ACC_0290,314952.09,2025-06-15 12:34:37.000000,0,CLEAN
TXN_004408,ACC_0132,ACC_0156,54272.09,2025-06-15 12:49:18.000000,0,CLEAN
TXN_002210,ACC_0433,ACC_0065,10639.8,2025-06-15 12:57:43.000000,0,CLEAN
TXN_005774,ACC_0278,ACC_0142,19832.32,2025-06-15 13:17:29.000000,0,CLEAN
TXN_006129,ACC_0079,ACC_0301,70269.27,2025-06-15 13:27:10.000000,0,CLEAN
TXN_020215,ACC_0041,ACC_0310,199747.12,2025-06-15 13:47:00.000000,1,THRESHOLD_SPLIT
TXN_020216,ACC_0041,ACC_0310,195699.89,2025-06-15 14:09:00.000000,1,THRESHOLD_SPLIT
TXN_002819,ACC_0230,ACC_0161,1178863.13,2025-06-15 14:40:56.000000,0,CLEAN
TXN_005007,ACC_0347,ACC_0390,814.31,2025-06-15 15:41:09.000000,0,CLEAN
TXN_005711,ACC_0294,ACC_0396,43863.15,2025-06-15 17:07:59.000000,0,CLEAN
TXN_003242,ACC_0458,ACC_0077,58836.51,2025-06-15 17:10:12.000000,0,CLEAN
TXN_006266,ACC_0378,ACC_0160,893927.63,2025-06-15 17:17:15.000000,0,CLEAN
TXN_004660,ACC_0291,ACC_0204,54694.37,2025-06-15 19:07:56.000000,0,CLEAN
TXN_000816,ACC_0202,ACC_0463,7349.07,2025-06-15 19:38:52.000000,0,CLEAN
TXN_003905,ACC_0195,ACC_0219,129355.95,2025-06-15 20:07:30.000000,0,CLEAN
TXN_001601,ACC_0085,ACC_0095,9385.51,2025-06-15 20:54:56.000000,0,CLEAN
TXN_000958,ACC_0027,ACC_0446,251356.9,2025-06-15 21:02:45.000000,0,CLEAN
TXN_005977,ACC_0263,ACC_0277,9267.51,2025-06-15 21:03:50.000000,0,CLEAN
TXN_001552,ACC_0190,ACC_0186,13532.17,2025-06-15 21:26:53.000000,0,CLEAN
TXN_006003,ACC_0077,ACC_0237,4651.57,2025-06-15 21:35:14.000000,0,CLEAN
TXN_005322,ACC_0030,ACC_0143,6821.04,2025-06-15 22:36:16.000000,0,CLEAN
TXN_004336,ACC_0092,ACC_0097,17984.33,2025-06-15 23:59:30.000000,0,CLEAN
TXN_040095,ACC_0185,ACC_0337,2393316.0,2025-06-16 00:00:00.000000,1,DORMANT_REACTIVATION
TXN_040103,ACC_0185,ACC_0119,2343687.5,2025-06-16 00:00:00.000000,1,DORMANT_REACTIVATION
TXN_040270,ACC_0231,ACC_0158,1904149.14,2025-06-16 00:00:00.000000,1,DORMANT_REACTIVATION
TXN_040226,ACC_0056,ACC_0357,2365039.19,2025-06-16 00:00:00.000000,1,DORMANT_REACTIVATION
TXN_005741,ACC_0443,ACC_0187,8876.28,2025-06-16 02:19:26.000000,0,CLEAN
TXN_001793,ACC_0113,ACC_0109,10803.24,2025-06-16 03:56:46.000000,0,CLEAN
TXN_005163,ACC_0183,ACC_0257,3952.8,2025-06-16 04:30:05.000000,0,CLEAN
TXN_004623,ACC_0184,ACC_0320,32713.72,2025-06-16 05:01:40.000000,0,CLEAN
TXN_004892,ACC_0329,ACC_0402,42373.9,2025-06-16 05:43:46.000000,0,CLEAN
TXN_006388,ACC_0237,ACC_0212,14045.97,2025-06-16 05:54:12.000000,0,CLEAN
TXN_004052,ACC_0401,ACC_0287,134488.84,2025-06-16 05:54:22.000000,0,CLEAN
TXN_006435,ACC_0049,ACC_0343,74675.91,2025-06-16 06:14:53.000000,0,CLEAN
TXN_005030,ACC_0075,ACC_0211,252228.45,2025-06-16 06:29:11.000000,0,CLEAN
TXN_001558,ACC_0284,ACC_0221,53843.77,2025-06-16 06:41:16.000000,0,CLEAN
TXN_000832,ACC_0282,ACC_0166,26366.13,2025-06-16 08:09:28.000000,0,CLEAN
TXN_004025,ACC_0292,ACC_0402,202084.18,2025-06-16 08:59:22.000000,0,CLEAN
TXN_001731,ACC_0009,ACC_0318,118888.15,2025-06-16 09:06:50.000000,0,CLEAN
TXN_005025,ACC_0396,ACC_0339,14509.36,2025-06-16 09:42:18.000000,0,CLEAN
TXN_000893,ACC_0494,ACC_0109,44569.41,2025-06-16 10:25:39.000000,0,CLEAN
TXN_001332,ACC_0301,ACC_0376,151706.79,2025-06-16 10:40:28.000000,0,CLEAN
TXN_004715,ACC_0482,ACC_0426,77375.99,2025-06-16 11:09:14.000000,0,CLEAN
TXN_000581,ACC_0476,ACC_0492,21506.56,2025-06-16 12:10:14.000000,0,CLEAN
TXN_005383,ACC_0347,ACC_0433,3824.89,2025-06-16 12:11:40.000000,0,CLEAN
TXN_004272,ACC_0435,ACC_0392,95643.36,2025-06-16 13:39:59.000000,0,CLEAN
TXN_002093,ACC_0157,ACC_0362,39617.81,2025-06-16 13:43:42.000000,0,CLEAN
TXN_005773,ACC_0160,ACC_0049,7166.18,2025-06-16 14:03:30.000000,0,CLEAN
TXN_000435,ACC_0136,ACC_0488,17101.45,2025-06-16 14:38:53.000000,0,CLEAN
TXN_000858,ACC_0431,ACC_0251,3950.64,2025-06-16 15:39:50.000000,0,CLEAN
TXN_004949,ACC_0270,ACC_0263,4400.99,2025-06-16 16:42:29.000000,0,CLEAN
TXN_001567,ACC_0128,ACC_0288,29690.47,2025-06-16 16:54:33.000000,0,CLEAN
TXN_005170,ACC_0235,ACC_0367,1538198.82,2025-06-16 17:39:49.000000,0,CLEAN
TXN_003587,ACC_0427,ACC_0286,40933.42,2025-06-16 17:50:32.000000,0,CLEAN
TXN_003176,ACC_0496,ACC_0096,40529.91,2025-06-16 19:17:10.000000,0,CLEAN
TXN_006036,ACC_0200,ACC_0115,8721.7,2025-06-16 19:29:37.000000,0,CLEAN
TXN_006119,ACC_0311,ACC_0149,25902.79,2025-06-16 19:55:05.000000,0,CLEAN
TXN_002249,ACC_0374,ACC_0269,26723.35,2025-06-16 20:51:51.000000,0,CLEAN
TXN_003233,ACC_0089,ACC_0424,45143.23,2025-06-16 21:22:54.000000,0,CLEAN
TXN_001402,ACC_0103,ACC_0268,211015.52,2025-06-16 21:59:15.000000,0,CLEAN
TXN_003409,ACC_0212,ACC_0012,12026.22,2025-06-16 22:15:07.000000,0,CLEAN
TXN_003739,ACC_0087,ACC_0168,32294.56,2025-06-16 22:31:35.000000,0,CLEAN
TXN_005592,ACC_0274,ACC_0202,28451.17,2025-06-16 22:35:55.000000,0,CLEAN
TXN_003187,ACC_0241,ACC_0010,54022.88,2025-06-16 22:56:30.000000,0,CLEAN
TXN_006454,ACC_0077,ACC_0289,8126.28,2025-06-16 23:32:47.000000,0,CLEAN
TXN_000505,ACC_0351,ACC_0226,65527.69,2025-06-16 23:42:57.000000,0,CLEAN
TXN_040085,ACC_0231,ACC_0240,1530899.69,2025-06-17 00:00:00.000000,1,DORMANT_REACTIVATION
TXN_040026,ACC_0098,ACC_0337,1333166.38,2025-06-17 00:00:00.000000,1,DORMANT_REACTIVATION
TXN_040004,ACC_0387,ACC_0332,1346814.04,2025-06-17 00:00:00.000000,1,DORMANT_REACTIVATION
TXN_040142,ACC_0387,ACC_0029,2468664.46,2025-06-17 00:00:00.000000,1,DORMANT_REACTIVATION
TXN_040087,ACC_0469,ACC_0367,839303.11,2025-06-17 00:00:00.000000,1,DORMANT_REACTIVATION
TXN_040093,ACC_0275,ACC_0406,1995808.67,2025-06-17 00:00:00.000000,1,DORMANT_REACTIVATION
TXN_040014,ACC_0387,ACC_0038,1745717.62,2025-06-17 00:00:00.000000,1,DORMANT_REACTIVATION
TXN_040230,ACC_0465,ACC_0222,2915719.72,2025-06-17 00:00:00.000000,1,DORMANT_REACTIVATION
TXN_040269,ACC_0041,ACC_0329,1604973.35,2025-06-17 00:00:00.000000,1,DORMANT_REACTIVATION
TXN_020205,ACC_0168,ACC_0008,198263.73,2025-06-17 01:33:32.000000,1,THRESHOLD_SPLIT
TXN_002822,ACC_0285,ACC_0338,3556.6,2025-06-17 01:34:17.000000,0,CLEAN
TXN_020206,ACC_0168,ACC_0008,195260.7,2025-06-17 02:02:32.000000,1,THRESHOLD_SPLIT
TXN_001149,ACC_0359,ACC_0280,1766208.05,2025-06-17 03:11:16.000000,0,CLEAN
TXN_000527,ACC_0067,ACC_0199,43479.59,2025-06-17 03:41:02.000000,0,CLEAN
TXN_003916,ACC_0002,ACC_0007,53803.85,2025-06-17 07:36:14.000000,0,CLEAN
TXN_001545,ACC_0185,ACC_0314,195154.34,2025-06-17 08:28:29.000000,0,CLEAN
TXN_003018,ACC_0104,ACC_0097,247527.76,2025-06-17 08:54:58.000000,0,CLEAN
TXN_005609,ACC_0448,ACC_0138,12208.49,2025-06-17 09:08:06.000000,0,CLEAN
TXN_004156,ACC_0060,ACC_0093,22630.53,2025-06-17 09:13:37.000000,0,CLEAN
TXN_000293,ACC_0194,ACC_0412,5350.14,2025-06-17 10:08:07.000000,0,CLEAN
TXN_000962,ACC_0073,ACC_0162,26541.51,2025-06-17 11:02:49.000000,0,CLEAN
TXN_003896,ACC_0103,ACC_0140,9404.96,2025-06-17 11:11:39.000000,0,CLEAN
TXN_001061,ACC_0313,ACC_0014,11839.33,2025-06-17 11:53:40.000000,0,CLEAN
TXN_001914,ACC_0409,ACC_0103,167124.15,2025-06-17 11:56:59.000000,0,CLEAN
TXN_000577,ACC_0022,ACC_0440,19107.33,2025-06-17 13:32:17.000000,0,CLEAN
TXN_003659,ACC_0103,ACC_0232,41202.42,2025-06-17 14:39:20.000000,0,CLEAN
TXN_005759,ACC_0421,ACC_0015,22092.02,2025-06-17 14:44:06.000000,0,CLEAN
TXN_001446,ACC_0070,ACC_0438,63936.81,2025-06-17 17:44:31.000000,0,CLEAN
TXN_000764,ACC_0245,ACC_0404,46818.85,2025-06-17 18:46:05.000000,0,CLEAN
TXN_005115,ACC_0353,ACC_0169,788.14,2025-06-17 19:59:44.000000,0,CLEAN
TXN_004342,ACC_0102,ACC_0046,101557.93,2025-06-17 20:09:48.000000,0,CLEAN
TXN_005215,ACC_0290,ACC_0279,19175.08,2025-06-17 20:49:14.000000,0,CLEAN
TXN_002113,ACC_0198,ACC_0366,35962.0,2025-06-17 22:18:27.000000,0,CLEAN
TXN_020020,ACC_0254,ACC_0166,195681.6,2025-06-17 23:13:49.000000,1,THRESHOLD_SPLIT
TXN_020021,ACC_0254,ACC_0166,198993.85,2025-06-17 23:18:49.000000,1,THRESHOLD_SPLIT
TXN_006509,ACC_0491,ACC_0306,316635.16,2025-06-17 23:35:19.000000,0,CLEAN
TXN_020022,ACC_0254,ACC_0166,199510.16,2025-06-17 23:47:49.000000,1,THRESHOLD_SPLIT
TXN_040021,ACC_0072,ACC_0142,1278721.31,2025-06-18 00:00:00.000000,1,DORMANT_REACTIVATION
TXN_040139,ACC_0041,ACC_0043,1306241.52,2025-06-18 00:00:00.000000,1,DORMANT_REACTIVATION
TXN_040108,ACC_0387,ACC_0321,2391473.47,2025-06-18 00:00:00.000000,1,DORMANT_REACTIVATION
TXN_040148,ACC_0087,ACC_0077,939312.42,2025-06-18 00:00:00.000000,1,DORMANT_REACTIVATION
TXN_040273,ACC_0175,ACC_0337,2742664.41,2025-06-18 00:00:00.000000,1,DORMANT_REACTIVATION
TXN_040179,ACC_0392,ACC_0080,1386690.21,2025-06-18 00:00:00.000000,1,DORMANT_REACTIVATION
TXN_000422,ACC_0044,ACC_0225,44331.67,2025-06-18 00:32:45.000000,0,CLEAN
TXN_004214,ACC_0358,ACC_0292,41024.21,2025-06-18 01:02:55.000000,0,CLEAN
TXN_006131,ACC_0191,ACC_0194,72100.74,2025-06-18 01:05:48.000000,0,CLEAN
TXN_020023,ACC_0254,ACC_0166,198610.02,2025-06-18 01:10:49.000000,1,THRESHOLD_SPLIT
TXN_003109,ACC_0494,ACC_0394,19480.7,2025-06-18 01:35:40.000000,0,CLEAN
TXN_000396,ACC_0317,ACC_0027,28263.4,2025-06-18 01:37:33.000000,0,CLEAN
TXN_002215,ACC_0440,ACC_0144,1556.13,2025-06-18 02:21:34.000000,0,CLEAN
TXN_003744,ACC_0489,ACC_0462,37715.12,2025-06-18 02:27:07.000000,0,CLEAN
TXN_005337,ACC_0318,ACC_0222,316987.71,2025-06-18 02:39:05.000000,0,CLEAN
TXN_003387,ACC_0330,ACC_0045,28475.92,2025-06-18 03:38:10.000000,0,CLEAN
TXN_000593,ACC_0449,ACC_0238,39258.33,2025-06-18 04:00:09.000000,0,CLEAN
TXN_000441,ACC_0064,ACC_0360,134414.82,2025-06-18 04:13:11.000000,0,CLEAN
TXN_006364,ACC_0410,ACC_0107,35693.62,2025-06-18 05:27:38.000000,0,CLEAN
TXN_003379,ACC_0229,ACC_0076,27053.7,2025-06-18 05:27:46.000000,0,CLEAN
TXN_004535,ACC_0434,ACC_0435,1317890.42,2025-06-18 07:27:09.000000,0,CLEAN
TXN_001951,ACC_0352,ACC_0166,10428.18,2025-06-18 07:27:49.000000,0,CLEAN
TXN_003076,ACC_0433,ACC_0368,10426.1,2025-06-18 07:57:01.000000,0,CLEAN
TXN_002959,ACC_0062,ACC_0274,6263.65,2025-06-18 08:17:36.000000,0,CLEAN
TXN_006446,ACC_0481,ACC_0042,2303.59,2025-06-18 08:21:40.000000,0,CLEAN
TXN_000868,ACC_0388,ACC_0264,18677.53,2025-06-18 09:23:36.000000,0,CLEAN
TXN_006313,ACC_0450,ACC_0366,1540.2,2025-06-18 09:38:45.000000,0,CLEAN
TXN_006189,ACC_0153,ACC_0135,12800.97,2025-06-18 09:43:44.000000,0,CLEAN
TXN_006330,ACC_0013,ACC_0228,70507.57,2025-06-18 10:59:44.000000,0,CLEAN
TXN_004632,ACC_0158,ACC_0281,65444.07,2025-06-18 10:59:59.000000,0,CLEAN
TXN_003200,ACC_0463,ACC_0418,179469.03,2025-06-18 11:28:06.000000,0,CLEAN
TXN_001722,ACC_0239,ACC_0140,110889.33,2025-06-18 11:35:50.000000,0,CLEAN
TXN_001363,ACC_0180,ACC_0419,2636.49,2025-06-18 11:51:56.000000,0,CLEAN
TXN_020135,ACC_0067,ACC_0218,198299.96,2025-06-18 11:57:02.000000,1,THRESHOLD_SPLIT
TXN_020136,ACC_0067,ACC_0218,198092.77,2025-06-18 12:22:02.000000,1,THRESHOLD_SPLIT
TXN_004955,ACC_0197,ACC_0232,296330.2,2025-06-18 12:30:54.000000,0,CLEAN
TXN_004430,ACC_0275,ACC_0337,188117.24,2025-06-18 13:05:20.000000,0,CLEAN
TXN_001176,ACC_0052,ACC_0316,225423.87,2025-06-18 13:20:16.000000,0,CLEAN
TXN_003078,ACC_0047,ACC_0105,10688.64,2025-06-18 13:58:47.000000,0,CLEAN
TXN_000720,ACC_0410,ACC_0433,6115.63,2025-06-18 14:11:05.000000,0,CLEAN
TXN_001587,ACC_0489,ACC_0074,29095.23,2025-06-18 14:22:26.000000,0,CLEAN
TXN_001861,ACC_0474,ACC_0075,4774.26,2025-06-18 16:40:45.000000,0,CLEAN
TXN_001188,ACC_0103,ACC_0318,55544.06,2025-06-18 17:08:03.000000,0,CLEAN
TXN_005302,ACC_0282,ACC_0149,19618.38,2025-06-18 17:41:53.000000,0,CLEAN
TXN_006510,ACC_0185,ACC_0123,56222.28,2025-06-18 19:31:02.000000,0,CLEAN
TXN_001083,ACC_0436,ACC_0253,39835.74,2025-06-18 19:46:13.000000,0,CLEAN
TXN_003955,ACC_0473,ACC_0372,55999.16,2025-06-18 19:46:52.000000,0,CLEAN
TXN_000323,ACC_0472,ACC_0471,21072.88,2025-06-18 20:47:12.000000,0,CLEAN
TXN_005665,ACC_0101,ACC_0225,14506.62,2025-06-18 21:19:29.000000,0,CLEAN
TXN_004008,ACC_0351,ACC_0337,97406.16,2025-06-18 21:48:32.000000,0,CLEAN
TXN_003499,ACC_0202,ACC_0056,62378.24,2025-06-18 22:06:12.000000,0,CLEAN
TXN_001189,ACC_0399,ACC_0441,24628.08,2025-06-18 23:02:39.000000,0,CLEAN
TXN_002402,ACC_0481,ACC_0347,15448.24,2025-06-18 23:25:33.000000,0,CLEAN
TXN_006125,ACC_0260,ACC_0382,1678.62,2025-06-18 23:34:39.000000,0,CLEAN
TXN_002302,ACC_0074,ACC_0272,61371.45,2025-06-18 23:47:17.000000,0,CLEAN
TXN_040176,ACC_0465,ACC_0109,760232.23,2025-06-19 00:00:00.000000,1,DORMANT_REACTIVATION
TXN_040119,ACC_0231,ACC_0475,2333535.99,2025-06-19 00:00:00.000000,1,DORMANT_REACTIVATION
TXN_040285,ACC_0110,ACC_0129,2608269.6,2025-06-19 00:00:00.000000,1,DORMANT_REACTIVATION
TXN_040264,ACC_0243,ACC_0150,2451320.29,2025-06-19 00:00:00.000000,1,DORMANT_REACTIVATION
TXN_040035,ACC_0298,ACC_0295,2486652.53,2025-06-19 00:00:00.000000,1,DORMANT_REACTIVATION
TXN_006528,ACC_0310,ACC_0265,6403.42,2025-06-19 00:19:39.000000,0,CLEAN
TXN_003745,ACC_0105,ACC_0066,3587.9,2025-06-19 00:35:12.000000,0,CLEAN
TXN_004631,ACC_0073,ACC_0393,128766.92,2025-06-19 00:37:33.000000,0,CLEAN
TXN_000885,ACC_0228,ACC_0090,56893.64,2025-06-19 00:44:03.000000,0,CLEAN
TXN_004000,ACC_0001,ACC_0234,8619.93,2025-06-19 01:01:02.000000,0,CLEAN
TXN_006264,ACC_0394,ACC_0034,1501.19,2025-06-19 01:52:26.000000,0,CLEAN
TXN_003253,ACC_0322,ACC_0060,18539.58,2025-06-19 02:32:45.000000,0,CLEAN
TXN_005768,ACC_0376,ACC_0090,154935.97,2025-06-19 02:44:59.000000,0,CLEAN
TXN_005374,ACC_0089,ACC_0075,244408.92,2025-06-19 04:16:07.000000,0,CLEAN
TXN_001996,ACC_0171,ACC_0290,23898.13,2025-06-19 04:34:38.000000,0,CLEAN
TXN_005235,ACC_0034,ACC_0447,23820.74,2025-06-19 05:21:36.000000,0,CLEAN
TXN_002528,ACC_0094,ACC_0405,16903.74,2025-06-19 05:43:32.000000,0,CLEAN
TXN_003975,ACC_0132,ACC_0462,78518.84,2025-06-19 06:01:22.000000,0,CLEAN
TXN_000371,ACC_0052,ACC_0410,10965.99,2025-06-19 07:43:05.000000,0,CLEAN
TXN_000112,ACC_0344,ACC_0361,55268.2,2025-06-19 08:48:16.000000,0,CLEAN
TXN_000017,ACC_0479,ACC_0383,8380.54,2025-06-19 09:10:09.000000,0,CLEAN
TXN_006153,ACC_0379,ACC_0275,60273.58,2025-06-19 10:41:00.000000,0,CLEAN
TXN_005892,ACC_0345,ACC_0374,3343.55,2025-06-19 11:00:04.000000,0,CLEAN
TXN_002225,ACC_0078,ACC_0148,36517.38,2025-06-19 11:14:35.000000,0,CLEAN
TXN_003641,ACC_0407,ACC_0143,424021.57,2025-06-19 11:46:58.000000,0,CLEAN
TXN_004939,ACC_0285,ACC_0428,33188.0,2025-06-19 11:52:47.000000,0,CLEAN
TXN_003998,ACC_0029,ACC_0183,1401.76,2025-06-19 12:50:08.000000,0,CLEAN
TXN_001072,ACC_0489,ACC_0342,56406.34,2025-06-19 13:08:38.000000,0,CLEAN
TXN_005010,ACC_0000,ACC_0251,44504.48,2025-06-19 13:29:36.000000,0,CLEAN
TXN_000562,ACC_0383,ACC_0400,203444.51,2025-06-19 14:37:08.000000,0,CLEAN
TXN_003290,ACC_0358,ACC_0283,87487.28,2025-06-19 15:01:16.000000,0,CLEAN
TXN_002643,ACC_0157,ACC_0229,14702.44,2025-06-19 18:32:29.000000,0,CLEAN
TXN_000497,ACC_0416,ACC_0385,94965.06,2025-06-19 19:27:10.000000,0,CLEAN
TXN_006061,ACC_0188,ACC_0371,273525.38,2025-06-19 20:09:55.000000,0,CLEAN
TXN_004029,ACC_0344,ACC_0280,15891.3,2025-06-19 20:47:49.000000,0,CLEAN
TXN_000419,ACC_0126,ACC_0153,48588.15,2025-06-19 20:54:33.000000,0,CLEAN
TXN_001415,ACC_0215,ACC_0189,16090.58,2025-06-19 20:58:36.000000,0,CLEAN
TXN_002572,ACC_0254,ACC_0077,49192.34,2025-06-19 21:45:48.000000,0,CLEAN
TXN_000875,ACC_0088,ACC_0099,26529.55,2025-06-19 22:38:13.000000,0,CLEAN
TXN_000104,ACC_0096,ACC_0480,67518.19,2025-06-19 22:45:56.000000,0,CLEAN
TXN_040144,ACC_0355,ACC_0194,2180446.4,2025-06-20 00:00:00.000000,1,DORMANT_REACTIVATION
TXN_040158,ACC_0387,ACC_0158,2553945.53,2025-06-20 00:00:00.000000,1,DORMANT_REACTIVATION
TXN_040216,ACC_0231,ACC_0200,1419762.12,2025-06-20 00:00:00.000000,1,DORMANT_REACTIVATION
TXN_004653,ACC_0134,ACC_0450,16419.07,2025-06-20 00:17:44.000000,0,CLEAN
TXN_005578,ACC_0113,ACC_0294,4890.98,2025-06-20 00:41:39.000000,0,CLEAN
TXN_005536,ACC_0101,ACC_0326,132430.76,2025-06-20 01:49:18.000000,0,CLEAN
TXN_005089,ACC_0192,ACC_0401,366035.63,2025-06-20 02:05:23.000000,0,CLEAN
TXN_005081,ACC_0223,ACC_0348,168482.11,2025-06-20 02:08:27.000000,0,CLEAN
TXN_006355,ACC_0414,ACC_0199,460616.32,2025-06-20 02:11:05.000000,0,CLEAN
TXN_004566,ACC_0348,ACC_0486,38066.65,2025-06-20 02:20:47.000000,0,CLEAN
TXN_005041,ACC_0230,ACC_0491,444579.5,2025-06-20 02:53:18.000000,0,CLEAN
TXN_004024,ACC_0445,ACC_0266,213243.99,2025-06-20 03:32:47.000000,0,CLEAN
TXN_003954,ACC_0210,ACC_0386,243160.57,2025-06-20 04:19:19.000000,0,CLEAN
TXN_005265,ACC_0400,ACC_0436,22510.35,2025-06-20 04:33:07.000000,0,CLEAN
TXN_000476,ACC_0081,ACC_0448,18426.42,2025-06-20 05:13:44.000000,0,CLEAN
TXN_000018,ACC_0474,ACC_0148,42150.36,2025-06-20 05:55:09.000000,0,CLEAN
TXN_003152,ACC_0042,ACC_0214,70767.89,2025-06-20 05:58:33.000000,0,CLEAN
TXN_002975,ACC_0367,ACC_0216,5287.62,2025-06-20 06:00:12.000000,0,CLEAN
TXN_004382,ACC_0129,ACC_0457,10111.41,2025-06-20 07:28:02.000000,0,CLEAN
TXN_001626,ACC_0383,ACC_0325,6178.19,2025-06-20 08:29:06.000000,0,CLEAN
TXN_000452,ACC_0355,ACC_0480,5556.32,2025-06-20 08:35:42.000000,0,CLEAN
TXN_005856,ACC_0497,ACC_0475,907761.89,2025-06-20 09:07:58.000000,0,CLEAN
TXN_001164,ACC_0273,ACC_0146,254102.2,2025-06-20 09:20:25.000000,0,CLEAN
TXN_005527,ACC_0338,ACC_0429,3790.29,2025-06-20 09:47:20.000000,0,CLEAN
TXN_006327,ACC_0013,ACC_0071,35651.71,2025-06-20 10:05:15.000000,0,CLEAN
TXN_001407,ACC_0307,ACC_0019,6699.91,2025-06-20 10:37:25.000000,0,CLEAN
TXN_005104,ACC_0460,ACC_0289,68059.66,2025-06-20 10:52:08.000000,0,CLEAN
TXN_001312,ACC_0375,ACC_0169,407717.96,2025-06-20 11:14:40.000000,0,CLEAN
TXN_005547,ACC_0488,ACC_0092,361967.62,2025-06-20 11:15:44.000000,0,CLEAN
TXN_000844,ACC_0450,ACC_0176,150893.75,2025-06-20 11:16:49.000000,0,CLEAN
TXN_002686,ACC_0163,ACC_0237,6031.9,2025-06-20 13:15:18.000000,0,CLEAN
TXN_005416,ACC_0062,ACC_0434,120183.62,2025-06-20 14:00:42.000000,0,CLEAN
TXN_001607,ACC_0048,ACC_0032,94616.57,2025-06-20 14:59:48.000000,0,CLEAN
TXN_004485,ACC_0115,ACC_0472,422395.23,2025-06-20 16:23:26.000000,0,CLEAN
TXN_006371,ACC_0092,ACC_0187,98710.03,2025-06-20 16:47:51.000000,0,CLEAN
TXN_002946,ACC_0493,ACC_0142,30722.08,2025-06-20 18:27:26.000000,0,CLEAN
TXN_004762,ACC_0145,ACC_0137,54646.04,2025-06-20 19:15:59.000000,0,CLEAN
TXN_002435,ACC_0080,ACC_0008,330712.94,2025-06-20 19:21:31.000000,0,CLEAN
TXN_001816,ACC_0171,ACC_0179,127824.15,2025-06-20 20:07:48.000000,0,CLEAN
TXN_000449,ACC_0324,ACC_0407,52313.47,2025-06-20 21:40:48.000000,0,CLEAN
TXN_002817,ACC_0016,ACC_0221,8321.06,2025-06-20 21:40:58.000000,0,CLEAN
TXN_005427,ACC_0375,ACC_0491,46629.27,2025-06-20 22:09:14.000000,0,CLEAN
TXN_040092,ACC_0253,ACC_0314,796947.75,2025-06-21 00:00:00.000000,1,DORMANT_REACTIVATION
TXN_040263,ACC_0101,ACC_0094,2597965.94,2025-06-21 00:00:00.000000,1,DORMANT_REACTIVATION
TXN_040255,ACC_0433,ACC_0392,2061209.76,2025-06-21 00:00:00.000000,1,DORMANT_REACTIVATION
TXN_040277,ACC_0465,ACC_0174,574849.74,2025-06-21 00:00:00.000000,1,DORMANT_REACTIVATION
TXN_000003,ACC_0334,ACC_0479,84495.53,2025-06-21 00:06:52.000000,0,CLEAN
TXN_002538,ACC_0041,ACC_0318,8568.96,2025-06-21 01:02:44.000000,0,CLEAN
TXN_005554,ACC_0057,ACC_0494,60586.28,2025-06-21 01:16:08.000000,0,CLEAN
TXN_002884,ACC_0280,ACC_0092,190775.12,2025-06-21 01:16:32.000000,0,CLEAN
TXN_003302,ACC_0397,ACC_0101,5849.29,2025-06-21 01:38:22.000000,0,CLEAN
TXN_003508,ACC_0438,ACC_0116,17458.63,2025-06-21 01:46:19.000000,0,CLEAN
TXN_001140,ACC_0164,ACC_0259,37659.07,2025-06-21 03:34:39.000000,0,CLEAN
TXN_006170,ACC_0050,ACC_0275,52120.58,2025-06-21 04:44:36.000000,0,CLEAN
TXN_003628,ACC_0409,ACC_0319,12054.56,2025-06-21 04:51:03.000000,0,CLEAN
TXN_004313,ACC_0391,ACC_0400,10873.43,2025-06-21 05:19:47.000000,0,CLEAN
TXN_000761,ACC_0211,ACC_0253,40701.01,2025-06-21 05:20:56.000000,0,CLEAN
TXN_004263,ACC_0345,ACC_0477,64621.54,2025-06-21 06:05:39.000000,0,CLEAN
TXN_001366,ACC_0003,ACC_0257,170897.51,2025-06-21 06:34:39.000000,0,CLEAN
TXN_001644,ACC_0096,ACC_0211,25982.97,2025-06-21 07:10:23.000000,0,CLEAN
TXN_005562,ACC_0065,ACC_0397,20995.82,2025-06-21 07:13:00.000000,0,CLEAN
TXN_002162,ACC_0403,ACC_0441,88951.12,2025-06-21 08:18:00.000000,0,CLEAN
TXN_003648,ACC_0198,ACC_0385,16778.04,2025-06-21 08:23:05.000000,0,CLEAN
TXN_001983,ACC_0458,ACC_0103,11499.0,2025-06-21 08:58:25.000000,0,CLEAN
TXN_001139,ACC_0307,ACC_0311,7322.45,2025-06-21 09:39:39.000000,0,CLEAN
TXN_000677,ACC_0255,ACC_0210,31334.99,2025-06-21 10:02:46.000000,0,CLEAN
TXN_001730,ACC_0375,ACC_0094,13004.56,2025-06-21 10:45:47.000000,0,CLEAN
TXN_005874,ACC_0075,ACC_0103,28070.92,2025-06-21 10:52:02.000000,0,CLEAN
TXN_005731,ACC_0271,ACC_0040,21049.67,2025-06-21 12:24:33.000000,0,CLEAN
TXN_005695,ACC_0325,ACC_0286,29022.2,2025-06-21 12:40:39.000000,0,CLEAN
TXN_004879,ACC_0366,ACC_0311,15745.41,2025-06-21 12:45:23.000000,0,CLEAN
TXN_001883,ACC_0149,ACC_0445,33759.65,2025-06-21 12:57:11.000000,0,CLEAN
TXN_006410,ACC_0264,ACC_0296,1533.4,2025-06-21 13:47:40.000000,0,CLEAN
TXN_002566,ACC_0096,ACC_0457,505043.38,2025-06-21 15:38:26.000000,0,CLEAN
TXN_004372,ACC_0495,ACC_0467,5614.94,2025-06-21 15:55:53.000000,0,CLEAN
TXN_000760,ACC_0496,ACC_0085,83909.19,2025-06-21 18:18:39.000000,0,CLEAN
TXN_006268,ACC_0228,ACC_0383,431861.17,2025-06-21 18:27:57.000000,0,CLEAN
TXN_002823,ACC_0399,ACC_0155,53474.7,2025-06-21 19:00:06.000000,0,CLEAN
TXN_004450,ACC_0158,ACC_0083,52068.15,2025-06-21 21:34:41.000000,0,CLEAN
TXN_000750,ACC_0085,ACC_0326,59654.23,2025-06-21 21:53:29.000000,0,CLEAN
TXN_005492,ACC_0224,ACC_0114,8123.69,2025-06-21 22:01:34.000000,0,CLEAN
TXN_003615,ACC_0089,ACC_0113,20764.22,2025-06-21 22:10:48.000000,0,CLEAN
TXN_000799,ACC_0094,ACC_0190,58838.21,2025-06-21 22:41:42.000000,0,CLEAN
TXN_006448,ACC_0203,ACC_0420,20917.12,2025-06-21 23:18:29.000000,0,CLEAN
TXN_040130,ACC_0275,ACC_0170,1872268.57,2025-06-22 00:00:00.000000,1,DORMANT_REACTIVATION
TXN_040096,ACC_0031,ACC_0475,2605117.0,2025-06-22 00:00:00.000000,1,DORMANT_REACTIVATION
TXN_040009,ACC_0355,ACC_0125,1280145.44,2025-06-22 00:00:00.000000,1,DORMANT_REACTIVATION
TXN_040186,ACC_0304,ACC_0262,1939273.52,2025-06-22 00:00:00.000000,1,DORMANT_REACTIVATION
TXN_003643,ACC_0495,ACC_0299,57958.31,2025-06-22 00:17:13.000000,0,CLEAN
TXN_001320,ACC_0134,ACC_0376,29825.37,2025-06-22 02:37:27.000000,0,CLEAN
TXN_002494,ACC_0175,ACC_0112,8709.09,2025-06-22 02:57:54.000000,0,CLEAN
TXN_000563,ACC_0137,ACC_0376,2671.59,2025-06-22 02:59:31.000000,0,CLEAN
TXN_005863,ACC_0472,ACC_0153,101196.41,2025-06-22 03:49:59.000000,0,CLEAN
TXN_000948,ACC_0215,ACC_0404,232681.21,2025-06-22 04:59:25.000000,0,CLEAN
TXN_001692,ACC_0101,ACC_0185,756505.01,2025-06-22 08:08:27.000000,0,CLEAN
TXN_001065,ACC_0249,ACC_0057,23813.52,2025-06-22 08:29:15.000000,0,CLEAN
TXN_000771,ACC_0175,ACC_0087,90554.5,2025-06-22 10:03:34.000000,0,CLEAN
TXN_002541,ACC_0345,ACC_0186,45956.91,2025-06-22 10:16:37.000000,0,CLEAN
TXN_005283,ACC_0382,ACC_0386,845203.08,2025-06-22 11:56:33.000000,0,CLEAN
TXN_003661,ACC_0156,ACC_0218,74588.42,2025-06-22 13:41:01.000000,0,CLEAN
TXN_000525,ACC_0036,ACC_0271,69876.56,2025-06-22 13:45:23.000000,0,CLEAN
TXN_000108,ACC_0479,ACC_0452,2519.76,2025-06-22 15:13:58.000000,0,CLEAN
TXN_005942,ACC_0187,ACC_0025,4559.59,2025-06-22 15:48:48.000000,0,CLEAN
TXN_000023,ACC_0268,ACC_0252,85468.06,2025-06-22 16:15:06.000000,0,CLEAN
TXN_006295,ACC_0238,ACC_0231,296215.33,2025-06-22 16:41:54.000000,0,CLEAN
TXN_000954,ACC_0036,ACC_0242,84818.12,2025-06-22 17:01:33.000000,0,CLEAN
TXN_000851,ACC_0019,ACC_0203,2433.36,2025-06-22 17:42:58.000000,0,CLEAN
TXN_001584,ACC_0377,ACC_0228,15901.91,2025-06-22 17:59:15.000000,0,CLEAN
TXN_004818,ACC_0214,ACC_0192,27158.41,2025-06-22 18:21:55.000000,0,CLEAN
TXN_001753,ACC_0335,ACC_0251,35662.91,2025-06-22 18:36:58.000000,0,CLEAN
TXN_005567,ACC_0259,ACC_0110,188307.26,2025-06-22 18:49:04.000000,0,CLEAN
TXN_003385,ACC_0490,ACC_0343,81180.99,2025-06-22 19:54:06.000000,0,CLEAN
TXN_001041,ACC_0435,ACC_0388,518335.19,2025-06-22 21:03:41.000000,0,CLEAN
TXN_003311,ACC_0011,ACC_0015,68205.97,2025-06-22 21:11:19.000000,0,CLEAN
TXN_001791,ACC_0265,ACC_0069,157674.34,2025-06-22 21:12:47.000000,0,CLEAN
TXN_005291,ACC_0308,ACC_0336,845.68,2025-06-22 21:40:47.000000,0,CLEAN
TXN_002482,ACC_0248,ACC_0027,108960.22,2025-06-22 21:58:43.000000,0,CLEAN
TXN_005500,ACC_0462,ACC_0020,6828.62,2025-06-22 22:42:14.000000,0,CLEAN
TXN_040078,ACC_0212,ACC_0322,1504884.18,2025-06-23 00:00:00.000000,1,DORMANT_REACTIVATION
TXN_040116,ACC_0371,ACC_0454,1632637.9,2025-06-23 00:00:00.000000,1,DORMANT_REACTIVATION
TXN_006501,ACC_0195,ACC_0430,2523.69,2025-06-23 00:54:18.000000,0,CLEAN
TXN_001063,ACC_0372,ACC_0499,136771.66,2025-06-23 03:54:57.000000,0,CLEAN
TXN_001712,ACC_0177,ACC_0413,136420.81,2025-06-23 04:04:13.000000,0,CLEAN
TXN_000977,ACC_0486,ACC_0007,68138.57,2025-06-23 05:03:03.000000,0,CLEAN
TXN_002122,ACC_0159,ACC_0328,41181.32,2025-06-23 05:39:11.000000,0,CLEAN
TXN_004881,ACC_0038,ACC_0294,14333.31,2025-06-23 08:06:57.000000,0,CLEAN
TXN_003062,ACC_0160,ACC_0224,1359.83,2025-06-23 08:09:07.000000,0,CLEAN
TXN_002671,ACC_0334,ACC_0341,90433.43,2025-06-23 08:13:14.000000,0,CLEAN
TXN_004690,ACC_0109,ACC_0343,14001.02,2025-06-23 10:01:25.000000,0,CLEAN
TXN_004498,ACC_0217,ACC_0076,122033.92,2025-06-23 10:13:46.000000,0,CLEAN
TXN_006312,ACC_0473,ACC_0181,10341.2,2025-06-23 10:48:59.000000,0,CLEAN
TXN_001563,ACC_0255,ACC_0068,31106.35,2025-06-23 10:56:30.000000,0,CLEAN
TXN_006195,ACC_0003,ACC_0164,7191.83,2025-06-23 11:23:34.000000,0,CLEAN
TXN_004279,ACC_0263,ACC_0423,309.5,2025-06-23 11:37:44.000000,0,CLEAN
TXN_000083,ACC_0277,ACC_0030,1094752.96,2025-06-23 15:21:36.000000,0,CLEAN
TXN_003365,ACC_0215,ACC_0024,12177.04,2025-06-23 15:31:14.000000,0,CLEAN
TXN_005766,ACC_0014,ACC_0314,40538.41,2025-06-23 15:34:39.000000,0,CLEAN
TXN_006065,ACC_0150,ACC_0033,104908.84,2025-06-23 16:25:08.000000,0,CLEAN
TXN_004810,ACC_0144,ACC_0134,24134.19,2025-06-23 17:09:37.000000,0,CLEAN
TXN_000796,ACC_0241,ACC_0251,144150.72,2025-06-23 18:25:52.000000,0,CLEAN
TXN_003658,ACC_0106,ACC_0113,13701.49,2025-06-23 18:27:52.000000,0,CLEAN
TXN_004692,ACC_0027,ACC_0048,83619.59,2025-06-23 18:47:59.000000,0,CLEAN
TXN_000048,ACC_0257,ACC_0473,63368.29,2025-06-23 19:33:14.000000,0,CLEAN
TXN_005471,ACC_0042,ACC_0078,36356.68,2025-06-23 21:47:40.000000,0,CLEAN
TXN_005721,ACC_0165,ACC_0039,34599.16,2025-06-23 23:26:42.000000,0,CLEAN
TXN_040161,ACC_0231,ACC_0123,1525458.66,2025-06-24 00:00:00.000000,1,DORMANT_REACTIVATION
TXN_040053,ACC_0298,ACC_0227,2157799.34,2025-06-24 00:00:00.000000,1,DORMANT_REACTIVATION
TXN_040175,ACC_0175,ACC_0189,2305623.69,2025-06-24 00:00:00.000000,1,DORMANT_REACTIVATION
TXN_040203,ACC_0243,ACC_0020,2705956.94,2025-06-24 00:00:00.000000,1,DORMANT_REACTIVATION
TXN_040206,ACC_0101,ACC_0237,2901849.84,2025-06-24 00:00:00.000000,1,DORMANT_REACTIVATION
TXN_040136,ACC_0185,ACC_0349,1190778.18,2025-06-24 00:00:00.000000,1,DORMANT_REACTIVATION
TXN_040192,ACC_0304,ACC_0352,2097703.21,2025-06-24 00:00:00.000000,1,DORMANT_REACTIVATION
TXN_040131,ACC_0206,ACC_0022,1569301.77,2025-06-24 00:00:00.000000,1,DORMANT_REACTIVATION
TXN_040040,ACC_0304,ACC_0137,1122576.69,2025-06-24 00:00:00.000000,1,DORMANT_REACTIVATION
TXN_004030,ACC_0239,ACC_0086,46724.46,2025-06-24 01:34:00.000000,0,CLEAN
TXN_002649,ACC_0217,ACC_0374,9461.98,2025-06-24 01:39:40.000000,0,CLEAN
TXN_002385,ACC_0356,ACC_0199,17161.17,2025-06-24 01:48:34.000000,0,CLEAN
TXN_002918,ACC_0028,ACC_0441,5224.23,2025-06-24 02:01:06.000000,0,CLEAN
TXN_001499,ACC_0348,ACC_0235,11880.41,2025-06-24 02:06:13.000000,0,CLEAN
TXN_004216,ACC_0311,ACC_0050,1306102.4,2025-06-24 02:19:12.000000,0,CLEAN
TXN_000506,ACC_0111,ACC_0044,139077.95,2025-06-24 02:25:33.000000,0,CLEAN
TXN_004726,ACC_0008,ACC_0155,19086.34,2025-06-24 02:42:53.000000,0,CLEAN
TXN_003858,ACC_0315,ACC_0389,88182.45,2025-06-24 03:17:42.000000,0,CLEAN
TXN_003397,ACC_0243,ACC_0258,105432.23,2025-06-24 03:41:25.000000,0,CLEAN
TXN_001412,ACC_0423,ACC_0000,94568.21,2025-06-24 04:10:41.000000,0,CLEAN
TXN_001529,ACC_0459,ACC_0451,17370.8,2025-06-24 04:19:18.000000,0,CLEAN
TXN_002709,ACC_0096,ACC_0408,71456.06,2025-06-24 04:35:14.000000,0,CLEAN
TXN_006385,ACC_0007,ACC_0179,10696.78,2025-06-24 05:12:08.000000,0,CLEAN
TXN_000617,ACC_0471,ACC_0118,33308.63,2025-06-24 05:39:45.000000,0,CLEAN
TXN_006357,ACC_0373,ACC_0331,23411.25,2025-06-24 05:51:59.000000,0,CLEAN
TXN_005396,ACC_0499,ACC_0208,3440.15,2025-06-24 06:09:03.000000,0,CLEAN
TXN_005458,ACC_0060,ACC_0173,18611.31,2025-06-24 06:18:35.000000,0,CLEAN
TXN_004155,ACC_0494,ACC_0337,920242.97,2025-06-24 07:07:47.000000,0,CLEAN
TXN_005298,ACC_0416,ACC_0182,78056.37,2025-06-24 07:18:23.000000,0,CLEAN
TXN_002648,ACC_0412,ACC_0372,30760.97,2025-06-24 07:41:42.000000,0,CLEAN
TXN_005778,ACC_0460,ACC_0162,5920.65,2025-06-24 07:45:18.000000,0,CLEAN
TXN_000773,ACC_0038,ACC_0281,22592.82,2025-06-24 09:33:43.000000,0,CLEAN
TXN_006146,ACC_0403,ACC_0268,83229.56,2025-06-24 09:36:39.000000,0,CLEAN
TXN_001235,ACC_0022,ACC_0152,3214.84,2025-06-24 10:17:44.000000,0,CLEAN
TXN_002475,ACC_0382,ACC_0346,42558.32,2025-06-24 10:43:13.000000,0,CLEAN
TXN_001015,ACC_0214,ACC_0426,30253.85,2025-06-24 11:52:54.000000,0,CLEAN
TXN_004874,ACC_0407,ACC_0164,69386.49,2025-06-24 12:27:01.000000,0,CLEAN
TXN_002561,ACC_0422,ACC_0272,22042.1,2025-06-24 15:44:47.000000,0,CLEAN
TXN_006411,ACC_0136,ACC_0390,270760.48,2025-06-24 16:07:24.000000,0,CLEAN
TXN_000944,ACC_0484,ACC_0348,66140.19,2025-06-24 16:23:55.000000,0,CLEAN
TXN_005222,ACC_0182,ACC_0317,11491.91,2025-06-24 17:09:56.000000,0,CLEAN
TXN_005191,ACC_0121,ACC_0053,2644.67,2025-06-24 17:20:43.000000,0,CLEAN
TXN_000564,ACC_0060,ACC_0395,21085.45,2025-06-24 17:49:33.000000,0,CLEAN
TXN_002622,ACC_0374,ACC_0245,75872.65,2025-06-24 19:07:01.000000,0,CLEAN
TXN_004766,ACC_0123,ACC_0002,186868.45,2025-06-24 19:10:35.000000,0,CLEAN
TXN_005857,ACC_0119,ACC_0391,3578.13,2025-06-24 22:20:15.000000,0,CLEAN
TXN_006467,ACC_0151,ACC_0200,32330.25,2025-06-24 22:45:43.000000,0,CLEAN
TXN_003946,ACC_0300,ACC_0499,9726.46,2025-06-24 22:56:38.000000,0,CLEAN
TXN_005841,ACC_0183,ACC_0446,30622.8,2025-06-24 23:04:35.000000,0,CLEAN
TXN_002740,ACC_0105,ACC_0301,37002.8,2025-06-24 23:46:45.000000,0,CLEAN
TXN_040063,ACC_0243,ACC_0230,1002310.02,2025-06-25 00:00:00.000000,1,DORMANT_REACTIVATION
TXN_040185,ACC_0351,ACC_0210,2480234.43,2025-06-25 00:00:00.000000,1,DORMANT_REACTIVATION
TXN_040069,ACC_0275,ACC_0354,747086.5,2025-06-25 00:00:00.000000,1,DORMANT_REACTIVATION
TXN_040180,ACC_0387,ACC_0388,1226529.73,2025-06-25 00:00:00.000000,1,DORMANT_REACTIVATION
TXN_040016,ACC_0355,ACC_0094,2279500.77,2025-06-25 00:00:00.000000,1,DORMANT_REACTIVATION
TXN_040207,ACC_0433,ACC_0398,1881374.56,2025-06-25 00:00:00.000000,1,DORMANT_REACTIVATION
TXN_005806,ACC_0328,ACC_0483,10766.63,2025-06-25 01:11:51.000000,0,CLEAN
TXN_000589,ACC_0257,ACC_0345,27050.89,2025-06-25 03:20:59.000000,0,CLEAN
TXN_004443,ACC_0188,ACC_0075,12182.33,2025-06-25 04:24:29.000000,0,CLEAN
TXN_003776,ACC_0371,ACC_0369,14799.43,2025-06-25 04:43:06.000000,0,CLEAN
TXN_006165,ACC_0032,ACC_0464,9080.69,2025-06-25 08:54:27.000000,0,CLEAN
TXN_002196,ACC_0454,ACC_0297,183992.47,2025-06-25 09:28:41.000000,0,CLEAN
TXN_002258,ACC_0313,ACC_0027,6661.35,2025-06-25 11:00:45.000000,0,CLEAN
TXN_001973,ACC_0353,ACC_0264,4575.33,2025-06-25 11:26:01.000000,0,CLEAN
TXN_004264,ACC_0391,ACC_0268,8171.09,2025-06-25 12:00:24.000000,0,CLEAN
TXN_000479,ACC_0190,ACC_0341,113620.81,2025-06-25 12:00:52.000000,0,CLEAN
TXN_005077,ACC_0204,ACC_0496,48536.39,2025-06-25 13:42:15.000000,0,CLEAN
TXN_005454,ACC_0470,ACC_0198,80526.49,2025-06-25 14:09:31.000000,0,CLEAN
TXN_002599,ACC_0362,ACC_0354,86663.31,2025-06-25 16:15:34.000000,0,CLEAN
TXN_006516,ACC_0375,ACC_0141,34453.14,2025-06-25 16:21:13.000000,0,CLEAN
TXN_000278,ACC_0461,ACC_0286,32479.03,2025-06-25 18:34:22.000000,0,CLEAN
TXN_002950,ACC_0010,ACC_0331,17739.19,2025-06-25 18:40:29.000000,0,CLEAN
TXN_002497,ACC_0487,ACC_0313,5638.42,2025-06-25 20:17:59.000000,0,CLEAN
TXN_001285,ACC_0108,ACC_0212,4079.27,2025-06-25 20:31:57.000000,0,CLEAN
TXN_005779,ACC_0363,ACC_0086,39541.76,2025-06-25 20:58:59.000000,0,CLEAN
TXN_004741,ACC_0480,ACC_0473,10263.52,2025-06-25 21:43:10.000000,0,CLEAN
TXN_006415,ACC_0017,ACC_0383,5276.41,2025-06-25 22:20:01.000000,0,CLEAN
TXN_006143,ACC_0467,ACC_0326,13304.33,2025-06-25 23:40:24.000000,0,CLEAN
TXN_001326,ACC_0302,ACC_0108,7075.56,2025-06-25 23:40:50.000000,0,CLEAN
TXN_040057,ACC_0471,ACC_0081,653511.5,2025-06-26 00:00:00.000000,1,DORMANT_REACTIVATION
TXN_040234,ACC_0231,ACC_0184,1476474.35,2025-06-26 00:00:00.000000,1,DORMANT_REACTIVATION
TXN_040165,ACC_0275,ACC_0428,1821439.5,2025-06-26 00:00:00.000000,1,DORMANT_REACTIVATION
TXN_040152,ACC_0072,ACC_0001,2155092.78,2025-06-26 00:00:00.000000,1,DORMANT_REACTIVATION
TXN_040090,ACC_0110,ACC_0144,2107548.07,2025-06-26 00:00:00.000000,1,DORMANT_REACTIVATION
TXN_003906,ACC_0042,ACC_0389,30551.33,2025-06-26 00:23:45.000000,0,CLEAN
TXN_000935,ACC_0401,ACC_0243,55485.11,2025-06-26 00:43:10.000000,0,CLEAN
TXN_003876,ACC_0276,ACC_0027,1035.37,2025-06-26 01:12:41.000000,0,CLEAN
TXN_004998,ACC_0156,ACC_0437,1350.76,2025-06-26 01:22:40.000000,0,CLEAN
TXN_002892,ACC_0436,ACC_0393,32501.47,2025-06-26 02:09:40.000000,0,CLEAN
TXN_005100,ACC_0071,ACC_0315,27383.51,2025-06-26 02:13:17.000000,0,CLEAN
TXN_000993,ACC_0084,ACC_0486,47897.9,2025-06-26 02:26:00.000000,0,CLEAN
TXN_000154,ACC_0106,ACC_0446,1723796.54,2025-06-26 03:04:45.000000,0,CLEAN
TXN_001591,ACC_0207,ACC_0435,56994.58,2025-06-26 03:16:00.000000,0,CLEAN
TXN_003135,ACC_0223,ACC_0040,54188.7,2025-06-26 03:53:39.000000,0,CLEAN
TXN_001361,ACC_0192,ACC_0499,122542.4,2025-06-26 04:03:22.000000,0,CLEAN
TXN_006044,ACC_0088,ACC_0350,41095.86,2025-06-26 04:14:07.000000,0,CLEAN
TXN_003028,ACC_0316,ACC_0230,2327.33,2025-06-26 04:27:21.000000,0,CLEAN
TXN_001420,ACC_0411,ACC_0379,1865.06,2025-06-26 06:55:44.000000,0,CLEAN
TXN_004757,ACC_0237,ACC_0211,11991.5,2025-06-26 07:33:24.000000,0,CLEAN
TXN_004819,ACC_0160,ACC_0325,81669.18,2025-06-26 08:59:45.000000,0,CLEAN
TXN_004356,ACC_0241,ACC_0143,134070.35,2025-06-26 09:49:58.000000,0,CLEAN
TXN_002735,ACC_0240,ACC_0060,48253.31,2025-06-26 10:03:12.000000,0,CLEAN
TXN_006073,ACC_0446,ACC_0472,17950.14,2025-06-26 11:40:53.000000,0,CLEAN
TXN_006245,ACC_0352,ACC_0492,9106.25,2025-06-26 11:43:19.000000,0,CLEAN
TXN_006375,ACC_0320,ACC_0191,9431.4,2025-06-26 12:09:28.000000,0,CLEAN
TXN_000155,ACC_0170,ACC_0155,39688.93,2025-06-26 12:13:11.000000,0,CLEAN
TXN_004203,ACC_0045,ACC_0186,86419.43,2025-06-26 13:23:26.000000,0,CLEAN
TXN_005985,ACC_0309,ACC_0204,1540543.33,2025-06-26 15:43:32.000000,0,CLEAN
TXN_000207,ACC_0412,ACC_0482,504938.17,2025-06-26 15:51:04.000000,0,CLEAN
TXN_002961,ACC_0198,ACC_0004,625266.38,2025-06-26 15:55:28.000000,0,CLEAN
TXN_001515,ACC_0349,ACC_0477,27153.49,2025-06-26 16:34:09.000000,0,CLEAN
TXN_003947,ACC_0041,ACC_0266,42185.44,2025-06-26 16:40:13.000000,0,CLEAN
TXN_001651,ACC_0391,ACC_0410,438978.29,2025-06-26 16:41:41.000000,0,CLEAN
TXN_002540,ACC_0263,ACC_0485,90701.05,2025-06-26 16:55:35.000000,0,CLEAN
TXN_001424,ACC_0392,ACC_0119,815147.21,2025-06-26 17:18:18.000000,0,CLEAN
TXN_002279,ACC_0309,ACC_0089,74545.3,2025-06-26 17:31:12.000000,0,CLEAN
TXN_001024,ACC_0280,ACC_0254,20778.83,2025-06-26 18:34:09.000000,0,CLEAN
TXN_005594,ACC_0410,ACC_0082,40466.5,2025-06-26 19:57:15.000000,0,CLEAN
TXN_004254,ACC_0315,ACC_0097,16282.81,2025-06-26 21:02:17.000000,0,CLEAN
TXN_005217,ACC_0349,ACC_0374,24522.9,2025-06-26 21:30:50.000000,0,CLEAN
TXN_002900,ACC_0440,ACC_0425,75897.89,2025-06-26 22:12:35.000000,0,CLEAN
TXN_001231,ACC_0144,ACC_0012,21504.66,2025-06-26 23:07:59.000000,0,CLEAN
TXN_000899,ACC_0004,ACC_0243,13557.0,2025-06-26 23:58:11.000000,0,CLEAN
TXN_040238,ACC_0206,ACC_0394,1046510.19,2025-06-27 00:00:00.000000,1,DORMANT_REACTIVATION
TXN_040001,ACC_0355,ACC_0328,1422177.01,2025-06-27 00:00:00.000000,1,DORMANT_REACTIVATION
TXN_040122,ACC_0110,ACC_0408,2236294.05,2025-06-27 00:00:00.000000,1,DORMANT_REACTIVATION
TXN_040268,ACC_0471,ACC_0391,1544259.15,2025-06-27 00:00:00.000000,1,DORMANT_REACTIVATION
TXN_000127,ACC_0450,ACC_0376,30071.09,2025-06-27 00:15:35.000000,0,CLEAN
TXN_004893,ACC_0294,ACC_0002,45433.86,2025-06-27 00:33:53.000000,0,CLEAN
TXN_005401,ACC_0476,ACC_0076,825.99,2025-06-27 01:38:04.000000,0,CLEAN
TXN_004481,ACC_0072,ACC_0000,137395.6,2025-06-27 03:00:22.000000,0,CLEAN
TXN_001995,ACC_0393,ACC_0087,122983.78,2025-06-27 03:24:21.000000,0,CLEAN
TXN_005573,ACC_0204,ACC_0133,71620.35,2025-06-27 03:56:47.000000,0,CLEAN
TXN_004092,ACC_0417,ACC_0337,82345.58,2025-06-27 03:58:55.000000,0,CLEAN
TXN_003689,ACC_0378,ACC_0278,33034.76,2025-06-27 04:00:38.000000,0,CLEAN
TXN_005040,ACC_0278,ACC_0461,457614.96,2025-06-27 04:02:51.000000,0,CLEAN
TXN_004699,ACC_0223,ACC_0181,145583.97,2025-06-27 05:00:50.000000,0,CLEAN
TXN_002355,ACC_0329,ACC_0054,16818.01,2025-06-27 05:04:02.000000,0,CLEAN
TXN_000199,ACC_0478,ACC_0315,27519.41,2025-06-27 05:43:48.000000,0,CLEAN
TXN_005884,ACC_0357,ACC_0108,70205.3,2025-06-27 06:06:37.000000,0,CLEAN
TXN_004539,ACC_0497,ACC_0476,64521.4,2025-06-27 06:40:24.000000,0,CLEAN
TXN_004291,ACC_0210,ACC_0063,19934.01,2025-06-27 07:23:48.000000,0,CLEAN
TXN_002204,ACC_0291,ACC_0407,52783.97,2025-06-27 07:50:25.000000,0,CLEAN
TXN_002508,ACC_0484,ACC_0076,184247.75,2025-06-27 10:24:20.000000,0,CLEAN
TXN_004756,ACC_0495,ACC_0406,19560.77,2025-06-27 11:41:07.000000,0,CLEAN
TXN_000829,ACC_0466,ACC_0372,89312.17,2025-06-27 12:21:33.000000,0,CLEAN
TXN_000169,ACC_0429,ACC_0163,186700.36,2025-06-27 13:05:20.000000,0,CLEAN
TXN_001723,ACC_0425,ACC_0306,27671.65,2025-06-27 13:45:27.000000,0,CLEAN
TXN_000139,ACC_0412,ACC_0237,5205.04,2025-06-27 15:00:10.000000,0,CLEAN
TXN_001619,ACC_0182,ACC_0441,27267.71,2025-06-27 17:28:42.000000,0,CLEAN
TXN_002072,ACC_0344,ACC_0245,23167.02,2025-06-27 21:37:45.000000,0,CLEAN
TXN_005469,ACC_0392,ACC_0301,14937.63,2025-06-27 22:27:45.000000,0,CLEAN
TXN_004786,ACC_0390,ACC_0321,5852.68,2025-06-27 23:58:12.000000,0,CLEAN
TXN_040147,ACC_0481,ACC_0147,1727847.94,2025-06-28 00:00:00.000000,1,DORMANT_REACTIVATION
TXN_040126,ACC_0243,ACC_0410,816067.66,2025-06-28 00:00:00.000000,1,DORMANT_REACTIVATION
TXN_040124,ACC_0110,ACC_0287,1698304.19,2025-06-28 00:00:00.000000,1,DORMANT_REACTIVATION
TXN_040183,ACC_0304,ACC_0098,2898046.07,2025-06-28 00:00:00.000000,1,DORMANT_REACTIVATION
TXN_003944,ACC_0329,ACC_0365,1987.97,2025-06-28 00:59:01.000000,0,CLEAN
TXN_000187,ACC_0250,ACC_0094,20697.51,2025-06-28 01:03:39.000000,0,CLEAN
TXN_005887,ACC_0124,ACC_0391,4301.23,2025-06-28 01:17:43.000000,0,CLEAN
TXN_003530,ACC_0490,ACC_0038,132367.21,2025-06-28 01:30:26.000000,0,CLEAN
TXN_000090,ACC_0229,ACC_0446,40430.89,2025-06-28 02:03:57.000000,0,CLEAN
TXN_000698,ACC_0417,ACC_0405,50811.16,2025-06-28 02:44:20.000000,0,CLEAN
TXN_003141,ACC_0282,ACC_0039,27615.89,2025-06-28 02:56:14.000000,0,CLEAN
TXN_005243,ACC_0241,ACC_0480,4029.87,2025-06-28 03:21:12.000000,0,CLEAN
TXN_004667,ACC_0374,ACC_0055,28971.82,2025-06-28 03:40:30.000000,0,CLEAN
TXN_006164,ACC_0375,ACC_0426,12332.78,2025-06-28 03:42:19.000000,0,CLEAN
TXN_005493,ACC_0086,ACC_0148,79077.96,2025-06-28 04:45:34.000000,0,CLEAN
TXN_001805,ACC_0204,ACC_0292,3854985.62,2025-06-28 05:38:21.000000,0,CLEAN
TXN_001350,ACC_0198,ACC_0241,13775.67,2025-06-28 05:43:59.000000,0,CLEAN
TXN_002962,ACC_0491,ACC_0201,45937.66,2025-06-28 05:50:54.000000,0,CLEAN
TXN_005508,ACC_0232,ACC_0151,200807.45,2025-06-28 06:10:03.000000,0,CLEAN
TXN_000878,ACC_0233,ACC_0025,14640.94,2025-06-28 06:20:05.000000,0,CLEAN
TXN_002310,ACC_0221,ACC_0313,30480.77,2025-06-28 06:23:09.000000,0,CLEAN
TXN_000208,ACC_0091,ACC_0054,1598.96,2025-06-28 06:25:03.000000,0,CLEAN
TXN_003157,ACC_0174,ACC_0495,1588.08,2025-06-28 06:42:42.000000,0,CLEAN
TXN_004228,ACC_0136,ACC_0027,395934.87,2025-06-28 08:14:53.000000,0,CLEAN
TXN_002205,ACC_0347,ACC_0155,174143.11,2025-06-28 08:31:40.000000,0,CLEAN
TXN_000382,ACC_0409,ACC_0152,17428.13,2025-06-28 09:22:16.000000,0,CLEAN
TXN_005959,ACC_0316,ACC_0124,43750.73,2025-06-28 09:48:08.000000,0,CLEAN
TXN_000719,ACC_0367,ACC_0090,906842.16,2025-06-28 09:49:43.000000,0,CLEAN
TXN_003760,ACC_0330,ACC_0452,162177.73,2025-06-28 10:21:54.000000,0,CLEAN
TXN_001796,ACC_0421,ACC_0141,68022.74,2025-06-28 11:22:21.000000,0,CLEAN
TXN_003550,ACC_0065,ACC_0031,12003.03,2025-06-28 11:23:24.000000,0,CLEAN
TXN_004568,ACC_0424,ACC_0132,35212.6,2025-06-28 11:33:01.000000,0,CLEAN
TXN_000227,ACC_0458,ACC_0270,61167.58,2025-06-28 11:33:35.000000,0,CLEAN
TXN_000014,ACC_0090,ACC_0479,15288.3,2025-06-28 13:48:31.000000,0,CLEAN
TXN_002152,ACC_0416,ACC_0410,78134.59,2025-06-28 14:03:41.000000,0,CLEAN
TXN_004493,ACC_0472,ACC_0474,84978.84,2025-06-28 14:55:18.000000,0,CLEAN
TXN_006325,ACC_0119,ACC_0480,14820.72,2025-06-28 14:56:36.000000,0,CLEAN
TXN_002022,ACC_0152,ACC_0170,63020.95,2025-06-28 17:18:12.000000,0,CLEAN
TXN_001064,ACC_0066,ACC_0248,109673.81,2025-06-28 17:21:55.000000,0,CLEAN
TXN_003085,ACC_0092,ACC_0214,5217.32,2025-06-28 17:26:11.000000,0,CLEAN
TXN_002609,ACC_0154,ACC_0062,2197.94,2025-06-28 17:31:59.000000,0,CLEAN
TXN_004793,ACC_0362,ACC_0278,9160.74,2025-06-28 18:16:50.000000,0,CLEAN
TXN_005036,ACC_0045,ACC_0100,7454.26,2025-06-28 18:31:37.000000,0,CLEAN
TXN_006548,ACC_0050,ACC_0150,5392.03,2025-06-28 18:37:54.000000,0,CLEAN
TXN_005462,ACC_0037,ACC_0379,38266.57,2025-06-28 18:53:00.000000,0,CLEAN
TXN_006020,ACC_0120,ACC_0193,21542.09,2025-06-28 20:59:33.000000,0,CLEAN
TXN_001154,ACC_0351,ACC_0176,60338.51,2025-06-28 21:03:53.000000,0,CLEAN
TXN_006063,ACC_0479,ACC_0364,330174.84,2025-06-28 21:58:06.000000,0,CLEAN
TXN_003489,ACC_0143,ACC_0349,11362.54,2025-06-28 22:01:44.000000,0,CLEAN
TXN_004520,ACC_0483,ACC_0334,33294.2,2025-06-28 22:59:24.000000,0,CLEAN
TXN_003448,ACC_0030,ACC_0478,23861.23,2025-06-28 23:56:57.000000,0,CLEAN
TXN_040024,ACC_0101,ACC_0459,1509124.46,2025-06-29 00:00:00.000000,1,DORMANT_REACTIVATION
TXN_040284,ACC_0355,ACC_0292,1342131.23,2025-06-29 00:00:00.000000,1,DORMANT_REACTIVATION
TXN_040022,ACC_0098,ACC_0416,2282034.7,2025-06-29 00:00:00.000000,1,DORMANT_REACTIVATION
TXN_040072,ACC_0253,ACC_0388,2894197.41,2025-06-29 00:00:00.000000,1,DORMANT_REACTIVATION
TXN_040003,ACC_0373,ACC_0008,2969155.99,2025-06-29 00:00:00.000000,1,DORMANT_REACTIVATION
TXN_040252,ACC_0304,ACC_0146,1935218.74,2025-06-29 00:00:00.000000,1,DORMANT_REACTIVATION
TXN_040211,ACC_0175,ACC_0429,1992991.66,2025-06-29 00:00:00.000000,1,DORMANT_REACTIVATION
TXN_005833,ACC_0133,ACC_0016,23556.03,2025-06-29 00:27:20.000000,0,CLEAN
TXN_005673,ACC_0150,ACC_0369,5010.34,2025-06-29 00:41:33.000000,0,CLEAN
TXN_003469,ACC_0068,ACC_0331,251693.33,2025-06-29 02:01:58.000000,0,CLEAN
TXN_002071,ACC_0426,ACC_0173,4134.46,2025-06-29 02:08:06.000000,0,CLEAN
TXN_005194,ACC_0498,ACC_0215,472854.6,2025-06-29 02:34:58.000000,0,CLEAN
TXN_002340,ACC_0327,ACC_0232,56581.46,2025-06-29 04:04:19.000000,0,CLEAN
TXN_005332,ACC_0457,ACC_0172,6941.15,2025-06-29 04:05:15.000000,0,CLEAN
TXN_002149,ACC_0040,ACC_0499,140563.66,2025-06-29 04:29:06.000000,0,CLEAN
TXN_003065,ACC_0284,ACC_0437,39241.55,2025-06-29 04:48:20.000000,0,CLEAN
TXN_002265,ACC_0018,ACC_0356,124307.8,2025-06-29 04:51:37.000000,0,CLEAN
TXN_000667,ACC_0025,ACC_0087,84614.73,2025-06-29 10:45:57.000000,0,CLEAN
TXN_000231,ACC_0138,ACC_0023,8370.27,2025-06-29 10:53:39.000000,0,CLEAN
TXN_002223,ACC_0196,ACC_0432,335204.18,2025-06-29 12:23:54.000000,0,CLEAN
TXN_004925,ACC_0357,ACC_0087,97133.17,2025-06-29 14:09:09.000000,0,CLEAN
TXN_002468,ACC_0379,ACC_0026,2366.33,2025-06-29 14:09:58.000000,0,CLEAN
TXN_004002,ACC_0427,ACC_0455,3376.58,2025-06-29 14:59:07.000000,0,CLEAN
TXN_000232,ACC_0038,ACC_0351,66995.39,2025-06-29 17:32:16.000000,0,CLEAN
TXN_001457,ACC_0074,ACC_0242,4019318.02,2025-06-29 18:49:43.000000,0,CLEAN
TXN_004116,ACC_0430,ACC_0086,202610.64,2025-06-29 19:24:16.000000,0,CLEAN
TXN_000627,ACC_0435,ACC_0161,11714.54,2025-06-29 19:40:05.000000,0,CLEAN
TXN_002437,ACC_0003,ACC_0092,25736.8,2025-06-29 20:06:39.000000,0,CLEAN
TXN_004733,ACC_0171,ACC_0058,24700.59,2025-06-29 21:05:54.000000,0,CLEAN
TXN_003932,ACC_0333,ACC_0197,51022.72,2025-06-29 21:53:25.000000,0,CLEAN
TXN_003679,ACC_0402,ACC_0141,21713.33,2025-06-29 22:17:47.000000,0,CLEAN
TXN_003245,ACC_0361,ACC_0025,27660.07,2025-06-29 22:25:06.000000,0,CLEAN
TXN_040272,ACC_0387,ACC_0332,1109904.49,2025-06-30 00:00:00.000000,1,DORMANT_REACTIVATION
TXN_040067,ACC_0485,ACC_0196,1047182.22,2025-06-30 00:00:00.000000,1,DORMANT_REACTIVATION
TXN_040265,ACC_0465,ACC_0206,1909787.84,2025-06-30 00:00:00.000000,1,DORMANT_REACTIVATION
TXN_040030,ACC_0101,ACC_0136,897017.37,2025-06-30 00:00:00.000000,1,DORMANT_REACTIVATION
TXN_040027,ACC_0072,ACC_0070,671868.88,2025-06-30 00:00:00.000000,1,DORMANT_REACTIVATION
